<?xml version="1.0" encoding="UTF-8"?><record_update sys_domain="global" table="m2m_app_config_theme">
    <m2m_app_config_theme action="INSERT_OR_UPDATE">
        <applicability display_value="Public">92d3d37117ce3010dc3c1ecb6fef40e1</applicability>
        <order>0</order>
        <sys_class_name>m2m_app_config_theme</sys_class_name>
        <sys_created_by>system</sys_created_by>
        <sys_created_on>2021-08-19 11:32:29</sys_created_on>
        <sys_domain>global</sys_domain>
        <sys_domain_path>/</sys_domain_path>
        <sys_id>5ed3d37191ce3010439de94b80d6abfe</sys_id>
        <sys_mod_count>0</sys_mod_count>
        <sys_name/>
        <sys_overrides/>
        <sys_package display_value="ProActive Workflows &amp; Scheduling" source="x_661207_proacti_0">073851e22fe130103c5d9facf699b6d9</sys_package>
        <sys_policy/>
        <sys_scope display_value="ProActive Workflows &amp; Scheduling">073851e22fe130103c5d9facf699b6d9</sys_scope>
        <sys_update_name>m2m_app_config_theme_5ed3d37191ce3010439de94b80d6abfe</sys_update_name>
        <sys_updated_by>system</sys_updated_by>
        <sys_updated_on>2021-08-19 11:32:29</sys_updated_on>
        <theme display_value="Light Theme">d6d3d37164ce301079172e63b87036e0</theme>
        <ux_app_configuration display_value="Job submission Config">06d3d3712fce30103c5d9facf699b6c4</ux_app_configuration>
    </m2m_app_config_theme>
</record_update>
