<?xml version="1.0" encoding="UTF-8"?><record_update table="pa_dashboards_permissions">
    <pa_dashboards_permissions action="INSERT_OR_UPDATE">
        <dashboard display_value="ROI Dashboard">80ec01bad7300200f215a5f75e6103c7</dashboard>
        <delete>false</delete>
        <group/>
        <identity>orchestration_manager</identity>
        <read>true</read>
        <role display_value="orchestration_manager" name="orchestration_manager">07c9fce3d7000200f215a5f75e6103f9</role>
        <sys_class_name>pa_dashboards_permissions</sys_class_name>
        <sys_created_by>admin</sys_created_by>
        <sys_created_on>2021-08-17 15:40:13</sys_created_on>
        <sys_id>a46971912f4630103c5d9facf699b6bb</sys_id>
        <sys_mod_count>0</sys_mod_count>
        <sys_name>orchestration_manager</sys_name>
        <sys_package display_value="ProActive Workflows &amp; Scheduling" source="x_661207_proacti_0">073851e22fe130103c5d9facf699b6d9</sys_package>
        <sys_policy/>
        <sys_scope display_value="ProActive Workflows &amp; Scheduling">073851e22fe130103c5d9facf699b6d9</sys_scope>
        <sys_update_name>pa_dashboards_permissions_a46971912f4630103c5d9facf699b6bb</sys_update_name>
        <sys_updated_by>admin</sys_updated_by>
        <sys_updated_on>2021-08-17 15:40:13</sys_updated_on>
        <type>1</type>
        <user/>
        <write>false</write>
    </pa_dashboards_permissions>
</record_update>
