<?xml version="1.0" encoding="UTF-8"?><record_update table="pa_dashboards_permissions">
    <pa_dashboards_permissions action="INSERT_OR_UPDATE">
        <dashboard display_value="ROI Predicted Savings">3677cd36d7700200f215a5f75e6103fe</dashboard>
        <delete>true</delete>
        <group/>
        <identity>pa_admin</identity>
        <read>true</read>
        <role display_value="pa_admin" name="pa_admin">a4cc30b3bf101100b96dac808c073918</role>
        <sys_class_name>pa_dashboards_permissions</sys_class_name>
        <sys_created_by>admin</sys_created_by>
        <sys_created_on>2021-08-17 15:40:13</sys_created_on>
        <sys_id>146971912f4630103c5d9facf699b6b4</sys_id>
        <sys_mod_count>0</sys_mod_count>
        <sys_name>pa_admin</sys_name>
        <sys_package display_value="ProActive Workflows &amp; Scheduling" source="x_661207_proacti_0">073851e22fe130103c5d9facf699b6d9</sys_package>
        <sys_policy/>
        <sys_scope display_value="ProActive Workflows &amp; Scheduling">073851e22fe130103c5d9facf699b6d9</sys_scope>
        <sys_update_name>pa_dashboards_permissions_146971912f4630103c5d9facf699b6b4</sys_update_name>
        <sys_updated_by>admin</sys_updated_by>
        <sys_updated_on>2021-08-17 15:40:13</sys_updated_on>
        <type>1</type>
        <user/>
        <write>true</write>
    </pa_dashboards_permissions>
</record_update>
