<?xml version="1.0" encoding="UTF-8"?><record_update table="sp_column">
    <sp_column action="INSERT_OR_UPDATE">
        <class_name/>
        <order>1</order>
        <size>12</size>
        <size_lg/>
        <size_sm/>
        <size_xs/>
        <sp_row display_value="1">ce843bde2f1630103c5d9facf699b6d1</sp_row>
        <sys_class_name>sp_column</sys_class_name>
        <sys_created_by>admin</sys_created_by>
        <sys_created_on>2021-09-02 13:27:54</sys_created_on>
        <sys_id>8e843bde2f1630103c5d9facf699b6d3</sys_id>
        <sys_mod_count>0</sys_mod_count>
        <sys_name>1</sys_name>
        <sys_package display_value="ProActive Workflows &amp; Scheduling" source="x_661207_proacti_0">073851e22fe130103c5d9facf699b6d9</sys_package>
        <sys_policy/>
        <sys_scope display_value="ProActive Workflows &amp; Scheduling">073851e22fe130103c5d9facf699b6d9</sys_scope>
        <sys_update_name>sp_column_8e843bde2f1630103c5d9facf699b6d3</sys_update_name>
        <sys_updated_by>admin</sys_updated_by>
        <sys_updated_on>2021-09-02 13:27:54</sys_updated_on>
    </sp_column>
</record_update>
