<?xml version="1.0" encoding="UTF-8"?><record_update table="sp_container">
    <sp_container action="INSERT_OR_UPDATE">
        <background_color/>
        <background_image/>
        <background_style>default</background_style>
        <bootstrap_alt>false</bootstrap_alt>
        <class_name/>
        <container_class_name/>
        <name>Configuration - Container 2</name>
        <order>2</order>
        <sp_page display_value="configuration">6353b79e2f1630103c5d9facf699b6e9</sp_page>
        <subheader>false</subheader>
        <sys_class_name>sp_container</sys_class_name>
        <sys_created_by>admin</sys_created_by>
        <sys_created_on>2021-09-02 13:39:16</sys_created_on>
        <sys_id>ac27bf522f5630103c5d9facf699b678</sys_id>
        <sys_mod_count>0</sys_mod_count>
        <sys_name>Configuration - Container 2</sys_name>
        <sys_package display_value="ProActive Workflows &amp; Scheduling" source="x_661207_proacti_0">073851e22fe130103c5d9facf699b6d9</sys_package>
        <sys_policy/>
        <sys_scope display_value="ProActive Workflows &amp; Scheduling">073851e22fe130103c5d9facf699b6d9</sys_scope>
        <sys_update_name>sp_container_ac27bf522f5630103c5d9facf699b678</sys_update_name>
        <sys_updated_by>admin</sys_updated_by>
        <sys_updated_on>2021-09-02 13:39:16</sys_updated_on>
        <title/>
        <width>container</width>
    </sp_container>
</record_update>
