<?xml version="1.0" encoding="UTF-8"?><record_update table="sp_page">
    <sp_page action="INSERT_OR_UPDATE">
        <category>custom</category>
        <css/>
        <draft>false</draft>
        <dynamic_title_structure/>
        <id>configuration</id>
        <internal>false</internal>
        <omit_watcher>false</omit_watcher>
        <public>false</public>
        <roles/>
        <seo_script/>
        <short_description>Configure ProActive application</short_description>
        <sys_class_name>sp_page</sys_class_name>
        <sys_created_by>admin</sys_created_by>
        <sys_created_on>2021-09-02 13:22:49</sys_created_on>
        <sys_id>6353b79e2f1630103c5d9facf699b6e9</sys_id>
        <sys_mod_count>1</sys_mod_count>
        <sys_name>configuration</sys_name>
        <sys_package display_value="ProActive Workflows &amp; Scheduling" source="x_661207_proacti_0">073851e22fe130103c5d9facf699b6d9</sys_package>
        <sys_policy/>
        <sys_scope display_value="ProActive Workflows &amp; Scheduling">073851e22fe130103c5d9facf699b6d9</sys_scope>
        <sys_update_name>sp_page_6353b79e2f1630103c5d9facf699b6e9</sys_update_name>
        <sys_updated_by>admin</sys_updated_by>
        <sys_updated_on>2021-09-02 13:26:37</sys_updated_on>
        <title>Configuration</title>
        <use_seo_script>false</use_seo_script>
    </sp_page>
    <sys_translated_text action="delete_multiple" query="documentkey=6353b79e2f1630103c5d9facf699b6e9"/>
</record_update>
