<?xml version="1.0" encoding="UTF-8"?><record_update table="sys_declarative_action_payload_mapping">
    <sys_declarative_action_payload_mapping action="INSERT_OR_UPDATE">
        <action_payload_definition display_value="Reject">1ad3d37133ce3010c0e7804137155de2</action_payload_definition>
        <label>Reject Evam</label>
        <model display_value="Evam">035d270073151010c342d5fdbdf6a715</model>
        <payload_map>table={{table}}^sysId={{sys_id}}^EQ</payload_map>
        <sys_class_name>sys_declarative_action_payload_mapping</sys_class_name>
        <sys_created_by>system</sys_created_by>
        <sys_created_on>2021-08-19 11:32:31</sys_created_on>
        <sys_id>5ed3d371b8ce30102668d218237c8ff3</sys_id>
        <sys_mod_count>0</sys_mod_count>
        <sys_name>Reject Evam</sys_name>
        <sys_package display_value="ProActive Workflows &amp; Scheduling" source="x_661207_proacti_0">073851e22fe130103c5d9facf699b6d9</sys_package>
        <sys_policy/>
        <sys_scope display_value="ProActive Workflows &amp; Scheduling">073851e22fe130103c5d9facf699b6d9</sys_scope>
        <sys_update_name>sys_declarative_action_payload_mapping_5ed3d371b8ce30102668d218237c8ff3</sys_update_name>
        <sys_updated_by>system</sys_updated_by>
        <sys_updated_on>2021-08-19 11:32:31</sys_updated_on>
    </sys_declarative_action_payload_mapping>
</record_update>
