<?xml version="1.0" encoding="UTF-8"?><record_update table="sys_uib_template">
    <sys_uib_template action="INSERT_OR_UPDATE">
        <associated_types>f198e5625311101017caddeeff7b120d,d5d732935301101017caddeeff7b12b3</associated_types>
        <image display_value="ui-builder-templates-right-sidebar.svg">89ff424877311010d99bbc3f6810614e</image>
        <label>Portal Main Content with Right Rail</label>
        <macroponent display_value="Fixed Width Two-One">dad3d37109ce3010ce29a1158b22edfe</macroponent>
        <order>0</order>
        <sys_class_name>sys_uib_template</sys_class_name>
        <sys_created_by>system</sys_created_by>
        <sys_created_on>2021-08-19 11:32:28</sys_created_on>
        <sys_id>9ad3d371e6ce30104dce8aa62a2509fe</sys_id>
        <sys_mod_count>0</sys_mod_count>
        <sys_name>Portal Main Content with Right Rail</sys_name>
        <sys_package display_value="ProActive Workflows &amp; Scheduling" source="x_661207_proacti_0">073851e22fe130103c5d9facf699b6d9</sys_package>
        <sys_policy/>
        <sys_scope display_value="ProActive Workflows &amp; Scheduling">073851e22fe130103c5d9facf699b6d9</sys_scope>
        <sys_update_name>sys_uib_template_9ad3d371e6ce30104dce8aa62a2509fe</sys_update_name>
        <sys_updated_by>system</sys_updated_by>
        <sys_updated_on>2021-08-19 11:32:28</sys_updated_on>
    </sys_uib_template>
</record_update>
