<?xml version="1.0" encoding="UTF-8"?><record_update>
    <sys_documentation element="" label="Submitted job" language="en" table="x_661207_proacti_0_proactive_workflows">
        <sys_documentation action="INSERT_OR_UPDATE">
            <element/>
            <help/>
            <hint/>
            <label>Submitted job</label>
            <language>en</language>
            <name>x_661207_proacti_0_proactive_workflows</name>
            <plural>Submitted jobs</plural>
            <sys_class_name>sys_documentation</sys_class_name>
            <sys_created_by>admin</sys_created_by>
            <sys_created_on>2021-07-30 12:21:13</sys_created_on>
            <sys_id>8e3fd8a72fa170103c5d9facf699b62d</sys_id>
            <sys_mod_count>2</sys_mod_count>
            <sys_name>Submitted job</sys_name>
            <sys_package display_value="ProActive Workflows &amp; Scheduling" source="x_661207_proacti_0">073851e22fe130103c5d9facf699b6d9</sys_package>
            <sys_policy/>
            <sys_scope display_value="ProActive Workflows &amp; Scheduling">073851e22fe130103c5d9facf699b6d9</sys_scope>
            <sys_update_name>sys_documentation_x_661207_proacti_0_proactive_workflows__en</sys_update_name>
            <sys_updated_by>admin</sys_updated_by>
            <sys_updated_on>2021-08-27 17:01:43</sys_updated_on>
            <url/>
            <url_target/>
        </sys_documentation>
    </sys_documentation>
</record_update>
