<?xml version="1.0" encoding="UTF-8"?><record_update table="sys_ux_client_script">
    <sys_ux_client_script action="INSERT_OR_UPDATE">
        <includes/>
        <macroponent display_value="Article page">12d3d37107ce3010f7cb43877c5a8ae4</macroponent>
        <name>Toggle Comment Reaction</name>
        <required_translations>[ ]</required_translations>
        <script><![CDATA[function handler({ api, event, imports }) {
  var likeCommentPayload = {
    operation: {
      dataElementId: "like_knowledge_comment",
      operationName: "EXECUTE"
    },
    operationPayload: {
      commentId: event.payload.commentId,
      articleId: api.context.props.sysId
    }
  }

  var unlikeCommentPayload = {
    operation: {
      dataElementId: "unlike_knowledge_comment",
      operationName: "EXECUTE"
    },
    operationPayload: {
      commentId: event.payload.commentId,
      articleId: api.context.props.sysId
    }
  }

  if (event.payload.reaction) {
    api.emit("UXF_DB_OP_TRIGGER_REQUESTED", likeCommentPayload);
  } else {
    api.emit("UXF_DB_OP_TRIGGER_REQUESTED", unlikeCommentPayload);
  }
}
]]></script>
        <script_api_version>1.0.0</script_api_version>
        <sys_class_name>sys_ux_client_script</sys_class_name>
        <sys_created_by>system</sys_created_by>
        <sys_created_on>2021-08-19 11:32:30</sys_created_on>
        <sys_id>92d3d3715bce3010d68f62a76e80e3e6</sys_id>
        <sys_mod_count>0</sys_mod_count>
        <sys_name>Toggle Comment Reaction</sys_name>
        <sys_package display_value="ProActive Workflows &amp; Scheduling" source="x_661207_proacti_0">073851e22fe130103c5d9facf699b6d9</sys_package>
        <sys_policy/>
        <sys_scope display_value="ProActive Workflows &amp; Scheduling">073851e22fe130103c5d9facf699b6d9</sys_scope>
        <sys_update_name>sys_ux_client_script_92d3d3715bce3010d68f62a76e80e3e6</sys_update_name>
        <sys_updated_by>system</sys_updated_by>
        <sys_updated_on>2021-08-19 11:32:30</sys_updated_on>
    </sys_ux_client_script>
</record_update>
