<?xml version="1.0" encoding="UTF-8"?><record_update table="sys_ui_view">
    <sys_ui_view action="INSERT_OR_UPDATE">
        <group/>
        <hidden>false</hidden>
        <name>Myhomepage</name>
        <roles/>
        <sys_class_name>sys_ui_view</sys_class_name>
        <sys_created_by>admin</sys_created_by>
        <sys_created_on>2021-08-02 17:22:02</sys_created_on>
        <sys_id>61d005642f3130103c5d9facf699b67e</sys_id>
        <sys_mod_count>0</sys_mod_count>
        <sys_name>Myhomepage</sys_name>
        <sys_package display_value="ProActive Workflows &amp; Scheduling" source="x_661207_proacti_0">073851e22fe130103c5d9facf699b6d9</sys_package>
        <sys_policy/>
        <sys_scope display_value="ProActive Workflows &amp; Scheduling">073851e22fe130103c5d9facf699b6d9</sys_scope>
        <sys_update_name>sys_ui_view_61d005642f3130103c5d9facf699b67e</sys_update_name>
        <sys_updated_by>admin</sys_updated_by>
        <sys_updated_on>2021-08-02 17:22:02</sys_updated_on>
        <title>Myhomepage</title>
        <user/>
    </sys_ui_view>
</record_update>
