<?xml version="1.0" encoding="UTF-8"?><record_update table="sys_ux_composite_datasource">
    <sys_ux_composite_datasource action="INSERT_OR_UPDATE">
        <active>true</active>
        <condition table="incident">active=true^caller_idDYNAMIC90d1921e5f510100a9ad2572f2b477fe^EQ<item endquery="false" field="active" goto="false" newquery="false" operator="=" or="false" value="true"/>
            <item endquery="false" field="caller_id" goto="false" newquery="false" operator="DYNAMIC" or="false" value="90d1921e5f510100a9ad2572f2b477fe"/>
            <item endquery="true" field="" goto="false" newquery="false" operator="=" or="false" value=""/>
        </condition>
        <encoded_query_script/>
        <name>My Request - Incident datasource</name>
        <sort_by>sys_created_on</sort_by>
        <sys_class_name>sys_ux_composite_datasource</sys_class_name>
        <sys_created_by>system</sys_created_by>
        <sys_created_on>2021-08-19 11:32:33</sys_created_on>
        <sys_id>12d3d371face30105af62144588f53f4</sys_id>
        <sys_mod_count>0</sys_mod_count>
        <sys_name>My Request - Incident datasource</sys_name>
        <sys_package display_value="ProActive Workflows &amp; Scheduling" source="x_661207_proacti_0">073851e22fe130103c5d9facf699b6d9</sys_package>
        <sys_policy/>
        <sys_scope display_value="ProActive Workflows &amp; Scheduling">073851e22fe130103c5d9facf699b6d9</sys_scope>
        <sys_update_name>sys_ux_composite_datasource_12d3d371face30105af62144588f53f4</sys_update_name>
        <sys_updated_by>system</sys_updated_by>
        <sys_updated_on>2021-08-19 11:32:33</sys_updated_on>
        <table>incident</table>
    </sys_ux_composite_datasource>
</record_update>
