<?xml version="1.0" encoding="UTF-8"?><record_update table="sys_rest_message">
    <sys_rest_message action="INSERT_OR_UPDATE">
        <access>public</access>
        <authentication_type>no_authentication</authentication_type>
        <basic_auth_password/>
        <basic_auth_profile display_value="Alex F">be1f9de62fe130103c5d9facf699b61f</basic_auth_profile>
        <basic_auth_user/>
        <description>Login and retrieve sessionid from a ProActive instance</description>
        <name>ProActive Scheduler</name>
        <oauth2_profile/>
        <protocol_name/>
        <rest_endpoint>https://trydev.activeeon.com/rest/scheduler/</rest_endpoint>
        <sys_class_name>sys_rest_message</sys_class_name>
        <sys_created_by>admin</sys_created_by>
        <sys_created_on>2021-07-27 14:07:22</sys_created_on>
        <sys_id>a03a19262fe130103c5d9facf699b627</sys_id>
        <sys_mod_count>8</sys_mod_count>
        <sys_name>ProActive Scheduler</sys_name>
        <sys_package display_value="ProActive Workflows &amp; Scheduling" source="x_661207_proacti_0">073851e22fe130103c5d9facf699b6d9</sys_package>
        <sys_policy/>
        <sys_scope display_value="ProActive Workflows &amp; Scheduling">073851e22fe130103c5d9facf699b6d9</sys_scope>
        <sys_update_name>sys_rest_message_a03a19262fe130103c5d9facf699b627</sys_update_name>
        <sys_updated_by>admin</sys_updated_by>
        <sys_updated_on>2021-08-23 12:30:23</sys_updated_on>
        <use_basic_auth>false</use_basic_auth>
        <use_mutual_auth>false</use_mutual_auth>
    </sys_rest_message>
</record_update>
