<?xml version="1.0" encoding="UTF-8"?><record_update table="sys_ux_data_broker_transform">
    <sys_ux_data_broker_transform action="INSERT_OR_UPDATE">
        <acl_failure_result/>
        <api_name>x_661207_proacti_0.Content set - Related items list</api_name>
        <description>Used to convert the evam data to required content set format in the related items section of the catalog page of custom portal</description>
        <mutates_server_data>false</mutates_server_data>
        <name>Content set - Related items list</name>
        <output_schema/>
        <private>false</private>
        <props>[&#13;
  {&#13;
    "name": "evambroker",&#13;
    "label": "broker",&#13;
    "fieldType": "json",&#13;
    "valueType": "object",&#13;
    "readOnly": false,&#13;
    "mandatory": true,&#13;
    "description": "Graphql Query Output"&#13;
  }&#13;
]</props>
        <required_translations/>
        <schema_version>1.0.0</schema_version>
        <script><![CDATA[function transform(input) {
	for(var i = 0; i < input.evambroker.items.length; i++){
		var model = input.evambroker.items[i].propValues;
		if(model.model["related_sc_cat_item.recurring_frequency"] != null)
			model.subtitle = model.subtitle + " with " + model.model["related_sc_cat_item.recurring_price"] + " " + model.model["related_sc_cat_item.recurring_frequency"];
	}
	return input;
}]]></script>
        <sys_class_name>sys_ux_data_broker_transform</sys_class_name>
        <sys_created_by>system</sys_created_by>
        <sys_created_on>2021-08-19 11:32:29</sys_created_on>
        <sys_id>0ad3d3712fce30103c5d9facf699b6c4</sys_id>
        <sys_mod_count>0</sys_mod_count>
        <sys_name>Content set - Related items list</sys_name>
        <sys_package display_value="ProActive Workflows &amp; Scheduling" source="x_661207_proacti_0">073851e22fe130103c5d9facf699b6d9</sys_package>
        <sys_policy/>
        <sys_scope display_value="ProActive Workflows &amp; Scheduling">073851e22fe130103c5d9facf699b6d9</sys_scope>
        <sys_update_name>sys_ux_data_broker_transform_0ad3d3712fce30103c5d9facf699b6c4</sys_update_name>
        <sys_updated_by>system</sys_updated_by>
        <sys_updated_on>2021-08-19 11:32:29</sys_updated_on>
    </sys_ux_data_broker_transform>
    <sys_translated_text action="delete_multiple" query="documentkey=0ad3d3712fce30103c5d9facf699b6c4"/>
</record_update>
