<?xml version="1.0" encoding="UTF-8"?><record_update table="sys_uib_template">
    <sys_uib_template action="INSERT_OR_UPDATE">
        <associated_types>f198e5625311101017caddeeff7b120d,dcc732935301101017caddeeff7b1255</associated_types>
        <image display_value="ui-builder-templates-one-region.svg">a560964877311010d99bbc3f681061ce</image>
        <label>Portal Page with Background</label>
        <macroponent display_value="Portal Page">9ed3d37107ce30107585e5e26ae87ffe</macroponent>
        <order>0</order>
        <sys_class_name>sys_uib_template</sys_class_name>
        <sys_created_by>system</sys_created_by>
        <sys_created_on>2021-08-19 11:32:31</sys_created_on>
        <sys_id>1ed3d371dcce30104be55e7e7da7d2fe</sys_id>
        <sys_mod_count>0</sys_mod_count>
        <sys_name>Portal Page with Background</sys_name>
        <sys_package display_value="ProActive Workflows &amp; Scheduling" source="x_661207_proacti_0">073851e22fe130103c5d9facf699b6d9</sys_package>
        <sys_policy/>
        <sys_scope display_value="ProActive Workflows &amp; Scheduling">073851e22fe130103c5d9facf699b6d9</sys_scope>
        <sys_update_name>sys_uib_template_1ed3d371dcce30104be55e7e7da7d2fe</sys_update_name>
        <sys_updated_by>system</sys_updated_by>
        <sys_updated_on>2021-08-19 11:32:31</sys_updated_on>
    </sys_uib_template>
</record_update>
