<?xml version="1.0" encoding="UTF-8"?><record_update table="sys_ux_composite_data_template_predicate">
    <sys_ux_composite_data_template_predicate action="INSERT_OR_UPDATE">
        <active>true</active>
        <condition table="sc_2_sc">active=true^EQ<item endquery="false" field="active" goto="false" newquery="false" operator="=" or="false" value="true"/>
            <item endquery="true" field="" goto="false" newquery="false" operator="=" or="false" value=""/>
        </condition>
        <custom_condition/>
        <custom_field_list/>
        <field_list>related_sc_cat_item.category.title,related_sc_cat_item.picture,related_sc_cat_item.name,related_sc_cat_item.price,related_sc_cat_item.short_description,related_sc_cat_item.recurring_price,related_sc_cat_item.recurring_frequency</field_list>
        <name>Custom portal - Related items predicate</name>
        <order/>
        <predicate_bundle display_value="Custom portal - Related items">1ed3d371aece301052fc85d14bbe92f4</predicate_bundle>
        <required_roles/>
        <sys_class_name>sys_ux_composite_data_template_predicate</sys_class_name>
        <sys_created_by>system</sys_created_by>
        <sys_created_on>2021-08-19 11:32:31</sys_created_on>
        <sys_id>9ed3d371bfce3010421f712bc38710f5</sys_id>
        <sys_mod_count>0</sys_mod_count>
        <sys_name>Custom portal - Related items predicate</sys_name>
        <sys_package display_value="ProActive Workflows &amp; Scheduling" source="x_661207_proacti_0">073851e22fe130103c5d9facf699b6d9</sys_package>
        <sys_policy/>
        <sys_scope display_value="ProActive Workflows &amp; Scheduling">073851e22fe130103c5d9facf699b6d9</sys_scope>
        <sys_update_name>sys_ux_composite_data_template_predicate_9ed3d371bfce3010421f712bc38710f5</sys_update_name>
        <sys_updated_by>system</sys_updated_by>
        <sys_updated_on>2021-08-19 11:32:31</sys_updated_on>
        <table>sc_2_sc</table>
        <ux_template display_value="Custom Portal Catalog item page - Related items template">1ad3d371a3ce3010dcb94424ab19aff5</ux_template>
    </sys_ux_composite_data_template_predicate>
</record_update>
