<?xml version="1.0" encoding="UTF-8"?><record_update table="sys_ux_data_broker_transform">
    <sys_ux_data_broker_transform action="INSERT_OR_UPDATE">
        <acl_failure_result/>
        <api_name>x_661207_proacti_0.Boolean reversal transform</api_name>
        <description>Required because the buttons prop is true to disable and false to enable, and also to fetch the Custom portal settings page text</description>
        <mutates_server_data>false</mutates_server_data>
        <name>Boolean reversal transform</name>
        <output_schema/>
        <private>false</private>
        <props>[&#13;
  {&#13;
    "name": "broker",&#13;
    "label": "GraphQL Broker",&#13;
    "fieldType": "json",&#13;
    "valueType": "object",&#13;
    "readOnly": false,&#13;
    "mandatory": true,&#13;
    "description": "Graphql Query Output"&#13;
  }&#13;
]</props>
        <required_translations>[{"message":"Graphql Query Output","comment":""},{"message":"GraphQL Broker","comment":""}]</required_translations>
        <schema_version>1.0.0</schema_version>
        <script><![CDATA[function transform(input) {
	var modelData = input.broker.data.GlideRecord_Query.sys_properties._results[0].value.value;
	var mfa = {};
	if(modelData == "false"){
		mfa.value = "true";
		mfa.text = gs.getMessage("Please enable Multi-factor authentication on the instance.");
	}
	else{
		mfa.value = "false";
		mfa.text = gs.getMessage("Configure Multi-factor authentication by clicking the button below");
	}
	return mfa;
}
]]></script>
        <sys_class_name>sys_ux_data_broker_transform</sys_class_name>
        <sys_created_by>system</sys_created_by>
        <sys_created_on>2021-08-19 11:32:29</sys_created_on>
        <sys_id>02d3d3712fce30103c5d9facf699b6c5</sys_id>
        <sys_mod_count>0</sys_mod_count>
        <sys_name>Boolean reversal transform</sys_name>
        <sys_package display_value="ProActive Workflows &amp; Scheduling" source="x_661207_proacti_0">073851e22fe130103c5d9facf699b6d9</sys_package>
        <sys_policy/>
        <sys_scope display_value="ProActive Workflows &amp; Scheduling">073851e22fe130103c5d9facf699b6d9</sys_scope>
        <sys_update_name>sys_ux_data_broker_transform_02d3d3712fce30103c5d9facf699b6c5</sys_update_name>
        <sys_updated_by>system</sys_updated_by>
        <sys_updated_on>2021-08-19 11:32:29</sys_updated_on>
    </sys_ux_data_broker_transform>
    <sys_translated_text action="delete_multiple" query="documentkey=02d3d3712fce30103c5d9facf699b6c5"/>
</record_update>
