<?xml version="1.0" encoding="UTF-8"?><record_update table="sys_rest_message_fn_parameters">
    <sys_rest_message_fn_parameters action="INSERT_OR_UPDATE">
        <name>INSTANCE_TYPE</name>
        <rest_message_function display_value="Deploy Linux VM with parameters">c4cc441f2fa530103c5d9facf699b6f5</rest_message_function>
        <sys_class_name>sys_rest_message_fn_parameters</sys_class_name>
        <sys_created_by>admin</sys_created_by>
        <sys_created_on>2021-08-03 14:01:51</sys_created_on>
        <sys_id>4a8c5d782f7130103c5d9facf699b661</sys_id>
        <sys_mod_count>0</sys_mod_count>
        <sys_name>INSTANCE_TYPE</sys_name>
        <sys_package display_value="ProActive Workflows &amp; Scheduling" source="x_661207_proacti_0">073851e22fe130103c5d9facf699b6d9</sys_package>
        <sys_policy/>
        <sys_scope display_value="ProActive Workflows &amp; Scheduling">073851e22fe130103c5d9facf699b6d9</sys_scope>
        <sys_update_name>sys_rest_message_fn_parameters_4a8c5d782f7130103c5d9facf699b661</sys_update_name>
        <sys_updated_by>admin</sys_updated_by>
        <sys_updated_on>2021-08-03 14:01:51</sys_updated_on>
        <type>string</type>
        <value>t2.small</value>
    </sys_rest_message_fn_parameters>
</record_update>
