<?xml version="1.0" encoding="UTF-8"?><record_update table="sys_script_include">
    <sys_script_include action="INSERT_OR_UPDATE">
        <access>package_private</access>
        <active>true</active>
        <api_name>x_661207_proacti_0.SchedulerClient</api_name>
        <caller_access/>
        <client_callable>true</client_callable>
        <description>Class that provides functions to interact with the Scheduler of a ProActive server using REST messages</description>
        <name>SchedulerClient</name>
        <script><![CDATA[var SchedulerClient = Class.create();
SchedulerClient.prototype = Object.extendsObject(global.AbstractAjaxProcessor, {
	initialize: function() {},

    restartInErrorTasks: function(jobId) {
		if (!jobId) {
			gs.info('Could not restart in error tasks from ProActive job. jobId '+ jobId +' is undefined ');
			return;
		}
		this._executeOutboundRestMsg('Restart all in error tasks', {'jobId':jobId});
    },
	
	submitJobFromUrl: function(bucket, workflow, workflowVariables) {
		var requestVariables = {
			'bucket': bucket,
			'workflow': workflow,
			'variables': workflowVariables
		};
		return this._executeOutboundRestMsg('Submit job to Scheduler from url', requestVariables);
	},
	
	submitJobFromFile: function(workflowName, variables) {
		var workflowSysId = new global.GlideQuery('x_661207_proacti_0_workflow')
			.where('name', workflowName)
			.selectOne('sys_id');
	
		if (workflowSysId.isPresent()) {
			var attachment = new GlideSysAttachment();
			var attachmentContent;
			var agr = attachment.getAttachments('ZZ_YYx_661207_proacti_0_workflow', workflowSysId.get().sys_id);
			if (agr.next()) {
				attachmentContent = attachment.getContent(agr);
				gs.info('Attachment content: ' + attachmentContent);
				var requestVariables = {
					'workflow': attachmentContent,
					'variables': variables
				};
				return this._executeOutboundRestMsg('Submit job from file', requestVariables);
			} else {
				gs.info("Not attachment foud to workflow "+ workflowName +" with sysid "+ workflowSysId);
				return;
			}
		} else {
			gs.info("There is no workflow named: "+ workflowName);
			return;
		}
	},
	
	getJobInfo: function(jobId) {
		return this._executeOutboundRestMsg('Get job info', {'jobId':jobId});
	},
	
	isFaultyJob: function(jobId) {
		var jobInfo = this._executeOutboundRestMsg('Get job info', {'jobId':jobId});
		var jobStatus = jobInfo.status;
		var numberOfFailedTasks = jobStatus.numberOfFailedTasks;
		var numberOfFaultyTasks = jobStatus.numberOfFaultyTasks;
		var numberOfInErrorTasks = jobStatus.numberOfInErrorTasks;
			
		
		var isFaultyJob = (jobStatus == 'FINISHED' || jobStatus == 'CANCELED' || jobStatus == "FAILED") && 
			((numberOfFailedTasks + numberOfFailedTasks + numberOfFailedTasks) > 0);
		
		return isFaultyJob;
	},
	
	_getSessionId: function() {
		try {
			var restMsg = new sn_ws.RESTMessageV2('x_661207_proacti_0.ProActive Scheduler', 'Login');
			restMsg.setStringParameterNoEscape('username', gs.getProperty('x_661207_proacti_0.proactive_username'));
			restMsg.setStringParameterNoEscape('password', gs.getProperty('x_661207_proacti_0.proactive_password'));

			//override authentication profile 
			//authentication type ='basic'/ 'oauth2'
			//r.setAuthenticationProfile(authentication type, profile name);

			//set a MID server name if one wants to run the message on MID
			//r.setMIDServer('MY_MID_SERVER');

			//if the message is configured to communicate through ECC queue, either
			//by setting a MID server or calling executeAsync, one needs to set skip_sensor
			//to true. Otherwise, one may get an intermittent error that the response body is null
			//r.setEccParameter('skip_sensor', true);

			var response = restMsg.execute();
			var responseBody = response.getBody();
			var httpStatus = response.getStatusCode();

			if (httpStatus != 200) {
				gs.info('Could not login to ProActive. Return code: ' + httpStatus + '.\nError message: ' + responseBody.errorMessage, 'source');
				return;
			}
			gs.info("Get sessionId response body : "+ responseBody);
			return responseBody;
		} catch (ex) {
			gs.info('Exception occured trying to login to ProActive with message: ' + ex.message);
		}
    },
	
	/*
		Executes an Outbound REST Message defined by the name outboundRestMessageName with parameters as variables 
	*/
	_executeOutboundRestMsg: function(outboundRestMessageName, parameters) {
		try { 
			var restMsg = new sn_ws.RESTMessageV2('x_661207_proacti_0.ProActive Scheduler', outboundRestMessageName);
			restMsg.setStringParameterNoEscape('PA_SERVER', gs.getProperty('x_661207_proacti_0.proactive_server_url'));
			restMsg.setStringParameterNoEscape('sessionid', this._getSessionId());
			
			if (parameters) {
				if (typeof params == "string") {
					parameters = JSON.parse(parameters);
				}
				gs.info("JSON PARAMS: "+ JSON.stringify(parameters));
				for (var key in parameters) {
					restMsg.setStringParameterNoEscape(key, parameters[key]);
				}
			}
			
			//override authentication profile 
			//authentication type ='basic'/ 'oauth2'
			//r.setAuthenticationProfile(authentication type, profile name);

			//set a MID server name if one wants to run the message on MID
			//r.setMIDServer('MY_MID_SERVER');

			//if the message is configured to communicate through ECC queue, either
			//by setting a MID server or calling executeAsync, one needs to set skip_sensor
			//to true. Otherwise, one may get an intermittent error that the response body is null
			//r.setEccParameter('skip_sensor', true);
			
			gs.info("========== Executing REST request ==========");
			var response = restMsg.execute();
			var responseBody = response.getBody();
			var httpStatus = response.getStatusCode();
			
			gs.info("responseBody: "+ responseBody);
			gs.info("httpStatus: "+ httpStatus);
			gs.info("Response query string: "+ response.getQueryString());
			return responseBody;
		}
		catch(ex) {
			gs.info('Exception occured trying to submit job to ProActive with message: ' + ex.message);
		}
	},

    type: 'SchedulerClient'
});]]></script>
        <sys_class_name>sys_script_include</sys_class_name>
        <sys_created_by>admin</sys_created_by>
        <sys_created_on>2021-08-19 16:34:21</sys_created_on>
        <sys_id>fe2508062f4270103c5d9facf699b647</sys_id>
        <sys_mod_count>58</sys_mod_count>
        <sys_name>SchedulerClient</sys_name>
        <sys_package display_value="ProActive Workflows &amp; Scheduling" source="x_661207_proacti_0">073851e22fe130103c5d9facf699b6d9</sys_package>
        <sys_policy>read</sys_policy>
        <sys_scope display_value="ProActive Workflows &amp; Scheduling">073851e22fe130103c5d9facf699b6d9</sys_scope>
        <sys_update_name>sys_script_include_fe2508062f4270103c5d9facf699b647</sys_update_name>
        <sys_updated_by>admin</sys_updated_by>
        <sys_updated_on>2021-09-07 14:41:43</sys_updated_on>
    </sys_script_include>
</record_update>
