<?xml version="1.0" encoding="UTF-8"?><record_update>
    <sys_ui_list parent="" relationship="" sys_domain="global" table="x_661207_proacti_0_workflow" version="2" view="">
        <sys_ui_list_element action="INSERT_OR_UPDATE">
            <average_value>false</average_value>
            <element>name</element>
            <list_id display_value="x_661207_proacti_0_workflow" element="NULL" name="x_661207_proacti_0_workflow" parent="NULL" relationship="NULL" sys_domain="global" view="Default view">aa94dc212fd230103c5d9facf699b6de</list_id>
            <max_value>false</max_value>
            <min_value>false</min_value>
            <position>0</position>
            <sum>false</sum>
            <sys_created_by>admin</sys_created_by>
            <sys_created_on>2021-08-30 13:14:05</sys_created_on>
            <sys_id>2694dc212fd230103c5d9facf699b6e0</sys_id>
            <sys_mod_count>0</sys_mod_count>
            <sys_updated_by>admin</sys_updated_by>
            <sys_updated_on>2021-08-30 13:14:05</sys_updated_on>
        </sys_ui_list_element>
        <sys_ui_list_element action="INSERT_OR_UPDATE">
            <average_value>false</average_value>
            <element>file</element>
            <list_id display_value="x_661207_proacti_0_workflow" element="NULL" name="x_661207_proacti_0_workflow" parent="NULL" relationship="NULL" sys_domain="global" view="Default view">aa94dc212fd230103c5d9facf699b6de</list_id>
            <max_value>false</max_value>
            <min_value>false</min_value>
            <position>1</position>
            <sum>false</sum>
            <sys_created_by>admin</sys_created_by>
            <sys_created_on>2021-08-30 13:14:05</sys_created_on>
            <sys_id>2e94dc212fd230103c5d9facf699b6e0</sys_id>
            <sys_mod_count>0</sys_mod_count>
            <sys_updated_by>admin</sys_updated_by>
            <sys_updated_on>2021-08-30 13:14:05</sys_updated_on>
        </sys_ui_list_element>
        <sys_ui_list action="INSERT_OR_UPDATE">
            <average_value>false</average_value>
            <element/>
            <max_value>false</max_value>
            <min_value>false</min_value>
            <name>x_661207_proacti_0_workflow</name>
            <parent/>
            <position/>
            <relationship/>
            <sum>false</sum>
            <sys_class_name>sys_ui_list</sys_class_name>
            <sys_created_by>admin</sys_created_by>
            <sys_created_on>2021-08-30 13:14:05</sys_created_on>
            <sys_domain>global</sys_domain>
            <sys_domain_path>/</sys_domain_path>
            <sys_id>aa94dc212fd230103c5d9facf699b6de</sys_id>
            <sys_mod_count>0</sys_mod_count>
            <sys_name>x_661207_proacti_0_workflow</sys_name>
            <sys_package display_value="ProActive Workflows &amp; Scheduling" source="x_661207_proacti_0">073851e22fe130103c5d9facf699b6d9</sys_package>
            <sys_policy/>
            <sys_scope display_value="ProActive Workflows &amp; Scheduling">073851e22fe130103c5d9facf699b6d9</sys_scope>
            <sys_update_name>sys_ui_list_x_661207_proacti_0_workflow_null</sys_update_name>
            <sys_updated_by>admin</sys_updated_by>
            <sys_updated_on>2021-08-30 13:14:05</sys_updated_on>
            <sys_user/>
            <view display_value="Default view" name="NULL">Default view</view>
            <view_name/>
        </sys_ui_list>
    </sys_ui_list>
</record_update>
