<?xml version="1.0" encoding="UTF-8"?><record_update table="sys_ux_client_script">
    <sys_ux_client_script action="INSERT_OR_UPDATE">
        <includes/>
        <macroponent display_value="Article page">12d3d37107ce3010f7cb43877c5a8ae4</macroponent>
        <name>Show Delete Comment Alert</name>
        <required_translations>[ ]</required_translations>
        <script><![CDATA[function handler({
    api
}) {
    api.emit("NOW_UXF_PAGE#ADD_NOTIFICATIONS", {
        items: [{
            id: "deleteCommentAlert",
            status: "info",
            icon: "info-circle-outline",
            content: "Comment deleted.",
            action: {
                type: "dismiss"
            }
        }],
    });
}]]></script>
        <script_api_version>2.0.0</script_api_version>
        <sys_class_name>sys_ux_client_script</sys_class_name>
        <sys_created_by>system</sys_created_by>
        <sys_created_on>2021-08-19 11:32:33</sys_created_on>
        <sys_id>56d3d37105ce3010c9c4035a1df726e5</sys_id>
        <sys_mod_count>0</sys_mod_count>
        <sys_name>Show Delete Comment Alert</sys_name>
        <sys_package display_value="ProActive Workflows &amp; Scheduling" source="x_661207_proacti_0">073851e22fe130103c5d9facf699b6d9</sys_package>
        <sys_policy/>
        <sys_scope display_value="ProActive Workflows &amp; Scheduling">073851e22fe130103c5d9facf699b6d9</sys_scope>
        <sys_update_name>sys_ux_client_script_56d3d37105ce3010c9c4035a1df726e5</sys_update_name>
        <sys_updated_by>system</sys_updated_by>
        <sys_updated_on>2021-08-19 11:32:33</sys_updated_on>
    </sys_ux_client_script>
</record_update>
