<?xml version="1.0" encoding="UTF-8"?><record_update sys_domain="global" table="sys_hub_action_type_definition">
    <sys_hub_action_type_definition action="INSERT_OR_UPDATE">
        <access>public</access>
        <acls/>
        <action_template/>
        <active>true</active>
        <annotation>Submits a workflow passed as parameters to the scheduler </annotation>
        <callable_by_client_api>false</callable_by_client_api>
        <category/>
        <copied_from/>
        <copied_from_name/>
        <description>Submits a workflow passed as parameters to the scheduler </description>
        <ih_action>false</ih_action>
        <internal_name>submit_job_using_file</internal_name>
        <label_cache>[{"name":"{{action.variable}}","label":"action➛variable","type":"action","ref":""},{"name":"{{action.workflow}}","label":"action➛workflowName","type":"action","ref":""},{"name":"{{action.variables}}","label":"action➛variables","type":"action","ref":""},{"name":"{{step[aeb22974-6187-415b-a76d-5dd30fb7fdf9].variable}}","label":"step➛Script step➛variable","type":"step","ref":""},{"name":"{{step[aeb22974-6187-415b-a76d-5dd30fb7fdf9].response}}","label":"step➛Script step➛response","type":"step","ref":""}]</label_cache>
        <latest_snapshot>305e17422f52b0103c5d9facf699b6f5</latest_snapshot>
        <master_snapshot>a45e17422f52b0103c5d9facf699b6a5</master_snapshot>
        <name>Submit job from file</name>
        <natlang/>
        <outputs/>
        <outputs/>
        <state>published</state>
        <sys_class_name>sys_hub_action_type_definition</sys_class_name>
        <sys_created_by>admin</sys_created_by>
        <sys_created_on>2021-08-27 16:11:09</sys_created_on>
        <sys_domain>global</sys_domain>
        <sys_domain_path>/</sys_domain_path>
        <sys_id>8b50a9e82f9630103c5d9facf699b68c</sys_id>
        <sys_mod_count>9</sys_mod_count>
        <sys_name>Submit job from file</sys_name>
        <sys_overrides/>
        <sys_package display_value="ProActive Workflows &amp; Scheduling" source="x_661207_proacti_0">073851e22fe130103c5d9facf699b6d9</sys_package>
        <sys_policy/>
        <sys_scope display_value="ProActive Workflows &amp; Scheduling">073851e22fe130103c5d9facf699b6d9</sys_scope>
        <sys_update_name>sys_hub_action_type_definition_8b50a9e82f9630103c5d9facf699b68c</sys_update_name>
        <sys_updated_by>admin</sys_updated_by>
        <sys_updated_on>2021-09-01 17:12:23</sys_updated_on>
        <system_level>false</system_level>
        <type/>
    </sys_hub_action_type_definition>
    <sys_translated_text action="delete_multiple" query="documentkey=8b50a9e82f9630103c5d9facf699b68c"/>
    <sys_variable_value action="delete_multiple" query="document_key=8b50a9e82f9630103c5d9facf699b68c"/>
    <sys_element_mapping action="delete_multiple" query="id=8b50a9e82f9630103c5d9facf699b68c"/>
    <sys_element_mapping action="INSERT_OR_UPDATE">
        <field>response</field>
        <id>8b50a9e82f9630103c5d9facf699b68c</id>
        <sys_created_by>admin</sys_created_by>
        <sys_created_on>2021-09-01 17:12:18</sys_created_on>
        <sys_id>a34e17422f52b0103c5d9facf699b607</sys_id>
        <sys_mod_count>0</sys_mod_count>
        <sys_updated_by>admin</sys_updated_by>
        <sys_updated_on>2021-09-01 17:12:18</sys_updated_on>
        <table>var__m_sys_hub_action_output_8b50a9e82f9630103c5d9facf699b68c</table>
        <value>{{step[aeb22974-6187-415b-a76d-5dd30fb7fdf9].response}}</value>
    </sys_element_mapping>
    <sys_hub_step_instance action="delete_multiple" query="action=8b50a9e82f9630103c5d9facf699b68c^sys_idNOT IN574ed3422f52b0103c5d9facf699b6e2"/>
    <sys_hub_step_instance action="INSERT_OR_UPDATE">
        <action display_value="Submit job from file">8b50a9e82f9630103c5d9facf699b68c</action>
        <cid>aeb22974-6187-415b-a76d-5dd30fb7fdf9</cid>
        <extended_inputs/>
        <extended_inputs/>
        <extended_outputs/>
        <icon/>
        <inputs/>
        <label>Script step</label>
        <order>1</order>
        <outputs/>
        <section/>
        <step_type display_value="Script">106afb6647032200b4fad7527c9a71e7</step_type>
        <sys_created_by>admin</sys_created_by>
        <sys_created_on>2021-09-01 17:12:17</sys_created_on>
        <sys_id>574ed3422f52b0103c5d9facf699b6e2</sys_id>
        <sys_mod_count>2</sys_mod_count>
        <sys_scope display_value="ProActive Workflows &amp; Scheduling">073851e22fe130103c5d9facf699b6d9</sys_scope>
        <sys_updated_by>admin</sys_updated_by>
        <sys_updated_on>2021-09-01 17:12:21</sys_updated_on>
    </sys_hub_step_instance>
    <sys_variable_value action="delete_multiple" query="document_key=574ed3422f52b0103c5d9facf699b6e2"/>
    <sys_variable_value action="INSERT_OR_UPDATE">
        <document>sys_hub_step_instance</document>
        <document_key>574ed3422f52b0103c5d9facf699b6e2</document_key>
        <order>400</order>
        <sys_class_name>sys_variable_value</sys_class_name>
        <sys_created_by>admin</sys_created_by>
        <sys_created_on>2021-09-01 17:12:21</sys_created_on>
        <sys_id>145e17422f52b0103c5d9facf699b688</sys_id>
        <sys_mod_count>0</sys_mod_count>
        <sys_updated_by>admin</sys_updated_by>
        <sys_updated_on>2021-09-01 17:12:21</sys_updated_on>
        <value/>
        <variable display_value="MID Application">f5e56d79b3101300176b051a16a8dce4</variable>
    </sys_variable_value>
    <sys_variable_value action="INSERT_OR_UPDATE">
        <document>sys_hub_step_instance</document>
        <document_key>574ed3422f52b0103c5d9facf699b6e2</document_key>
        <order>350</order>
        <sys_class_name>sys_variable_value</sys_class_name>
        <sys_created_by>admin</sys_created_by>
        <sys_created_on>2021-09-01 17:12:21</sys_created_on>
        <sys_id>505e17422f52b0103c5d9facf699b688</sys_id>
        <sys_mod_count>0</sys_mod_count>
        <sys_updated_by>admin</sys_updated_by>
        <sys_updated_on>2021-09-01 17:12:21</sys_updated_on>
        <value/>
        <variable display_value="MID Selection">cbd1070373531010791f94596bf6a776</variable>
    </sys_variable_value>
    <sys_variable_value action="INSERT_OR_UPDATE">
        <document>sys_hub_step_instance</document>
        <document_key>574ed3422f52b0103c5d9facf699b6e2</document_key>
        <order>600</order>
        <sys_class_name>sys_variable_value</sys_class_name>
        <sys_created_by>admin</sys_created_by>
        <sys_created_on>2021-09-01 17:12:18</sys_created_on>
        <sys_id>af4ed3422f52b0103c5d9facf699b6fb</sys_id>
        <sys_mod_count>0</sys_mod_count>
        <sys_updated_by>admin</sys_updated_by>
        <sys_updated_on>2021-09-01 17:12:18</sys_updated_on>
        <value>(function execute(inputs, outputs) {
  var schedulerClient = new SchedulerClient();
  outputs.response = schedulerClient.submitJobFromFile(inputs.workflowName, inputs.variables);
})(inputs, outputs);
</value>
        <variable display_value="Script">71aa7f6647032200b4fad7527c9a719b</variable>
    </sys_variable_value>
    <sys_variable_value action="INSERT_OR_UPDATE">
        <document>sys_hub_step_instance</document>
        <document_key>574ed3422f52b0103c5d9facf699b6e2</document_key>
        <order>200</order>
        <sys_class_name>sys_variable_value</sys_class_name>
        <sys_created_by>admin</sys_created_by>
        <sys_created_on>2021-09-01 17:12:21</sys_created_on>
        <sys_id>d45e17422f52b0103c5d9facf699b688</sys_id>
        <sys_mod_count>0</sys_mod_count>
        <sys_updated_by>admin</sys_updated_by>
        <sys_updated_on>2021-09-01 17:12:21</sys_updated_on>
        <value/>
        <variable display_value="Select MID Server">2c226939b3101300176b051a16a8dc83</variable>
    </sys_variable_value>
    <sys_element_mapping action="delete_multiple" query="id=574ed3422f52b0103c5d9facf699b6e2"/>
    <sys_element_mapping action="INSERT_OR_UPDATE">
        <field>application</field>
        <id>574ed3422f52b0103c5d9facf699b6e2</id>
        <sys_created_by>admin</sys_created_by>
        <sys_created_on>2021-09-01 17:12:21</sys_created_on>
        <sys_id>1c5e17422f52b0103c5d9facf699b687</sys_id>
        <sys_mod_count>0</sys_mod_count>
        <sys_updated_by>admin</sys_updated_by>
        <sys_updated_on>2021-09-01 17:12:21</sys_updated_on>
        <table>var__m_sys_flow_step_definition_input_106afb6647032200b4fad7527c9a71e7</table>
        <value/>
    </sys_element_mapping>
    <sys_element_mapping action="INSERT_OR_UPDATE">
        <field>mid_selection</field>
        <id>574ed3422f52b0103c5d9facf699b6e2</id>
        <sys_created_by>admin</sys_created_by>
        <sys_created_on>2021-09-01 17:12:21</sys_created_on>
        <sys_id>585e17422f52b0103c5d9facf699b687</sys_id>
        <sys_mod_count>0</sys_mod_count>
        <sys_updated_by>admin</sys_updated_by>
        <sys_updated_on>2021-09-01 17:12:21</sys_updated_on>
        <table>var__m_sys_flow_step_definition_input_106afb6647032200b4fad7527c9a71e7</table>
        <value/>
    </sys_element_mapping>
    <sys_element_mapping action="INSERT_OR_UPDATE">
        <field>mid_selection_type</field>
        <id>574ed3422f52b0103c5d9facf699b6e2</id>
        <sys_created_by>admin</sys_created_by>
        <sys_created_on>2021-09-01 17:12:21</sys_created_on>
        <sys_id>dc5e17422f52b0103c5d9facf699b687</sys_id>
        <sys_mod_count>0</sys_mod_count>
        <sys_updated_by>admin</sys_updated_by>
        <sys_updated_on>2021-09-01 17:12:21</sys_updated_on>
        <table>var__m_sys_flow_step_definition_input_106afb6647032200b4fad7527c9a71e7</table>
        <value/>
    </sys_element_mapping>
    <sys_element_mapping action="INSERT_OR_UPDATE">
        <field>script</field>
        <id>574ed3422f52b0103c5d9facf699b6e2</id>
        <sys_created_by>admin</sys_created_by>
        <sys_created_on>2021-09-01 17:12:18</sys_created_on>
        <sys_id>2f4ed3422f52b0103c5d9facf699b6fb</sys_id>
        <sys_mod_count>0</sys_mod_count>
        <sys_updated_by>admin</sys_updated_by>
        <sys_updated_on>2021-09-01 17:12:18</sys_updated_on>
        <table>var__m_sys_flow_step_definition_input_106afb6647032200b4fad7527c9a71e7</table>
        <value/>
    </sys_element_mapping>
    <sys_element_mapping action="INSERT_OR_UPDATE">
        <field>variables</field>
        <id>574ed3422f52b0103c5d9facf699b6e2</id>
        <sys_created_by>admin</sys_created_by>
        <sys_created_on>2021-09-01 17:12:18</sys_created_on>
        <sys_id>2b4ed3422f52b0103c5d9facf699b6fc</sys_id>
        <sys_mod_count>0</sys_mod_count>
        <sys_updated_by>admin</sys_updated_by>
        <sys_updated_on>2021-09-01 17:12:18</sys_updated_on>
        <table>var__m_sys_hub_step_ext_input_574ed3422f52b0103c5d9facf699b6e2</table>
        <value>{{action.variables}}</value>
    </sys_element_mapping>
    <sys_element_mapping action="INSERT_OR_UPDATE">
        <field>workflowName</field>
        <id>574ed3422f52b0103c5d9facf699b6e2</id>
        <sys_created_by>admin</sys_created_by>
        <sys_created_on>2021-09-01 17:12:18</sys_created_on>
        <sys_id>eb4ed3422f52b0103c5d9facf699b6fc</sys_id>
        <sys_mod_count>0</sys_mod_count>
        <sys_updated_by>admin</sys_updated_by>
        <sys_updated_on>2021-09-01 17:12:18</sys_updated_on>
        <table>var__m_sys_hub_step_ext_input_574ed3422f52b0103c5d9facf699b6e2</table>
        <value>{{action.workflow}}</value>
    </sys_element_mapping>
    <sys_hub_step_ext_input action="delete_multiple" query="model=574ed3422f52b0103c5d9facf699b6e2^sys_idNOT IN534ed3422f52b0103c5d9facf699b6e9,5f4ed3422f52b0103c5d9facf699b6ed"/>
    <sys_hub_step_ext_input action="INSERT_OR_UPDATE">
        <active>true</active>
        <array>false</array>
        <array_denormalized>false</array_denormalized>
        <attributes>element_mapping_provider=com.glide.flow_design.action.data.FlowDesignVariableMapper,uiType=string,uiTypeLabel=String</attributes>
        <audit>false</audit>
        <calculation><![CDATA[(function calculatedFieldValue(current) {

	// Add your code here
	return '';  // return the calculated value

})(current);]]></calculation>
        <choice/>
        <choice_field/>
        <choice_table/>
        <column_label/>
        <comments/>
        <create_roles/>
        <default_value/>
        <defaultsort/>
        <delete_roles/>
        <dependent/>
        <dependent_on_field/>
        <display>false</display>
        <dynamic_creation>false</dynamic_creation>
        <dynamic_creation_script/>
        <dynamic_default_value/>
        <dynamic_ref_qual/>
        <element>workflowName</element>
        <element_reference>false</element_reference>
        <foreign_database/>
        <function_definition/>
        <function_field>false</function_field>
        <help/>
        <hint/>
        <internal_type display_value="String">string</internal_type>
        <label/>
        <mandatory>true</mandatory>
        <max_length>8000</max_length>
        <model display_value="Script step">574ed3422f52b0103c5d9facf699b6e2</model>
        <model_id>574ed3422f52b0103c5d9facf699b6e2</model_id>
        <model_table>sys_hub_step_instance</model_table>
        <name>var__m_sys_hub_step_ext_input_574ed3422f52b0103c5d9facf699b6e2</name>
        <next_element/>
        <order>0</order>
        <primary>false</primary>
        <read_only>false</read_only>
        <read_roles/>
        <reference/>
        <reference_cascade_rule/>
        <reference_floats>false</reference_floats>
        <reference_key/>
        <reference_qual/>
        <reference_qual_condition/>
        <reference_type/>
        <sizeclass/>
        <spell_check>false</spell_check>
        <staged>false</staged>
        <sys_class_name>sys_hub_step_ext_input</sys_class_name>
        <sys_created_by>admin</sys_created_by>
        <sys_created_on>2021-09-01 17:12:17</sys_created_on>
        <sys_id>534ed3422f52b0103c5d9facf699b6e9</sys_id>
        <sys_mod_count>0</sys_mod_count>
        <sys_name/>
        <sys_package/>
        <sys_policy/>
        <sys_scope display_value="ProActive Workflows &amp; Scheduling">073851e22fe130103c5d9facf699b6d9</sys_scope>
        <sys_update_name/>
        <sys_updated_by>admin</sys_updated_by>
        <sys_updated_on>2021-09-01 17:12:17</sys_updated_on>
        <table_reference>false</table_reference>
        <text_index>false</text_index>
        <unique>false</unique>
        <use_dependent_field>false</use_dependent_field>
        <use_dynamic_default>false</use_dynamic_default>
        <use_reference_qualifier>simple</use_reference_qualifier>
        <virtual>false</virtual>
        <widget/>
        <write_roles/>
        <xml_view>false</xml_view>
    </sys_hub_step_ext_input>
    <sys_hub_step_ext_input action="INSERT_OR_UPDATE">
        <active>true</active>
        <array>false</array>
        <array_denormalized>false</array_denormalized>
        <attributes>element_mapping_provider=com.glide.flow_design.action.data.FlowDesignVariableMapper,uiType=string,uiTypeLabel=String</attributes>
        <audit>false</audit>
        <calculation><![CDATA[(function calculatedFieldValue(current) {

	// Add your code here
	return '';  // return the calculated value

})(current);]]></calculation>
        <choice/>
        <choice_field/>
        <choice_table/>
        <column_label/>
        <comments/>
        <create_roles/>
        <default_value/>
        <defaultsort/>
        <delete_roles/>
        <dependent/>
        <dependent_on_field/>
        <display>false</display>
        <dynamic_creation>false</dynamic_creation>
        <dynamic_creation_script/>
        <dynamic_default_value/>
        <dynamic_ref_qual/>
        <element>variables</element>
        <element_reference>false</element_reference>
        <foreign_database/>
        <function_definition/>
        <function_field>false</function_field>
        <help/>
        <hint/>
        <internal_type display_value="String">string</internal_type>
        <label/>
        <mandatory>true</mandatory>
        <max_length>8000</max_length>
        <model display_value="Script step">574ed3422f52b0103c5d9facf699b6e2</model>
        <model_id>574ed3422f52b0103c5d9facf699b6e2</model_id>
        <model_table>sys_hub_step_instance</model_table>
        <name>var__m_sys_hub_step_ext_input_574ed3422f52b0103c5d9facf699b6e2</name>
        <next_element/>
        <order>100</order>
        <primary>false</primary>
        <read_only>false</read_only>
        <read_roles/>
        <reference/>
        <reference_cascade_rule/>
        <reference_floats>false</reference_floats>
        <reference_key/>
        <reference_qual/>
        <reference_qual_condition/>
        <reference_type/>
        <sizeclass/>
        <spell_check>false</spell_check>
        <staged>false</staged>
        <sys_class_name>sys_hub_step_ext_input</sys_class_name>
        <sys_created_by>admin</sys_created_by>
        <sys_created_on>2021-09-01 17:12:17</sys_created_on>
        <sys_id>5f4ed3422f52b0103c5d9facf699b6ed</sys_id>
        <sys_mod_count>0</sys_mod_count>
        <sys_name/>
        <sys_package/>
        <sys_policy/>
        <sys_scope display_value="ProActive Workflows &amp; Scheduling">073851e22fe130103c5d9facf699b6d9</sys_scope>
        <sys_update_name/>
        <sys_updated_by>admin</sys_updated_by>
        <sys_updated_on>2021-09-01 17:12:17</sys_updated_on>
        <table_reference>false</table_reference>
        <text_index>false</text_index>
        <unique>false</unique>
        <use_dependent_field>false</use_dependent_field>
        <use_dynamic_default>false</use_dynamic_default>
        <use_reference_qualifier>simple</use_reference_qualifier>
        <virtual>false</virtual>
        <widget/>
        <write_roles/>
        <xml_view>false</xml_view>
    </sys_hub_step_ext_input>
    <sys_hub_step_ext_output action="delete_multiple" query="model=574ed3422f52b0103c5d9facf699b6e2^sys_idNOT INdb4ed3422f52b0103c5d9facf699b6f2"/>
    <sys_hub_step_ext_output action="INSERT_OR_UPDATE">
        <active>true</active>
        <array>false</array>
        <array_denormalized>false</array_denormalized>
        <attributes>element_mapping_provider=com.glide.flow_design.action.data.FlowDesignVariableMapper,uiType=string,uiTypeLabel=String,uiUniqueId=95eccd76-c908-4eaf-ad1b-dfe446b719f9</attributes>
        <audit>false</audit>
        <calculation><![CDATA[(function calculatedFieldValue(current) {

	// Add your code here
	return '';  // return the calculated value

})(current);]]></calculation>
        <choice/>
        <choice_field/>
        <choice_table/>
        <column_label/>
        <comments/>
        <create_roles/>
        <default_value/>
        <defaultsort/>
        <delete_roles/>
        <dependent/>
        <dependent_on_field/>
        <display>false</display>
        <dynamic_creation>false</dynamic_creation>
        <dynamic_creation_script/>
        <dynamic_default_value/>
        <dynamic_ref_qual/>
        <element>response</element>
        <element_reference>false</element_reference>
        <foreign_database/>
        <function_definition/>
        <function_field>false</function_field>
        <help/>
        <hint/>
        <internal_type display_value="String">string</internal_type>
        <label>response</label>
        <mandatory>false</mandatory>
        <max_length>8000</max_length>
        <model display_value="Script step">574ed3422f52b0103c5d9facf699b6e2</model>
        <model_id>574ed3422f52b0103c5d9facf699b6e2</model_id>
        <model_table>sys_hub_step_instance</model_table>
        <name>var__m_sys_hub_step_ext_output_574ed3422f52b0103c5d9facf699b6e2</name>
        <next_element/>
        <order>1</order>
        <primary>false</primary>
        <read_only>false</read_only>
        <read_roles/>
        <reference/>
        <reference_cascade_rule/>
        <reference_floats>false</reference_floats>
        <reference_key/>
        <reference_qual/>
        <reference_qual_condition/>
        <reference_type/>
        <sizeclass/>
        <spell_check>false</spell_check>
        <staged>false</staged>
        <sys_class_name>sys_hub_step_ext_output</sys_class_name>
        <sys_created_by>admin</sys_created_by>
        <sys_created_on>2021-09-01 17:12:17</sys_created_on>
        <sys_id>db4ed3422f52b0103c5d9facf699b6f2</sys_id>
        <sys_mod_count>0</sys_mod_count>
        <sys_name/>
        <sys_package/>
        <sys_policy/>
        <sys_scope display_value="ProActive Workflows &amp; Scheduling">073851e22fe130103c5d9facf699b6d9</sys_scope>
        <sys_update_name/>
        <sys_updated_by>admin</sys_updated_by>
        <sys_updated_on>2021-09-01 17:12:17</sys_updated_on>
        <table_reference>false</table_reference>
        <text_index>false</text_index>
        <unique>false</unique>
        <use_dependent_field>false</use_dependent_field>
        <use_dynamic_default>false</use_dynamic_default>
        <use_reference_qualifier>simple</use_reference_qualifier>
        <virtual>false</virtual>
        <widget/>
        <write_roles/>
        <xml_view>false</xml_view>
    </sys_hub_step_ext_output>
    <sys_hub_action_input action="delete_multiple" query="model=8b50a9e82f9630103c5d9facf699b68c^sys_idNOT IN1b4ed3422f52b0103c5d9facf699b6d9,f901a12c2f9630103c5d9facf699b632"/>
    <sys_hub_action_input action="INSERT_OR_UPDATE">
        <active>true</active>
        <array>false</array>
        <array_denormalized>false</array_denormalized>
        <attributes>element_mapping_provider=com.glide.flow_design.action.data.FlowDesignVariableMapper,uiType=string,uiTypeLabel=String,uiUniqueId=21730990-ba90-4115-9504-af899bdc5f6d</attributes>
        <audit>false</audit>
        <calculation><![CDATA[(function calculatedFieldValue(current) {

	// Add your code here
	return '';  // return the calculated value

})(current);]]></calculation>
        <choice/>
        <choice_field/>
        <choice_table/>
        <column_label/>
        <comments/>
        <create_roles/>
        <default_value/>
        <defaultsort/>
        <delete_roles/>
        <dependent/>
        <dependent_on_field/>
        <display>false</display>
        <dynamic_creation>false</dynamic_creation>
        <dynamic_creation_script/>
        <dynamic_default_value/>
        <dynamic_ref_qual/>
        <element>workflow</element>
        <element_reference>false</element_reference>
        <foreign_database/>
        <function_definition/>
        <function_field>false</function_field>
        <help/>
        <hint/>
        <internal_type display_value="String">string</internal_type>
        <label>workflowName</label>
        <mandatory>true</mandatory>
        <max_length>8000</max_length>
        <model display_value="Submit job from file">8b50a9e82f9630103c5d9facf699b68c</model>
        <model_id>8b50a9e82f9630103c5d9facf699b68c</model_id>
        <model_table>sys_hub_action_type_definition</model_table>
        <name>var__m_sys_hub_action_input_8b50a9e82f9630103c5d9facf699b68c</name>
        <next_element/>
        <order>1</order>
        <primary>false</primary>
        <read_only>false</read_only>
        <read_roles/>
        <reference/>
        <reference_cascade_rule/>
        <reference_floats>false</reference_floats>
        <reference_key/>
        <reference_qual/>
        <reference_qual_condition/>
        <reference_type/>
        <sizeclass/>
        <spell_check>false</spell_check>
        <staged>false</staged>
        <sys_class_name>sys_hub_action_input</sys_class_name>
        <sys_created_by>admin</sys_created_by>
        <sys_created_on>2021-09-01 17:12:17</sys_created_on>
        <sys_id>1b4ed3422f52b0103c5d9facf699b6d9</sys_id>
        <sys_mod_count>0</sys_mod_count>
        <sys_name/>
        <sys_package/>
        <sys_policy/>
        <sys_scope display_value="ProActive Workflows &amp; Scheduling">073851e22fe130103c5d9facf699b6d9</sys_scope>
        <sys_update_name/>
        <sys_updated_by>admin</sys_updated_by>
        <sys_updated_on>2021-09-01 17:12:17</sys_updated_on>
        <table_reference>false</table_reference>
        <text_index>false</text_index>
        <unique>false</unique>
        <use_dependent_field>false</use_dependent_field>
        <use_dynamic_default>false</use_dynamic_default>
        <use_reference_qualifier>simple</use_reference_qualifier>
        <virtual>false</virtual>
        <widget/>
        <write_roles/>
        <xml_view>false</xml_view>
    </sys_hub_action_input>
    <sys_hub_action_input action="INSERT_OR_UPDATE">
        <active>true</active>
        <array>false</array>
        <array_denormalized>false</array_denormalized>
        <attributes>element_mapping_provider=com.glide.flow_design.action.data.FlowDesignVariableMapper,uiType=string,uiTypeLabel=String,uiUniqueId=53654ff8-929e-4d2c-bca0-4e81c747587e</attributes>
        <audit>false</audit>
        <calculation><![CDATA[(function calculatedFieldValue(current) {

	// Add your code here
	return '';  // return the calculated value

})(current);]]></calculation>
        <choice/>
        <choice_field/>
        <choice_table/>
        <column_label/>
        <comments/>
        <create_roles/>
        <default_value/>
        <defaultsort/>
        <delete_roles/>
        <dependent/>
        <dependent_on_field/>
        <display>false</display>
        <dynamic_creation>false</dynamic_creation>
        <dynamic_creation_script/>
        <dynamic_default_value/>
        <dynamic_ref_qual/>
        <element>variables</element>
        <element_reference>false</element_reference>
        <foreign_database/>
        <function_definition/>
        <function_field>false</function_field>
        <help/>
        <hint/>
        <internal_type display_value="String">string</internal_type>
        <label>variables</label>
        <mandatory>false</mandatory>
        <max_length>8000</max_length>
        <model display_value="Submit job from file">8b50a9e82f9630103c5d9facf699b68c</model>
        <model_id>8b50a9e82f9630103c5d9facf699b68c</model_id>
        <model_table>sys_hub_action_type_definition</model_table>
        <name>var__m_sys_hub_action_input_8b50a9e82f9630103c5d9facf699b68c</name>
        <next_element/>
        <order>2</order>
        <primary>false</primary>
        <read_only>false</read_only>
        <read_roles/>
        <reference/>
        <reference_cascade_rule/>
        <reference_floats>false</reference_floats>
        <reference_key/>
        <reference_qual/>
        <reference_qual_condition/>
        <reference_type/>
        <sizeclass/>
        <spell_check>false</spell_check>
        <staged>false</staged>
        <sys_class_name>sys_hub_action_input</sys_class_name>
        <sys_created_by>admin</sys_created_by>
        <sys_created_on>2021-08-27 16:14:04</sys_created_on>
        <sys_id>f901a12c2f9630103c5d9facf699b632</sys_id>
        <sys_mod_count>0</sys_mod_count>
        <sys_name/>
        <sys_package/>
        <sys_policy/>
        <sys_scope display_value="ProActive Workflows &amp; Scheduling">073851e22fe130103c5d9facf699b6d9</sys_scope>
        <sys_update_name/>
        <sys_updated_by>admin</sys_updated_by>
        <sys_updated_on>2021-08-27 16:14:04</sys_updated_on>
        <table_reference>false</table_reference>
        <text_index>false</text_index>
        <unique>false</unique>
        <use_dependent_field>false</use_dependent_field>
        <use_dynamic_default>false</use_dynamic_default>
        <use_reference_qualifier>simple</use_reference_qualifier>
        <virtual>false</virtual>
        <widget/>
        <write_roles/>
        <xml_view>false</xml_view>
    </sys_hub_action_input>
    <sys_hub_action_output action="delete_multiple" query="model=8b50a9e82f9630103c5d9facf699b68c^sys_idNOT INe34ed3422f52b0103c5d9facf699b6ff"/>
    <sys_hub_action_output action="INSERT_OR_UPDATE">
        <active>true</active>
        <array>false</array>
        <array_denormalized>false</array_denormalized>
        <attributes>element_mapping_provider=com.glide.flow_design.action.data.FlowDesignVariableMapper,pwd2droppable=true,uiType=string,uiTypeLabel=String,uiUniqueId=dff4bdc0-31e7-45dc-8571-2ccc38b6fd50</attributes>
        <audit>false</audit>
        <calculation><![CDATA[(function calculatedFieldValue(current) {

	// Add your code here
	return '';  // return the calculated value

})(current);]]></calculation>
        <choice/>
        <choice_field/>
        <choice_table/>
        <column_label/>
        <comments/>
        <create_roles/>
        <default_value/>
        <defaultsort/>
        <delete_roles/>
        <dependent/>
        <dependent_on_field/>
        <display>false</display>
        <dynamic_creation>false</dynamic_creation>
        <dynamic_creation_script/>
        <dynamic_default_value/>
        <dynamic_ref_qual/>
        <element>response</element>
        <element_prototype/>
        <element_reference>false</element_reference>
        <foreign_database/>
        <function_definition/>
        <function_field>false</function_field>
        <help/>
        <hint/>
        <internal_link/>
        <internal_type display_value="String">string</internal_type>
        <label>response</label>
        <mandatory>false</mandatory>
        <max_length>8000</max_length>
        <model display_value="Submit job from file">8b50a9e82f9630103c5d9facf699b68c</model>
        <model_id>8b50a9e82f9630103c5d9facf699b68c</model_id>
        <model_table>sys_hub_action_type_definition</model_table>
        <name>var__m_sys_hub_action_output_8b50a9e82f9630103c5d9facf699b68c</name>
        <next_element/>
        <order>1</order>
        <primary>false</primary>
        <read_only>false</read_only>
        <read_roles/>
        <reference/>
        <reference_cascade_rule/>
        <reference_floats>false</reference_floats>
        <reference_key/>
        <reference_qual/>
        <reference_qual_condition/>
        <reference_type/>
        <sizeclass/>
        <spell_check>false</spell_check>
        <staged>false</staged>
        <sys_class_name>sys_hub_action_output</sys_class_name>
        <sys_created_by>admin</sys_created_by>
        <sys_created_on>2021-09-01 17:12:18</sys_created_on>
        <sys_id>e34ed3422f52b0103c5d9facf699b6ff</sys_id>
        <sys_mod_count>0</sys_mod_count>
        <sys_name/>
        <sys_package/>
        <sys_policy/>
        <sys_scope display_value="ProActive Workflows &amp; Scheduling">073851e22fe130103c5d9facf699b6d9</sys_scope>
        <sys_update_name/>
        <sys_updated_by>admin</sys_updated_by>
        <sys_updated_on>2021-09-01 17:12:18</sys_updated_on>
        <table_reference>false</table_reference>
        <text_index>false</text_index>
        <unique>false</unique>
        <use_dependent_field>false</use_dependent_field>
        <use_dynamic_default>false</use_dynamic_default>
        <use_reference_qualifier>simple</use_reference_qualifier>
        <virtual>false</virtual>
        <widget/>
        <write_roles/>
        <xml_view>false</xml_view>
    </sys_hub_action_output>
    <sys_documentation action="delete_multiple" query="name=var__m_sys_hub_action_input_8b50a9e82f9630103c5d9facf699b68c^sys_idNOT IN1b4ed3422f52b0103c5d9facf699b6de,3501a12c2f9630103c5d9facf699b637"/>
    <sys_documentation action="INSERT_OR_UPDATE">
        <element>workflow</element>
        <help/>
        <hint/>
        <label>workflowName</label>
        <language>en</language>
        <name>var__m_sys_hub_action_input_8b50a9e82f9630103c5d9facf699b68c</name>
        <plural/>
        <sys_class_name>sys_documentation</sys_class_name>
        <sys_created_by>admin</sys_created_by>
        <sys_created_on>2021-09-01 17:12:17</sys_created_on>
        <sys_id>1b4ed3422f52b0103c5d9facf699b6de</sys_id>
        <sys_mod_count>0</sys_mod_count>
        <sys_name/>
        <sys_package display_value="ProActive Workflows &amp; Scheduling" source="x_661207_proacti_0">073851e22fe130103c5d9facf699b6d9</sys_package>
        <sys_policy/>
        <sys_scope display_value="ProActive Workflows &amp; Scheduling">073851e22fe130103c5d9facf699b6d9</sys_scope>
        <sys_update_name/>
        <sys_updated_by>admin</sys_updated_by>
        <sys_updated_on>2021-09-01 17:12:17</sys_updated_on>
        <url/>
        <url_target/>
    </sys_documentation>
    <sys_documentation action="INSERT_OR_UPDATE">
        <element>variables</element>
        <help/>
        <hint/>
        <label>variables</label>
        <language>en</language>
        <name>var__m_sys_hub_action_input_8b50a9e82f9630103c5d9facf699b68c</name>
        <plural/>
        <sys_class_name>sys_documentation</sys_class_name>
        <sys_created_by>admin</sys_created_by>
        <sys_created_on>2021-08-27 16:14:04</sys_created_on>
        <sys_id>3501a12c2f9630103c5d9facf699b637</sys_id>
        <sys_mod_count>0</sys_mod_count>
        <sys_name/>
        <sys_package display_value="ProActive Workflows &amp; Scheduling" source="x_661207_proacti_0">073851e22fe130103c5d9facf699b6d9</sys_package>
        <sys_policy/>
        <sys_scope display_value="ProActive Workflows &amp; Scheduling">073851e22fe130103c5d9facf699b6d9</sys_scope>
        <sys_update_name/>
        <sys_updated_by>admin</sys_updated_by>
        <sys_updated_on>2021-08-27 16:14:04</sys_updated_on>
        <url/>
        <url_target/>
    </sys_documentation>
    <sys_documentation action="delete_multiple" query="name=var__m_sys_hub_action_output_8b50a9e82f9630103c5d9facf699b68c^sys_idNOT IN274e17422f52b0103c5d9facf699b604"/>
    <sys_documentation action="INSERT_OR_UPDATE">
        <element>response</element>
        <help/>
        <hint/>
        <label>response</label>
        <language>en</language>
        <name>var__m_sys_hub_action_output_8b50a9e82f9630103c5d9facf699b68c</name>
        <plural/>
        <sys_class_name>sys_documentation</sys_class_name>
        <sys_created_by>admin</sys_created_by>
        <sys_created_on>2021-09-01 17:12:18</sys_created_on>
        <sys_id>274e17422f52b0103c5d9facf699b604</sys_id>
        <sys_mod_count>0</sys_mod_count>
        <sys_name/>
        <sys_package display_value="ProActive Workflows &amp; Scheduling" source="x_661207_proacti_0">073851e22fe130103c5d9facf699b6d9</sys_package>
        <sys_policy/>
        <sys_scope display_value="ProActive Workflows &amp; Scheduling">073851e22fe130103c5d9facf699b6d9</sys_scope>
        <sys_update_name/>
        <sys_updated_by>admin</sys_updated_by>
        <sys_updated_on>2021-09-01 17:12:18</sys_updated_on>
        <url/>
        <url_target/>
    </sys_documentation>
    <sys_hub_action_plan action="delete_multiple" query="action_id=8b50a9e82f9630103c5d9facf699b68c^sys_idNOT INc55e57422f52b0103c5d9facf699b628"/>
    <sys_hub_action_plan action="INSERT_OR_UPDATE">
        <action_id display_value="Submit job from file">8b50a9e82f9630103c5d9facf699b68c</action_id>
        <plan>{"persistor":{"@class":".ChunkingPlanPersistor","table":"sys_hub_action_plan","id":"c55e57422f52b0103c5d9facf699b628","name":"plan"}}</plan>
        <snapshot>305e17422f52b0103c5d9facf699b6f5</snapshot>
        <sys_created_by>admin</sys_created_by>
        <sys_created_on>2021-09-01 17:12:25</sys_created_on>
        <sys_domain>global</sys_domain>
        <sys_domain_path>/</sys_domain_path>
        <sys_id>c55e57422f52b0103c5d9facf699b628</sys_id>
        <sys_mod_count>0</sys_mod_count>
        <sys_overrides/>
        <sys_scope/>
        <sys_updated_by>admin</sys_updated_by>
        <sys_updated_on>2021-09-01 17:12:25</sys_updated_on>
    </sys_hub_action_plan>
    <sys_hub_action_type_snapshot action="INSERT_OR_UPDATE">
        <access>public</access>
        <acls/>
        <action_template/>
        <annotation>Submits a workflow passed as parameters to the scheduler </annotation>
        <callable_by_client_api>false</callable_by_client_api>
        <category/>
        <copied_from/>
        <copied_from_name/>
        <description>Submits a workflow passed as parameters to the scheduler </description>
        <internal_name>submit_job_from_file</internal_name>
        <label_cache>[{"name":"{{action.variable}}","label":"action➛variable","type":"action","ref":""},{"name":"{{action.workflow}}","label":"action➛workflowName","type":"action","ref":""},{"name":"{{action.variables}}","label":"action➛variables","type":"action","ref":""},{"name":"{{step[aeb22974-6187-415b-a76d-5dd30fb7fdf9].variable}}","label":"step➛Script step➛variable","type":"step","ref":""},{"name":"{{step[aeb22974-6187-415b-a76d-5dd30fb7fdf9].response}}","label":"step➛Script step➛response","type":"step","ref":""}]</label_cache>
        <master>true</master>
        <name>Submit job from file</name>
        <natlang/>
        <outputs/>
        <outputs/>
        <parent_action display_value="Submit job from file">8b50a9e82f9630103c5d9facf699b68c</parent_action>
        <sys_class_name>sys_hub_action_type_snapshot</sys_class_name>
        <sys_created_by>admin</sys_created_by>
        <sys_created_on>2021-09-01 17:12:22</sys_created_on>
        <sys_domain>global</sys_domain>
        <sys_domain_path>/</sys_domain_path>
        <sys_id>a45e17422f52b0103c5d9facf699b6a5</sys_id>
        <sys_mod_count>0</sys_mod_count>
        <sys_name/>
        <sys_overrides/>
        <sys_package/>
        <sys_policy/>
        <sys_scope display_value="ProActive Workflows &amp; Scheduling">073851e22fe130103c5d9facf699b6d9</sys_scope>
        <sys_update_name/>
        <sys_updated_by>admin</sys_updated_by>
        <sys_updated_on>2021-09-01 17:12:22</sys_updated_on>
        <system_level>false</system_level>
        <type/>
    </sys_hub_action_type_snapshot>
    <sys_translated_text action="delete_multiple" query="documentkey=a45e17422f52b0103c5d9facf699b6a5"/>
    <sys_variable_value action="delete_multiple" query="document_key=a45e17422f52b0103c5d9facf699b6a5"/>
    <sys_element_mapping action="delete_multiple" query="id=a45e17422f52b0103c5d9facf699b6a5"/>
    <sys_element_mapping action="INSERT_OR_UPDATE">
        <field>response</field>
        <id>a45e17422f52b0103c5d9facf699b6a5</id>
        <sys_created_by>admin</sys_created_by>
        <sys_created_on>2021-09-01 17:12:23</sys_created_on>
        <sys_id>bc5e17422f52b0103c5d9facf699b6f3</sys_id>
        <sys_mod_count>0</sys_mod_count>
        <sys_updated_by>admin</sys_updated_by>
        <sys_updated_on>2021-09-01 17:12:23</sys_updated_on>
        <table>var__m_sys_hub_action_output_a45e17422f52b0103c5d9facf699b6a5</table>
        <value>{{step[aeb22974-6187-415b-a76d-5dd30fb7fdf9].response}}</value>
    </sys_element_mapping>
    <sys_hub_step_instance action="delete_multiple" query="action=a45e17422f52b0103c5d9facf699b6a5^sys_idNOT INa85e17422f52b0103c5d9facf699b6b5"/>
    <sys_hub_step_instance action="INSERT_OR_UPDATE">
        <action display_value="Submit job from file">a45e17422f52b0103c5d9facf699b6a5</action>
        <cid>aeb22974-6187-415b-a76d-5dd30fb7fdf9</cid>
        <extended_inputs/>
        <extended_inputs/>
        <extended_outputs/>
        <icon/>
        <inputs/>
        <label>Script step</label>
        <order>1</order>
        <outputs/>
        <section/>
        <step_type display_value="Script">106afb6647032200b4fad7527c9a71e7</step_type>
        <sys_created_by>admin</sys_created_by>
        <sys_created_on>2021-09-01 17:12:22</sys_created_on>
        <sys_id>a85e17422f52b0103c5d9facf699b6b5</sys_id>
        <sys_mod_count>1</sys_mod_count>
        <sys_scope display_value="ProActive Workflows &amp; Scheduling">073851e22fe130103c5d9facf699b6d9</sys_scope>
        <sys_updated_by>admin</sys_updated_by>
        <sys_updated_on>2021-09-01 17:12:23</sys_updated_on>
    </sys_hub_step_instance>
    <sys_variable_value action="delete_multiple" query="document_key=a85e17422f52b0103c5d9facf699b6b5"/>
    <sys_variable_value action="INSERT_OR_UPDATE">
        <document>sys_hub_step_instance</document>
        <document_key>a85e17422f52b0103c5d9facf699b6b5</document_key>
        <order>200</order>
        <sys_class_name>sys_variable_value</sys_class_name>
        <sys_created_by>admin</sys_created_by>
        <sys_created_on>2021-09-01 17:12:23</sys_created_on>
        <sys_id>385e17422f52b0103c5d9facf699b6e8</sys_id>
        <sys_mod_count>0</sys_mod_count>
        <sys_updated_by>admin</sys_updated_by>
        <sys_updated_on>2021-09-01 17:12:23</sys_updated_on>
        <value/>
        <variable display_value="Select MID Server">2c226939b3101300176b051a16a8dc83</variable>
    </sys_variable_value>
    <sys_variable_value action="INSERT_OR_UPDATE">
        <document>sys_hub_step_instance</document>
        <document_key>a85e17422f52b0103c5d9facf699b6b5</document_key>
        <order>400</order>
        <sys_class_name>sys_variable_value</sys_class_name>
        <sys_created_by>admin</sys_created_by>
        <sys_created_on>2021-09-01 17:12:23</sys_created_on>
        <sys_id>745e17422f52b0103c5d9facf699b6e8</sys_id>
        <sys_mod_count>0</sys_mod_count>
        <sys_updated_by>admin</sys_updated_by>
        <sys_updated_on>2021-09-01 17:12:23</sys_updated_on>
        <value/>
        <variable display_value="MID Application">f5e56d79b3101300176b051a16a8dce4</variable>
    </sys_variable_value>
    <sys_variable_value action="INSERT_OR_UPDATE">
        <document>sys_hub_step_instance</document>
        <document_key>a85e17422f52b0103c5d9facf699b6b5</document_key>
        <order>350</order>
        <sys_class_name>sys_variable_value</sys_class_name>
        <sys_created_by>admin</sys_created_by>
        <sys_created_on>2021-09-01 17:12:23</sys_created_on>
        <sys_id>b05e17422f52b0103c5d9facf699b6e8</sys_id>
        <sys_mod_count>0</sys_mod_count>
        <sys_updated_by>admin</sys_updated_by>
        <sys_updated_on>2021-09-01 17:12:23</sys_updated_on>
        <value/>
        <variable display_value="MID Selection">cbd1070373531010791f94596bf6a776</variable>
    </sys_variable_value>
    <sys_variable_value action="INSERT_OR_UPDATE">
        <document>sys_hub_step_instance</document>
        <document_key>a85e17422f52b0103c5d9facf699b6b5</document_key>
        <order>600</order>
        <sys_class_name>sys_variable_value</sys_class_name>
        <sys_created_by>admin</sys_created_by>
        <sys_created_on>2021-09-01 17:12:23</sys_created_on>
        <sys_id>f85e17422f52b0103c5d9facf699b6e8</sys_id>
        <sys_mod_count>0</sys_mod_count>
        <sys_updated_by>admin</sys_updated_by>
        <sys_updated_on>2021-09-01 17:12:23</sys_updated_on>
        <value>(function execute(inputs, outputs) {
  var schedulerClient = new SchedulerClient();
  outputs.response = schedulerClient.submitJobFromFile(inputs.workflowName, inputs.variables);
})(inputs, outputs);
</value>
        <variable display_value="Script">71aa7f6647032200b4fad7527c9a719b</variable>
    </sys_variable_value>
    <sys_element_mapping action="delete_multiple" query="id=a85e17422f52b0103c5d9facf699b6b5"/>
    <sys_element_mapping action="INSERT_OR_UPDATE">
        <field>application</field>
        <id>a85e17422f52b0103c5d9facf699b6b5</id>
        <sys_created_by>admin</sys_created_by>
        <sys_created_on>2021-09-01 17:12:23</sys_created_on>
        <sys_id>b85e17422f52b0103c5d9facf699b6e7</sys_id>
        <sys_mod_count>0</sys_mod_count>
        <sys_updated_by>admin</sys_updated_by>
        <sys_updated_on>2021-09-01 17:12:23</sys_updated_on>
        <table>var__m_sys_flow_step_definition_input_106afb6647032200b4fad7527c9a71e7</table>
        <value/>
    </sys_element_mapping>
    <sys_element_mapping action="INSERT_OR_UPDATE">
        <field>mid_selection</field>
        <id>a85e17422f52b0103c5d9facf699b6b5</id>
        <sys_created_by>admin</sys_created_by>
        <sys_created_on>2021-09-01 17:12:23</sys_created_on>
        <sys_id>f45e17422f52b0103c5d9facf699b6e7</sys_id>
        <sys_mod_count>0</sys_mod_count>
        <sys_updated_by>admin</sys_updated_by>
        <sys_updated_on>2021-09-01 17:12:23</sys_updated_on>
        <table>var__m_sys_flow_step_definition_input_106afb6647032200b4fad7527c9a71e7</table>
        <value/>
    </sys_element_mapping>
    <sys_element_mapping action="INSERT_OR_UPDATE">
        <field>mid_selection_type</field>
        <id>a85e17422f52b0103c5d9facf699b6b5</id>
        <sys_created_by>admin</sys_created_by>
        <sys_created_on>2021-09-01 17:12:23</sys_created_on>
        <sys_id>7c5e17422f52b0103c5d9facf699b6e7</sys_id>
        <sys_mod_count>0</sys_mod_count>
        <sys_updated_by>admin</sys_updated_by>
        <sys_updated_on>2021-09-01 17:12:23</sys_updated_on>
        <table>var__m_sys_flow_step_definition_input_106afb6647032200b4fad7527c9a71e7</table>
        <value/>
    </sys_element_mapping>
    <sys_element_mapping action="INSERT_OR_UPDATE">
        <field>script</field>
        <id>a85e17422f52b0103c5d9facf699b6b5</id>
        <sys_created_by>admin</sys_created_by>
        <sys_created_on>2021-09-01 17:12:23</sys_created_on>
        <sys_id>305e17422f52b0103c5d9facf699b6e8</sys_id>
        <sys_mod_count>0</sys_mod_count>
        <sys_updated_by>admin</sys_updated_by>
        <sys_updated_on>2021-09-01 17:12:23</sys_updated_on>
        <table>var__m_sys_flow_step_definition_input_106afb6647032200b4fad7527c9a71e7</table>
        <value/>
    </sys_element_mapping>
    <sys_element_mapping action="INSERT_OR_UPDATE">
        <field>variables</field>
        <id>a85e17422f52b0103c5d9facf699b6b5</id>
        <sys_created_by>admin</sys_created_by>
        <sys_created_on>2021-09-01 17:12:23</sys_created_on>
        <sys_id>745e17422f52b0103c5d9facf699b6e9</sys_id>
        <sys_mod_count>0</sys_mod_count>
        <sys_updated_by>admin</sys_updated_by>
        <sys_updated_on>2021-09-01 17:12:23</sys_updated_on>
        <table>var__m_sys_hub_step_ext_input_a85e17422f52b0103c5d9facf699b6b5</table>
        <value>{{action.variables}}</value>
    </sys_element_mapping>
    <sys_element_mapping action="INSERT_OR_UPDATE">
        <field>workflowName</field>
        <id>a85e17422f52b0103c5d9facf699b6b5</id>
        <sys_created_by>admin</sys_created_by>
        <sys_created_on>2021-09-01 17:12:23</sys_created_on>
        <sys_id>385e17422f52b0103c5d9facf699b6e9</sys_id>
        <sys_mod_count>0</sys_mod_count>
        <sys_updated_by>admin</sys_updated_by>
        <sys_updated_on>2021-09-01 17:12:23</sys_updated_on>
        <table>var__m_sys_hub_step_ext_input_a85e17422f52b0103c5d9facf699b6b5</table>
        <value>{{action.workflow}}</value>
    </sys_element_mapping>
    <sys_hub_step_ext_input action="delete_multiple" query="model=a85e17422f52b0103c5d9facf699b6b5^sys_idNOT IN2c5e17422f52b0103c5d9facf699b6b8,a85e17422f52b0103c5d9facf699b6cb"/>
    <sys_hub_step_ext_input action="INSERT_OR_UPDATE">
        <active>true</active>
        <array>false</array>
        <array_denormalized>false</array_denormalized>
        <attributes>element_mapping_provider=com.glide.flow_design.action.data.FlowDesignVariableMapper,uiType=string,uiTypeLabel=String</attributes>
        <audit>false</audit>
        <calculation><![CDATA[(function calculatedFieldValue(current) {

	// Add your code here
	return '';  // return the calculated value

})(current);]]></calculation>
        <choice/>
        <choice_field/>
        <choice_table/>
        <column_label/>
        <comments/>
        <create_roles/>
        <default_value/>
        <defaultsort/>
        <delete_roles/>
        <dependent/>
        <dependent_on_field/>
        <display>false</display>
        <dynamic_creation>false</dynamic_creation>
        <dynamic_creation_script/>
        <dynamic_default_value/>
        <dynamic_ref_qual/>
        <element>workflowName</element>
        <element_reference>false</element_reference>
        <foreign_database/>
        <function_definition/>
        <function_field>false</function_field>
        <help/>
        <hint/>
        <internal_type display_value="String">string</internal_type>
        <label>workflowName</label>
        <mandatory>true</mandatory>
        <max_length>8000</max_length>
        <model display_value="Script step">a85e17422f52b0103c5d9facf699b6b5</model>
        <model_id>a85e17422f52b0103c5d9facf699b6b5</model_id>
        <model_table>sys_hub_step_instance</model_table>
        <name>var__m_sys_hub_step_ext_input_a85e17422f52b0103c5d9facf699b6b5</name>
        <next_element/>
        <order>0</order>
        <primary>false</primary>
        <read_only>false</read_only>
        <read_roles/>
        <reference/>
        <reference_cascade_rule/>
        <reference_floats>false</reference_floats>
        <reference_key/>
        <reference_qual/>
        <reference_qual_condition/>
        <reference_type/>
        <sizeclass/>
        <spell_check>false</spell_check>
        <staged>false</staged>
        <sys_class_name>sys_hub_step_ext_input</sys_class_name>
        <sys_created_by>admin</sys_created_by>
        <sys_created_on>2021-09-01 17:12:22</sys_created_on>
        <sys_id>2c5e17422f52b0103c5d9facf699b6b8</sys_id>
        <sys_mod_count>0</sys_mod_count>
        <sys_name/>
        <sys_package/>
        <sys_policy/>
        <sys_scope display_value="ProActive Workflows &amp; Scheduling">073851e22fe130103c5d9facf699b6d9</sys_scope>
        <sys_update_name/>
        <sys_updated_by>admin</sys_updated_by>
        <sys_updated_on>2021-09-01 17:12:22</sys_updated_on>
        <table_reference>false</table_reference>
        <text_index>false</text_index>
        <unique>false</unique>
        <use_dependent_field>false</use_dependent_field>
        <use_dynamic_default>false</use_dynamic_default>
        <use_reference_qualifier>simple</use_reference_qualifier>
        <virtual>false</virtual>
        <widget/>
        <write_roles/>
        <xml_view>false</xml_view>
    </sys_hub_step_ext_input>
    <sys_hub_step_ext_input action="INSERT_OR_UPDATE">
        <active>true</active>
        <array>false</array>
        <array_denormalized>false</array_denormalized>
        <attributes>element_mapping_provider=com.glide.flow_design.action.data.FlowDesignVariableMapper,uiType=string,uiTypeLabel=String</attributes>
        <audit>false</audit>
        <calculation><![CDATA[(function calculatedFieldValue(current) {

	// Add your code here
	return '';  // return the calculated value

})(current);]]></calculation>
        <choice/>
        <choice_field/>
        <choice_table/>
        <column_label/>
        <comments/>
        <create_roles/>
        <default_value/>
        <defaultsort/>
        <delete_roles/>
        <dependent/>
        <dependent_on_field/>
        <display>false</display>
        <dynamic_creation>false</dynamic_creation>
        <dynamic_creation_script/>
        <dynamic_default_value/>
        <dynamic_ref_qual/>
        <element>variables</element>
        <element_reference>false</element_reference>
        <foreign_database/>
        <function_definition/>
        <function_field>false</function_field>
        <help/>
        <hint/>
        <internal_type display_value="String">string</internal_type>
        <label>variables</label>
        <mandatory>true</mandatory>
        <max_length>8000</max_length>
        <model display_value="Script step">a85e17422f52b0103c5d9facf699b6b5</model>
        <model_id>a85e17422f52b0103c5d9facf699b6b5</model_id>
        <model_table>sys_hub_step_instance</model_table>
        <name>var__m_sys_hub_step_ext_input_a85e17422f52b0103c5d9facf699b6b5</name>
        <next_element/>
        <order>100</order>
        <primary>false</primary>
        <read_only>false</read_only>
        <read_roles/>
        <reference/>
        <reference_cascade_rule/>
        <reference_floats>false</reference_floats>
        <reference_key/>
        <reference_qual/>
        <reference_qual_condition/>
        <reference_type/>
        <sizeclass/>
        <spell_check>false</spell_check>
        <staged>false</staged>
        <sys_class_name>sys_hub_step_ext_input</sys_class_name>
        <sys_created_by>admin</sys_created_by>
        <sys_created_on>2021-09-01 17:12:22</sys_created_on>
        <sys_id>a85e17422f52b0103c5d9facf699b6cb</sys_id>
        <sys_mod_count>0</sys_mod_count>
        <sys_name/>
        <sys_package/>
        <sys_policy/>
        <sys_scope display_value="ProActive Workflows &amp; Scheduling">073851e22fe130103c5d9facf699b6d9</sys_scope>
        <sys_update_name/>
        <sys_updated_by>admin</sys_updated_by>
        <sys_updated_on>2021-09-01 17:12:22</sys_updated_on>
        <table_reference>false</table_reference>
        <text_index>false</text_index>
        <unique>false</unique>
        <use_dependent_field>false</use_dependent_field>
        <use_dynamic_default>false</use_dynamic_default>
        <use_reference_qualifier>simple</use_reference_qualifier>
        <virtual>false</virtual>
        <widget/>
        <write_roles/>
        <xml_view>false</xml_view>
    </sys_hub_step_ext_input>
    <sys_hub_step_ext_output action="delete_multiple" query="model=a85e17422f52b0103c5d9facf699b6b5^sys_idNOT IN285e17422f52b0103c5d9facf699b6de"/>
    <sys_hub_step_ext_output action="INSERT_OR_UPDATE">
        <active>true</active>
        <array>false</array>
        <array_denormalized>false</array_denormalized>
        <attributes>element_mapping_provider=com.glide.flow_design.action.data.FlowDesignVariableMapper,uiType=string,uiTypeLabel=String,uiUniqueId=95eccd76-c908-4eaf-ad1b-dfe446b719f9</attributes>
        <audit>false</audit>
        <calculation><![CDATA[(function calculatedFieldValue(current) {

	// Add your code here
	return '';  // return the calculated value

})(current);]]></calculation>
        <choice/>
        <choice_field/>
        <choice_table/>
        <column_label/>
        <comments/>
        <create_roles/>
        <default_value/>
        <defaultsort/>
        <delete_roles/>
        <dependent/>
        <dependent_on_field/>
        <display>false</display>
        <dynamic_creation>false</dynamic_creation>
        <dynamic_creation_script/>
        <dynamic_default_value/>
        <dynamic_ref_qual/>
        <element>response</element>
        <element_reference>false</element_reference>
        <foreign_database/>
        <function_definition/>
        <function_field>false</function_field>
        <help/>
        <hint/>
        <internal_type display_value="String">string</internal_type>
        <label>response</label>
        <mandatory>false</mandatory>
        <max_length>8000</max_length>
        <model display_value="Script step">a85e17422f52b0103c5d9facf699b6b5</model>
        <model_id>a85e17422f52b0103c5d9facf699b6b5</model_id>
        <model_table>sys_hub_step_instance</model_table>
        <name>var__m_sys_hub_step_ext_output_a85e17422f52b0103c5d9facf699b6b5</name>
        <next_element/>
        <order>1</order>
        <primary>false</primary>
        <read_only>false</read_only>
        <read_roles/>
        <reference/>
        <reference_cascade_rule/>
        <reference_floats>false</reference_floats>
        <reference_key/>
        <reference_qual/>
        <reference_qual_condition/>
        <reference_type/>
        <sizeclass/>
        <spell_check>false</spell_check>
        <staged>false</staged>
        <sys_class_name>sys_hub_step_ext_output</sys_class_name>
        <sys_created_by>admin</sys_created_by>
        <sys_created_on>2021-09-01 17:12:22</sys_created_on>
        <sys_id>285e17422f52b0103c5d9facf699b6de</sys_id>
        <sys_mod_count>0</sys_mod_count>
        <sys_name/>
        <sys_package/>
        <sys_policy/>
        <sys_scope display_value="ProActive Workflows &amp; Scheduling">073851e22fe130103c5d9facf699b6d9</sys_scope>
        <sys_update_name/>
        <sys_updated_by>admin</sys_updated_by>
        <sys_updated_on>2021-09-01 17:12:22</sys_updated_on>
        <table_reference>false</table_reference>
        <text_index>false</text_index>
        <unique>false</unique>
        <use_dependent_field>false</use_dependent_field>
        <use_dynamic_default>false</use_dynamic_default>
        <use_reference_qualifier>simple</use_reference_qualifier>
        <virtual>false</virtual>
        <widget/>
        <write_roles/>
        <xml_view>false</xml_view>
    </sys_hub_step_ext_output>
    <sys_hub_action_input action="delete_multiple" query="model=a45e17422f52b0103c5d9facf699b6a5^sys_idNOT IN205e17422f52b0103c5d9facf699b6a8,685e17422f52b0103c5d9facf699b6ae"/>
    <sys_hub_action_input action="INSERT_OR_UPDATE">
        <active>true</active>
        <array>false</array>
        <array_denormalized>false</array_denormalized>
        <attributes>element_mapping_provider=com.glide.flow_design.action.data.FlowDesignVariableMapper,uiType=string,uiTypeLabel=String,uiUniqueId=21730990-ba90-4115-9504-af899bdc5f6d</attributes>
        <audit>false</audit>
        <calculation><![CDATA[(function calculatedFieldValue(current) {

	// Add your code here
	return '';  // return the calculated value

})(current);]]></calculation>
        <choice/>
        <choice_field/>
        <choice_table/>
        <column_label/>
        <comments/>
        <create_roles/>
        <default_value/>
        <defaultsort/>
        <delete_roles/>
        <dependent/>
        <dependent_on_field/>
        <display>false</display>
        <dynamic_creation>false</dynamic_creation>
        <dynamic_creation_script/>
        <dynamic_default_value/>
        <dynamic_ref_qual/>
        <element>workflow</element>
        <element_reference>false</element_reference>
        <foreign_database/>
        <function_definition/>
        <function_field>false</function_field>
        <help/>
        <hint/>
        <internal_type display_value="String">string</internal_type>
        <label>workflowName</label>
        <mandatory>true</mandatory>
        <max_length>8000</max_length>
        <model display_value="Submit job from file">a45e17422f52b0103c5d9facf699b6a5</model>
        <model_id>a45e17422f52b0103c5d9facf699b6a5</model_id>
        <model_table>sys_hub_action_type_snapshot</model_table>
        <name>var__m_sys_hub_action_input_a45e17422f52b0103c5d9facf699b6a5</name>
        <next_element/>
        <order>1</order>
        <primary>false</primary>
        <read_only>false</read_only>
        <read_roles/>
        <reference/>
        <reference_cascade_rule/>
        <reference_floats>false</reference_floats>
        <reference_key/>
        <reference_qual/>
        <reference_qual_condition/>
        <reference_type/>
        <sizeclass/>
        <spell_check>false</spell_check>
        <staged>false</staged>
        <sys_class_name>sys_hub_action_input</sys_class_name>
        <sys_created_by>admin</sys_created_by>
        <sys_created_on>2021-09-01 17:12:22</sys_created_on>
        <sys_id>205e17422f52b0103c5d9facf699b6a8</sys_id>
        <sys_mod_count>0</sys_mod_count>
        <sys_name/>
        <sys_package/>
        <sys_policy/>
        <sys_scope display_value="ProActive Workflows &amp; Scheduling">073851e22fe130103c5d9facf699b6d9</sys_scope>
        <sys_update_name/>
        <sys_updated_by>admin</sys_updated_by>
        <sys_updated_on>2021-09-01 17:12:22</sys_updated_on>
        <table_reference>false</table_reference>
        <text_index>false</text_index>
        <unique>false</unique>
        <use_dependent_field>false</use_dependent_field>
        <use_dynamic_default>false</use_dynamic_default>
        <use_reference_qualifier>simple</use_reference_qualifier>
        <virtual>false</virtual>
        <widget/>
        <write_roles/>
        <xml_view>false</xml_view>
    </sys_hub_action_input>
    <sys_hub_action_input action="INSERT_OR_UPDATE">
        <active>true</active>
        <array>false</array>
        <array_denormalized>false</array_denormalized>
        <attributes>element_mapping_provider=com.glide.flow_design.action.data.FlowDesignVariableMapper,uiType=string,uiTypeLabel=String,uiUniqueId=53654ff8-929e-4d2c-bca0-4e81c747587e</attributes>
        <audit>false</audit>
        <calculation><![CDATA[(function calculatedFieldValue(current) {

	// Add your code here
	return '';  // return the calculated value

})(current);]]></calculation>
        <choice/>
        <choice_field/>
        <choice_table/>
        <column_label/>
        <comments/>
        <create_roles/>
        <default_value/>
        <defaultsort/>
        <delete_roles/>
        <dependent/>
        <dependent_on_field/>
        <display>false</display>
        <dynamic_creation>false</dynamic_creation>
        <dynamic_creation_script/>
        <dynamic_default_value/>
        <dynamic_ref_qual/>
        <element>variables</element>
        <element_reference>false</element_reference>
        <foreign_database/>
        <function_definition/>
        <function_field>false</function_field>
        <help/>
        <hint/>
        <internal_type display_value="String">string</internal_type>
        <label>variables</label>
        <mandatory>false</mandatory>
        <max_length>8000</max_length>
        <model display_value="Submit job from file">a45e17422f52b0103c5d9facf699b6a5</model>
        <model_id>a45e17422f52b0103c5d9facf699b6a5</model_id>
        <model_table>sys_hub_action_type_snapshot</model_table>
        <name>var__m_sys_hub_action_input_a45e17422f52b0103c5d9facf699b6a5</name>
        <next_element/>
        <order>2</order>
        <primary>false</primary>
        <read_only>false</read_only>
        <read_roles/>
        <reference/>
        <reference_cascade_rule/>
        <reference_floats>false</reference_floats>
        <reference_key/>
        <reference_qual/>
        <reference_qual_condition/>
        <reference_type/>
        <sizeclass/>
        <spell_check>false</spell_check>
        <staged>false</staged>
        <sys_class_name>sys_hub_action_input</sys_class_name>
        <sys_created_by>admin</sys_created_by>
        <sys_created_on>2021-09-01 17:12:22</sys_created_on>
        <sys_id>685e17422f52b0103c5d9facf699b6ae</sys_id>
        <sys_mod_count>0</sys_mod_count>
        <sys_name/>
        <sys_package/>
        <sys_policy/>
        <sys_scope display_value="ProActive Workflows &amp; Scheduling">073851e22fe130103c5d9facf699b6d9</sys_scope>
        <sys_update_name/>
        <sys_updated_by>admin</sys_updated_by>
        <sys_updated_on>2021-09-01 17:12:22</sys_updated_on>
        <table_reference>false</table_reference>
        <text_index>false</text_index>
        <unique>false</unique>
        <use_dependent_field>false</use_dependent_field>
        <use_dynamic_default>false</use_dynamic_default>
        <use_reference_qualifier>simple</use_reference_qualifier>
        <virtual>false</virtual>
        <widget/>
        <write_roles/>
        <xml_view>false</xml_view>
    </sys_hub_action_input>
    <sys_hub_action_output action="delete_multiple" query="model=a45e17422f52b0103c5d9facf699b6a5^sys_idNOT IN305e17422f52b0103c5d9facf699b6ec"/>
    <sys_hub_action_output action="INSERT_OR_UPDATE">
        <active>true</active>
        <array>false</array>
        <array_denormalized>false</array_denormalized>
        <attributes>element_mapping_provider=com.glide.flow_design.action.data.FlowDesignVariableMapper,pwd2droppable=true,uiType=string,uiTypeLabel=String,uiUniqueId=dff4bdc0-31e7-45dc-8571-2ccc38b6fd50</attributes>
        <audit>false</audit>
        <calculation><![CDATA[(function calculatedFieldValue(current) {

	// Add your code here
	return '';  // return the calculated value

})(current);]]></calculation>
        <choice/>
        <choice_field/>
        <choice_table/>
        <column_label/>
        <comments/>
        <create_roles/>
        <default_value/>
        <defaultsort/>
        <delete_roles/>
        <dependent/>
        <dependent_on_field/>
        <display>false</display>
        <dynamic_creation>false</dynamic_creation>
        <dynamic_creation_script/>
        <dynamic_default_value/>
        <dynamic_ref_qual/>
        <element>response</element>
        <element_prototype/>
        <element_reference>false</element_reference>
        <foreign_database/>
        <function_definition/>
        <function_field>false</function_field>
        <help/>
        <hint/>
        <internal_link/>
        <internal_type display_value="String">string</internal_type>
        <label>response</label>
        <mandatory>false</mandatory>
        <max_length>8000</max_length>
        <model display_value="Submit job from file">a45e17422f52b0103c5d9facf699b6a5</model>
        <model_id>a45e17422f52b0103c5d9facf699b6a5</model_id>
        <model_table>sys_hub_action_type_snapshot</model_table>
        <name>var__m_sys_hub_action_output_a45e17422f52b0103c5d9facf699b6a5</name>
        <next_element/>
        <order>1</order>
        <primary>false</primary>
        <read_only>false</read_only>
        <read_roles/>
        <reference/>
        <reference_cascade_rule/>
        <reference_floats>false</reference_floats>
        <reference_key/>
        <reference_qual/>
        <reference_qual_condition/>
        <reference_type/>
        <sizeclass/>
        <spell_check>false</spell_check>
        <staged>false</staged>
        <sys_class_name>sys_hub_action_output</sys_class_name>
        <sys_created_by>admin</sys_created_by>
        <sys_created_on>2021-09-01 17:12:23</sys_created_on>
        <sys_id>305e17422f52b0103c5d9facf699b6ec</sys_id>
        <sys_mod_count>0</sys_mod_count>
        <sys_name/>
        <sys_package/>
        <sys_policy/>
        <sys_scope display_value="ProActive Workflows &amp; Scheduling">073851e22fe130103c5d9facf699b6d9</sys_scope>
        <sys_update_name/>
        <sys_updated_by>admin</sys_updated_by>
        <sys_updated_on>2021-09-01 17:12:23</sys_updated_on>
        <table_reference>false</table_reference>
        <text_index>false</text_index>
        <unique>false</unique>
        <use_dependent_field>false</use_dependent_field>
        <use_dynamic_default>false</use_dynamic_default>
        <use_reference_qualifier>simple</use_reference_qualifier>
        <virtual>false</virtual>
        <widget/>
        <write_roles/>
        <xml_view>false</xml_view>
    </sys_hub_action_output>
    <sys_documentation action="delete_multiple" query="name=var__m_sys_hub_action_input_a45e17422f52b0103c5d9facf699b6a5^sys_idNOT INa05e17422f52b0103c5d9facf699b6ad,a05e17422f52b0103c5d9facf699b6b3"/>
    <sys_documentation action="INSERT_OR_UPDATE">
        <element>workflow</element>
        <help/>
        <hint/>
        <label>workflowName</label>
        <language>en</language>
        <name>var__m_sys_hub_action_input_a45e17422f52b0103c5d9facf699b6a5</name>
        <plural/>
        <sys_class_name>sys_documentation</sys_class_name>
        <sys_created_by>admin</sys_created_by>
        <sys_created_on>2021-09-01 17:12:22</sys_created_on>
        <sys_id>a05e17422f52b0103c5d9facf699b6ad</sys_id>
        <sys_mod_count>0</sys_mod_count>
        <sys_name/>
        <sys_package display_value="ProActive Workflows &amp; Scheduling" source="x_661207_proacti_0">073851e22fe130103c5d9facf699b6d9</sys_package>
        <sys_policy/>
        <sys_scope display_value="ProActive Workflows &amp; Scheduling">073851e22fe130103c5d9facf699b6d9</sys_scope>
        <sys_update_name/>
        <sys_updated_by>admin</sys_updated_by>
        <sys_updated_on>2021-09-01 17:12:22</sys_updated_on>
        <url/>
        <url_target/>
    </sys_documentation>
    <sys_documentation action="INSERT_OR_UPDATE">
        <element>variables</element>
        <help/>
        <hint/>
        <label>variables</label>
        <language>en</language>
        <name>var__m_sys_hub_action_input_a45e17422f52b0103c5d9facf699b6a5</name>
        <plural/>
        <sys_class_name>sys_documentation</sys_class_name>
        <sys_created_by>admin</sys_created_by>
        <sys_created_on>2021-09-01 17:12:22</sys_created_on>
        <sys_id>a05e17422f52b0103c5d9facf699b6b3</sys_id>
        <sys_mod_count>0</sys_mod_count>
        <sys_name/>
        <sys_package display_value="ProActive Workflows &amp; Scheduling" source="x_661207_proacti_0">073851e22fe130103c5d9facf699b6d9</sys_package>
        <sys_policy/>
        <sys_scope display_value="ProActive Workflows &amp; Scheduling">073851e22fe130103c5d9facf699b6d9</sys_scope>
        <sys_update_name/>
        <sys_updated_by>admin</sys_updated_by>
        <sys_updated_on>2021-09-01 17:12:22</sys_updated_on>
        <url/>
        <url_target/>
    </sys_documentation>
    <sys_documentation action="delete_multiple" query="name=var__m_sys_hub_action_output_a45e17422f52b0103c5d9facf699b6a5^sys_idNOT IN705e17422f52b0103c5d9facf699b6f1"/>
    <sys_documentation action="INSERT_OR_UPDATE">
        <element>response</element>
        <help/>
        <hint/>
        <label>response</label>
        <language>en</language>
        <name>var__m_sys_hub_action_output_a45e17422f52b0103c5d9facf699b6a5</name>
        <plural/>
        <sys_class_name>sys_documentation</sys_class_name>
        <sys_created_by>admin</sys_created_by>
        <sys_created_on>2021-09-01 17:12:23</sys_created_on>
        <sys_id>705e17422f52b0103c5d9facf699b6f1</sys_id>
        <sys_mod_count>0</sys_mod_count>
        <sys_name/>
        <sys_package display_value="ProActive Workflows &amp; Scheduling" source="x_661207_proacti_0">073851e22fe130103c5d9facf699b6d9</sys_package>
        <sys_policy/>
        <sys_scope display_value="ProActive Workflows &amp; Scheduling">073851e22fe130103c5d9facf699b6d9</sys_scope>
        <sys_update_name/>
        <sys_updated_by>admin</sys_updated_by>
        <sys_updated_on>2021-09-01 17:12:23</sys_updated_on>
        <url/>
        <url_target/>
    </sys_documentation>
</record_update>
