<?xml version="1.0" encoding="UTF-8"?><record_update table="sys_security_acl_role">
    <sys_security_acl_role action="INSERT_OR_UPDATE">
        <sys_class_name>sys_security_acl_role</sys_class_name>
        <sys_created_by>admin</sys_created_by>
        <sys_created_on>2021-07-30 16:18:12</sys_created_on>
        <sys_id>19755daf2f2570103c5d9facf699b6dc</sys_id>
        <sys_mod_count>0</sys_mod_count>
        <sys_name>x_661207_proacti_0_vm_deployment.x_661207_proacti_0.vm_deployment_user</sys_name>
        <sys_package display_value="ProActive Workflows &amp; Scheduling" source="x_661207_proacti_0">073851e22fe130103c5d9facf699b6d9</sys_package>
        <sys_policy/>
        <sys_scope display_value="ProActive Workflows &amp; Scheduling">073851e22fe130103c5d9facf699b6d9</sys_scope>
        <sys_security_acl display_value="x_661207_proacti_0_vm_deployment">59755daf2f2570103c5d9facf699b6d9</sys_security_acl>
        <sys_update_name>sys_security_acl_role_19755daf2f2570103c5d9facf699b6dc</sys_update_name>
        <sys_updated_by>admin</sys_updated_by>
        <sys_updated_on>2021-07-30 16:18:12</sys_updated_on>
        <sys_user_role display_value="x_661207_proacti_0.vm_deployment_user" name="x_661207_proacti_0.vm_deployment_user">0d751daf2f2570103c5d9facf699b631</sys_user_role>
        <transaction_id/>
    </sys_security_acl_role>
</record_update>
