<?xml version="1.0" encoding="UTF-8"?><record_update>
    <sys_ui_section caption="" section_id="3394d4612fd230103c5d9facf699b6ec" sys_domain="global" table="x_661207_proacti_0_workflow" version="3" view="">
        <sys_ui_element action="INSERT_OR_UPDATE">
            <element>.begin_split</element>
            <position>0</position>
            <sys_created_by>admin</sys_created_by>
            <sys_created_on>2021-08-30 13:14:10</sys_created_on>
            <sys_id>3f94d4612fd230103c5d9facf699b6f2</sys_id>
            <sys_mod_count>0</sys_mod_count>
            <sys_ui_formatter/>
            <sys_ui_section caption="NULL" display_value="" name="x_661207_proacti_0_workflow" sys_domain="global" view="Default view">3394d4612fd230103c5d9facf699b6ec</sys_ui_section>
            <sys_updated_by>admin</sys_updated_by>
            <sys_updated_on>2021-08-30 13:14:10</sys_updated_on>
            <sys_user/>
            <type>.begin_split</type>
        </sys_ui_element>
        <sys_ui_element action="INSERT_OR_UPDATE">
            <element>name</element>
            <position>1</position>
            <sys_created_by>admin</sys_created_by>
            <sys_created_on>2021-08-30 13:14:11</sys_created_on>
            <sys_id>3794d4612fd230103c5d9facf699b6f3</sys_id>
            <sys_mod_count>0</sys_mod_count>
            <sys_ui_formatter/>
            <sys_ui_section caption="NULL" display_value="" name="x_661207_proacti_0_workflow" sys_domain="global" view="Default view">3394d4612fd230103c5d9facf699b6ec</sys_ui_section>
            <sys_updated_by>admin</sys_updated_by>
            <sys_updated_on>2021-08-30 13:14:11</sys_updated_on>
            <sys_user/>
            <type/>
        </sys_ui_element>
        <sys_ui_element action="INSERT_OR_UPDATE">
            <element>.split</element>
            <position>2</position>
            <sys_created_by>admin</sys_created_by>
            <sys_created_on>2021-08-30 13:14:11</sys_created_on>
            <sys_id>b794d4612fd230103c5d9facf699b6f3</sys_id>
            <sys_mod_count>0</sys_mod_count>
            <sys_ui_formatter/>
            <sys_ui_section caption="NULL" display_value="" name="x_661207_proacti_0_workflow" sys_domain="global" view="Default view">3394d4612fd230103c5d9facf699b6ec</sys_ui_section>
            <sys_updated_by>admin</sys_updated_by>
            <sys_updated_on>2021-08-30 13:14:11</sys_updated_on>
            <sys_user/>
            <type>.split</type>
        </sys_ui_element>
        <sys_ui_element action="INSERT_OR_UPDATE">
            <element>file</element>
            <position>3</position>
            <sys_created_by>admin</sys_created_by>
            <sys_created_on>2021-08-30 13:14:11</sys_created_on>
            <sys_id>3b94d4612fd230103c5d9facf699b6f3</sys_id>
            <sys_mod_count>0</sys_mod_count>
            <sys_ui_formatter/>
            <sys_ui_section caption="NULL" display_value="" name="x_661207_proacti_0_workflow" sys_domain="global" view="Default view">3394d4612fd230103c5d9facf699b6ec</sys_ui_section>
            <sys_updated_by>admin</sys_updated_by>
            <sys_updated_on>2021-08-30 13:14:11</sys_updated_on>
            <sys_user/>
            <type/>
        </sys_ui_element>
        <sys_ui_element action="INSERT_OR_UPDATE">
            <element>.end_split</element>
            <position>4</position>
            <sys_created_by>admin</sys_created_by>
            <sys_created_on>2021-08-30 13:14:11</sys_created_on>
            <sys_id>bb94d4612fd230103c5d9facf699b6f3</sys_id>
            <sys_mod_count>0</sys_mod_count>
            <sys_ui_formatter/>
            <sys_ui_section caption="NULL" display_value="" name="x_661207_proacti_0_workflow" sys_domain="global" view="Default view">3394d4612fd230103c5d9facf699b6ec</sys_ui_section>
            <sys_updated_by>admin</sys_updated_by>
            <sys_updated_on>2021-08-30 13:14:11</sys_updated_on>
            <sys_user/>
            <type>.end_split</type>
        </sys_ui_element>
        <sys_ui_section action="INSERT_OR_UPDATE">
            <caption/>
            <header>false</header>
            <name>x_661207_proacti_0_workflow</name>
            <roles/>
            <sys_class_name>sys_ui_section</sys_class_name>
            <sys_created_by>admin</sys_created_by>
            <sys_created_on>2021-08-30 13:14:10</sys_created_on>
            <sys_domain>global</sys_domain>
            <sys_domain_path>/</sys_domain_path>
            <sys_id>3394d4612fd230103c5d9facf699b6ec</sys_id>
            <sys_mod_count>0</sys_mod_count>
            <sys_name>x_661207_proacti_0_workflow</sys_name>
            <sys_overrides/>
            <sys_package display_value="ProActive Workflows &amp; Scheduling" source="x_661207_proacti_0">073851e22fe130103c5d9facf699b6d9</sys_package>
            <sys_policy/>
            <sys_scope display_value="ProActive Workflows &amp; Scheduling">073851e22fe130103c5d9facf699b6d9</sys_scope>
            <sys_update_name>sys_ui_section_3394d4612fd230103c5d9facf699b6ec</sys_update_name>
            <sys_updated_by>admin</sys_updated_by>
            <sys_updated_on>2021-08-30 13:14:10</sys_updated_on>
            <sys_user/>
            <title>true</title>
            <view display_value="Default view" name="NULL">Default view</view>
            <view_name/>
        </sys_ui_section>
    </sys_ui_section>
</record_update>
