<?xml version="1.0" encoding="UTF-8"?><record_update sys_domain="global" table="sys_ui_module">
    <sys_ui_module action="INSERT_OR_UPDATE">
        <active>true</active>
        <application display_value="VM Deployment">99755daf2f2570103c5d9facf699b6ac</application>
        <filter/>
        <name>VM Deployments</name>
        <order/>
        <path/>
        <path_relative_to_root>false</path_relative_to_root>
        <roles>x_661207_proacti_0.vm_deployment_user</roles>
        <sys_class_name>sys_ui_module</sys_class_name>
        <sys_created_by>admin</sys_created_by>
        <sys_created_on>2021-07-30 16:18:11</sys_created_on>
        <sys_domain>global</sys_domain>
        <sys_domain_path>/</sys_domain_path>
        <sys_id>d9755daf2f2570103c5d9facf699b6af</sys_id>
        <sys_mod_count>0</sys_mod_count>
        <sys_name>VM Deployments</sys_name>
        <sys_package display_value="ProActive Workflows &amp; Scheduling" source="x_661207_proacti_0">073851e22fe130103c5d9facf699b6d9</sys_package>
        <sys_policy/>
        <sys_scope display_value="ProActive Workflows &amp; Scheduling">073851e22fe130103c5d9facf699b6d9</sys_scope>
        <sys_update_name>sys_ui_module_d9755daf2f2570103c5d9facf699b6af</sys_update_name>
        <sys_updated_by>admin</sys_updated_by>
        <sys_updated_on>2021-07-30 16:18:11</sys_updated_on>
        <table>x_661207_proacti_0_vm_deployment</table>
        <uncancelable>false</uncancelable>
        <view_name/>
    </sys_ui_module>
</record_update>
