<?xml version="1.0" encoding="UTF-8"?><record_update table="sys_rest_message_fn_headers">
    <sys_rest_message_fn_headers action="INSERT_OR_UPDATE">
        <name>Content-Type</name>
        <rest_message_function display_value="Login">2fba19262fe130103c5d9facf699b661</rest_message_function>
        <sys_class_name>sys_rest_message_fn_headers</sys_class_name>
        <sys_created_by>admin</sys_created_by>
        <sys_created_on>2021-07-29 16:52:52</sys_created_on>
        <sys_id>f97314532fe530103c5d9facf699b6de</sys_id>
        <sys_mod_count>0</sys_mod_count>
        <sys_name>Content-Type</sys_name>
        <sys_package display_value="ProActive Workflows &amp; Scheduling" source="x_661207_proacti_0">073851e22fe130103c5d9facf699b6d9</sys_package>
        <sys_policy/>
        <sys_scope display_value="ProActive Workflows &amp; Scheduling">073851e22fe130103c5d9facf699b6d9</sys_scope>
        <sys_update_name>sys_rest_message_fn_headers_f97314532fe530103c5d9facf699b6de</sys_update_name>
        <sys_updated_by>admin</sys_updated_by>
        <sys_updated_on>2021-07-29 16:52:52</sys_updated_on>
        <value>application/x-www-form-urlencoded</value>
    </sys_rest_message_fn_headers>
</record_update>
