<?xml version="1.0" encoding="UTF-8"?><record_update table="sys_ux_composite_data_m2m_datasource">
    <sys_ux_composite_data_m2m_datasource action="INSERT_OR_UPDATE">
        <dataset display_value="Custom Portal Landing - My Tasks Dataset">96d3d371e6ce3010d3c76e34505f56f3</dataset>
        <datasource display_value="Custom Portal Landing - My Tasks Datasource (Task table)">9ad3d37133ce3010f237db09a51b57f3</datasource>
        <sys_class_name>sys_ux_composite_data_m2m_datasource</sys_class_name>
        <sys_created_by>system</sys_created_by>
        <sys_created_on>2021-08-19 11:32:33</sys_created_on>
        <sys_id>d2d3d371e9ce30107e39a599cc88cef4</sys_id>
        <sys_mod_count>0</sys_mod_count>
        <sys_name/>
        <sys_package display_value="ProActive Workflows &amp; Scheduling" source="x_661207_proacti_0">073851e22fe130103c5d9facf699b6d9</sys_package>
        <sys_policy/>
        <sys_scope display_value="ProActive Workflows &amp; Scheduling">073851e22fe130103c5d9facf699b6d9</sys_scope>
        <sys_update_name>sys_ux_composite_data_m2m_datasource_d2d3d371e9ce30107e39a599cc88cef4</sys_update_name>
        <sys_updated_by>system</sys_updated_by>
        <sys_updated_on>2021-08-19 11:32:33</sys_updated_on>
    </sys_ux_composite_data_m2m_datasource>
</record_update>
