<?xml version="1.0" encoding="UTF-8"?><record_update table="sys_ux_composite_data_template_predicate">
    <sys_ux_composite_data_template_predicate action="INSERT_OR_UPDATE">
        <active>true</active>
        <condition/>
        <custom_condition/>
        <custom_field_list/>
        <field_list>due_date,short_description,number,state</field_list>
        <name>My request - incident predicate</name>
        <order/>
        <predicate_bundle display_value="My requests - incident bundle">12d3d37183ce3010b6b7438078e4a5f5</predicate_bundle>
        <required_roles/>
        <sys_class_name>sys_ux_composite_data_template_predicate</sys_class_name>
        <sys_created_by>system</sys_created_by>
        <sys_created_on>2021-08-19 11:32:31</sys_created_on>
        <sys_id>5ad3d37129ce301047169eb9bee914f6</sys_id>
        <sys_mod_count>0</sys_mod_count>
        <sys_name>My request - incident predicate</sys_name>
        <sys_package display_value="ProActive Workflows &amp; Scheduling" source="x_661207_proacti_0">073851e22fe130103c5d9facf699b6d9</sys_package>
        <sys_policy/>
        <sys_scope display_value="ProActive Workflows &amp; Scheduling">073851e22fe130103c5d9facf699b6d9</sys_scope>
        <sys_update_name>sys_ux_composite_data_template_predicate_5ad3d37129ce301047169eb9bee914f6</sys_update_name>
        <sys_updated_by>system</sys_updated_by>
        <sys_updated_on>2021-08-19 11:32:31</sys_updated_on>
        <table>incident</table>
        <ux_template display_value="Item produced template">d6d3d37147ce3010c9406a91e1ae50f5</ux_template>
    </sys_ux_composite_data_template_predicate>
</record_update>
