<?xml version="1.0" encoding="UTF-8"?><record_update table="sys_ux_client_script">
    <sys_ux_client_script action="INSERT_OR_UPDATE">
        <includes/>
        <macroponent display_value="Search Page">16d3d37174ce301024343d26478237e4</macroponent>
        <name>handle_tab_filter_click</name>
        <required_translations>[ ]</required_translations>
        <script><![CDATA[function handler({api, event, imports, helpers}) {
		const props = api.context.props;
    helpers.navigate.to('search', {
			searchTerm: props.searchTerm,
			searchContextConfigId: props.searchContextConfigId
    },
		{
			searchFilters: event.payload.selectedFilter,
			facetFilters: props.facetFilters,
			disableSpellCheck: props.disableSpellCheck
		},
		false,
    false);
}]]></script>
        <script_api_version>2.0.0</script_api_version>
        <sys_class_name>sys_ux_client_script</sys_class_name>
        <sys_created_by>system</sys_created_by>
        <sys_created_on>2021-08-19 11:32:29</sys_created_on>
        <sys_id>92d3d371d6ce301017cdf773c0559df3</sys_id>
        <sys_mod_count>0</sys_mod_count>
        <sys_name>handle_tab_filter_click</sys_name>
        <sys_package display_value="ProActive Workflows &amp; Scheduling" source="x_661207_proacti_0">073851e22fe130103c5d9facf699b6d9</sys_package>
        <sys_policy/>
        <sys_scope display_value="ProActive Workflows &amp; Scheduling">073851e22fe130103c5d9facf699b6d9</sys_scope>
        <sys_update_name>sys_ux_client_script_92d3d371d6ce301017cdf773c0559df3</sys_update_name>
        <sys_updated_by>system</sys_updated_by>
        <sys_updated_on>2021-08-19 11:32:29</sys_updated_on>
    </sys_ux_client_script>
</record_update>
