<?xml version="1.0" encoding="UTF-8"?><record_update table="sys_ux_composite_data_template">
    <sys_ux_composite_data_template action="INSERT_OR_UPDATE">
        <active>true</active>
        <name>My Requests (task) template</name>
        <sys_class_name>sys_ux_composite_data_template</sys_class_name>
        <sys_created_by>system</sys_created_by>
        <sys_created_on>2021-08-19 11:32:32</sys_created_on>
        <sys_id>56d3d371ddce3010d87cdd0308cb20f5</sys_id>
        <sys_mod_count>0</sys_mod_count>
        <sys_name>My Requests (task) template</sys_name>
        <sys_package display_value="ProActive Workflows &amp; Scheduling" source="x_661207_proacti_0">073851e22fe130103c5d9facf699b6d9</sys_package>
        <sys_policy/>
        <sys_scope display_value="ProActive Workflows &amp; Scheduling">073851e22fe130103c5d9facf699b6d9</sys_scope>
        <sys_update_name>sys_ux_composite_data_template_56d3d371ddce3010d87cdd0308cb20f5</sys_update_name>
        <sys_updated_by>system</sys_updated_by>
        <sys_updated_on>2021-08-19 11:32:32</sys_updated_on>
        <template>{&#13;
	"component": "now-card-evam-record",&#13;
	"staticValues": {&#13;
		"highlightedHeaderIcon": {&#13;
			"translatable": false,&#13;
			"key": "clock-outline"&#13;
		},&#13;
        "highlightedHeaderBkgColor": {&#13;
            "translatable": false,&#13;
            "key": "positive"&#13;
        },&#13;
        "detailLabelOne": {&#13;
            "translatable": false,&#13;
            "key": "Requested by"&#13;
        },&#13;
        "detailLabelTwo": {&#13;
            "translatable": false,&#13;
            "key": "Number"&#13;
        }&#13;
	},&#13;
	"mappings": {&#13;
		"highlightedHeaderLabel": "due_date",&#13;
        "title": "short_description",&#13;
        "detailValueOne": "opened_by",&#13;
        "detailValueTwo": "number" &#13;
	}&#13;
}</template>
    </sys_ux_composite_data_template>
</record_update>
