<?xml version="1.0" encoding="UTF-8"?><record_update table="sys_ux_composite_data_template_predicate">
    <sys_ux_composite_data_template_predicate action="INSERT_OR_UPDATE">
        <active>true</active>
        <condition table="sc_req_item">active=true^EQ<item endquery="false" field="active" goto="false" newquery="false" operator="=" or="false" value="true"/>
            <item endquery="true" field="" goto="false" newquery="false" operator="=" or="false" value=""/>
        </condition>
        <custom_condition/>
        <custom_field_list/>
        <field_list>due_date,cat_item.picture,short_description,price,recurring_price,recurring_frequency,state,number,cat_item.name</field_list>
        <name>My Requests - Requested item predicate</name>
        <order/>
        <predicate_bundle display_value="My requests - reqested item bundle">92d3d3711cce30107c820d24db94b6f5</predicate_bundle>
        <required_roles/>
        <sys_class_name>sys_ux_composite_data_template_predicate</sys_class_name>
        <sys_created_by>system</sys_created_by>
        <sys_created_on>2021-08-19 11:32:32</sys_created_on>
        <sys_id>52d3d3717bce3010448cd66c12048af6</sys_id>
        <sys_mod_count>0</sys_mod_count>
        <sys_name>My Requests - Requested item predicate</sys_name>
        <sys_package display_value="ProActive Workflows &amp; Scheduling" source="x_661207_proacti_0">073851e22fe130103c5d9facf699b6d9</sys_package>
        <sys_policy/>
        <sys_scope display_value="ProActive Workflows &amp; Scheduling">073851e22fe130103c5d9facf699b6d9</sys_scope>
        <sys_update_name>sys_ux_composite_data_template_predicate_52d3d3717bce3010448cd66c12048af6</sys_update_name>
        <sys_updated_by>system</sys_updated_by>
        <sys_updated_on>2021-08-19 11:32:32</sys_updated_on>
        <table>sc_req_item</table>
        <ux_template display_value="Custom Portal Landing - My Requests template">96d3d37101ce30107a89e94775af67f5</ux_template>
    </sys_ux_composite_data_template_predicate>
</record_update>
