<?xml version="1.0" encoding="UTF-8"?><record_update table="sys_declarative_action_payload_definition">
    <sys_declarative_action_payload_definition action="INSERT_OR_UPDATE">
        <action_key>MY_TASKS_APPROVE_ACTION</action_key>
        <applicable_to>035d270073151010c342d5fdbdf6a715</applicable_to>
        <description/>
        <label>Approve</label>
        <payload_field_table>var__m_sys_declarative_action_payload_field_9ed3d3712dce3010216b7f748f65b6e3</payload_field_table>
        <payload_template>{&#13;
        "table": "{{table}}",&#13;
        "sysId": "{{sys_id}}"&#13;
}</payload_template>
        <sys_class_name>sys_declarative_action_payload_definition</sys_class_name>
        <sys_created_by>system</sys_created_by>
        <sys_created_on>2021-08-19 11:32:31</sys_created_on>
        <sys_id>9ed3d3712dce3010216b7f748f65b6e3</sys_id>
        <sys_mod_count>0</sys_mod_count>
        <sys_name>Approve</sys_name>
        <sys_package display_value="ProActive Workflows &amp; Scheduling" source="x_661207_proacti_0">073851e22fe130103c5d9facf699b6d9</sys_package>
        <sys_policy/>
        <sys_scope display_value="ProActive Workflows &amp; Scheduling">073851e22fe130103c5d9facf699b6d9</sys_scope>
        <sys_update_name>sys_declarative_action_payload_definition_9ed3d3712dce3010216b7f748f65b6e3</sys_update_name>
        <sys_updated_by>system</sys_updated_by>
        <sys_updated_on>2021-08-19 11:32:31</sys_updated_on>
    </sys_declarative_action_payload_definition>
</record_update>
