<?xml version="1.0" encoding="UTF-8"?><record_update table="sys_ux_app_config">
    <sys_ux_app_config action="INSERT_OR_UPDATE">
        <active>true</active>
        <default_route_type/>
        <description>Submit a job to ProActive using the Scheduler</description>
        <encode_query_string>false</encode_query_string>
        <icon/>
        <landing_path>landing</landing_path>
        <name>Job submission Config</name>
        <prefetch_limits/>
        <sys_class_name>sys_ux_app_config</sys_class_name>
        <sys_created_by>system</sys_created_by>
        <sys_created_on>2021-08-19 11:32:32</sys_created_on>
        <sys_id>06d3d3712fce30103c5d9facf699b6c4</sys_id>
        <sys_mod_count>0</sys_mod_count>
        <sys_name>Job submission Config</sys_name>
        <sys_package display_value="ProActive Workflows &amp; Scheduling" source="x_661207_proacti_0">073851e22fe130103c5d9facf699b6d9</sys_package>
        <sys_policy/>
        <sys_scope display_value="ProActive Workflows &amp; Scheduling">073851e22fe130103c5d9facf699b6d9</sys_scope>
        <sys_update_name>sys_ux_app_config_06d3d3712fce30103c5d9facf699b6c4</sys_update_name>
        <sys_updated_by>system</sys_updated_by>
        <sys_updated_on>2021-08-19 11:32:32</sys_updated_on>
    </sys_ux_app_config>
    <sys_translated_text action="delete_multiple" query="documentkey=06d3d3712fce30103c5d9facf699b6c4"/>
</record_update>
