<?xml version="1.0" encoding="UTF-8"?><record_update table="sys_ux_data_broker_transform">
    <sys_ux_data_broker_transform action="INSERT_OR_UPDATE">
        <acl_failure_result/>
        <api_name>x_661207_proacti_0.Task state update transform</api_name>
        <description>Custom portal - Task state update transform</description>
        <mutates_server_data>false</mutates_server_data>
        <name>Task state update transform</name>
        <output_schema/>
        <private>false</private>
        <props>[&#13;
  {&#13;
    "name": "sysId",&#13;
    "label": "SysId of the task",&#13;
    "fieldType": "string",&#13;
    "valueType": "object",&#13;
    "readOnly": false,&#13;
    "mandatory": true,&#13;
    "description": "Graphql Query Output"&#13;
  },&#13;
{&#13;
    "name": "state",&#13;
    "label": "state of the task",&#13;
    "fieldType": "string",&#13;
    "valueType": "object",&#13;
    "readOnly": false,&#13;
    "mandatory": true,&#13;
    "description": "Graphql Query Output"&#13;
  }&#13;
]</props>
        <required_translations>[{"message":"SysId of the task","comment":""},{"message":"state of the task","comment":""},{"message":"Graphql Query Output","comment":""}]</required_translations>
        <schema_version>1.0.0</schema_version>
        <script><![CDATA[function transform(input) {
	var sys = input.sysId;
	var state = input.state;
    var gr = new GlideRecord('sysapproval_approver');
    gr.get(sys);
    gr.setValue('state', state);
    gr.update();
}]]></script>
        <sys_class_name>sys_ux_data_broker_transform</sys_class_name>
        <sys_created_by>system</sys_created_by>
        <sys_created_on>2021-08-19 11:32:32</sys_created_on>
        <sys_id>0ed3d3712fce30103c5d9facf699b6c4</sys_id>
        <sys_mod_count>0</sys_mod_count>
        <sys_name>Task state update transform</sys_name>
        <sys_package display_value="ProActive Workflows &amp; Scheduling" source="x_661207_proacti_0">073851e22fe130103c5d9facf699b6d9</sys_package>
        <sys_policy/>
        <sys_scope display_value="ProActive Workflows &amp; Scheduling">073851e22fe130103c5d9facf699b6d9</sys_scope>
        <sys_update_name>sys_ux_data_broker_transform_0ed3d3712fce30103c5d9facf699b6c4</sys_update_name>
        <sys_updated_by>system</sys_updated_by>
        <sys_updated_on>2021-08-19 11:32:32</sys_updated_on>
    </sys_ux_data_broker_transform>
    <sys_translated_text action="delete_multiple" query="documentkey=0ed3d3712fce30103c5d9facf699b6c4"/>
</record_update>
