<?xml version="1.0" encoding="UTF-8"?><record_update table="sys_rest_message_fn_parameters">
    <sys_rest_message_fn_parameters action="INSERT_OR_UPDATE">
        <name>workflow</name>
        <rest_message_function display_value="Deploy Windows VM with parameters">8b4126012f7530103c5d9facf699b6c5</rest_message_function>
        <sys_class_name>sys_rest_message_fn_parameters</sys_class_name>
        <sys_created_by>admin</sys_created_by>
        <sys_created_on>2021-08-04 13:48:06</sys_created_on>
        <sys_id>7ff2ee812f7530103c5d9facf699b61d</sys_id>
        <sys_mod_count>0</sys_mod_count>
        <sys_name>workflow</sys_name>
        <sys_package display_value="ProActive Workflows &amp; Scheduling" source="x_661207_proacti_0">073851e22fe130103c5d9facf699b6d9</sys_package>
        <sys_policy/>
        <sys_scope display_value="ProActive Workflows &amp; Scheduling">073851e22fe130103c5d9facf699b6d9</sys_scope>
        <sys_update_name>sys_rest_message_fn_parameters_7ff2ee812f7530103c5d9facf699b61d</sys_update_name>
        <sys_updated_by>admin</sys_updated_by>
        <sys_updated_on>2021-08-04 13:48:06</sys_updated_on>
        <type>string</type>
        <value>FNB_VM_Windows_Creation_With_Parameters</value>
    </sys_rest_message_fn_parameters>
</record_update>
