<?xml version="1.0" encoding="UTF-8"?><record_update table="sys_security_acl_role">
    <sys_security_acl_role action="INSERT_OR_UPDATE">
        <sys_class_name>sys_security_acl_role</sys_class_name>
        <sys_created_by>system</sys_created_by>
        <sys_created_on>2021-08-19 11:32:36</sys_created_on>
        <sys_id>60e397712fce30103c5d9facf699b62e</sys_id>
        <sys_mod_count>0</sys_mod_count>
        <sys_name>x.661207.job-submission.*.x_661207_proacti_0.proactive_workflows_user</sys_name>
        <sys_package display_value="ProActive Workflows &amp; Scheduling" source="x_661207_proacti_0">073851e22fe130103c5d9facf699b6d9</sys_package>
        <sys_policy/>
        <sys_scope display_value="ProActive Workflows &amp; Scheduling">073851e22fe130103c5d9facf699b6d9</sys_scope>
        <sys_security_acl display_value="x.661207.job-submission.*">8ed3d3712fce30103c5d9facf699b6c4</sys_security_acl>
        <sys_update_name>sys_security_acl_role_60e397712fce30103c5d9facf699b62e</sys_update_name>
        <sys_updated_by>system</sys_updated_by>
        <sys_updated_on>2021-08-19 11:32:36</sys_updated_on>
        <sys_user_role display_value="x_661207_proacti_0.proactive_workflows_user" name="x_661207_proacti_0.proactive_workflows_user">213f1c272fa170103c5d9facf699b6ad</sys_user_role>
        <transaction_id/>
    </sys_security_acl_role>
</record_update>
