<?xml version="1.0" encoding="UTF-8"?><record_update>
    <sys_documentation element="vm_ip" label="Vm Ip" language="en" table="x_661207_proacti_0_vm_deployment">
        <sys_documentation action="INSERT_OR_UPDATE">
            <element>vm_ip</element>
            <help/>
            <hint/>
            <label>Vm Ip</label>
            <language>en</language>
            <name>x_661207_proacti_0_vm_deployment</name>
            <plural>Vm Ips</plural>
            <sys_class_name>sys_documentation</sys_class_name>
            <sys_created_by>admin</sys_created_by>
            <sys_created_on>2021-07-30 16:29:38</sys_created_on>
            <sys_id>b01891232f6570103c5d9facf699b6ae</sys_id>
            <sys_mod_count>0</sys_mod_count>
            <sys_name>Vm Ip</sys_name>
            <sys_package display_value="ProActive Workflows &amp; Scheduling" source="x_661207_proacti_0">073851e22fe130103c5d9facf699b6d9</sys_package>
            <sys_policy/>
            <sys_scope display_value="ProActive Workflows &amp; Scheduling">073851e22fe130103c5d9facf699b6d9</sys_scope>
            <sys_update_name>sys_documentation_x_661207_proacti_0_vm_deployment_vm_ip_en</sys_update_name>
            <sys_updated_by>admin</sys_updated_by>
            <sys_updated_on>2021-07-30 16:29:38</sys_updated_on>
            <url/>
            <url_target/>
        </sys_documentation>
    </sys_documentation>
</record_update>
