<?xml version="1.0" encoding="UTF-8"?><record_update table="sys_ux_composite_datasource">
    <sys_ux_composite_datasource action="INSERT_OR_UPDATE">
        <active>true</active>
        <condition table="kb_knowledge">active=true^workflow_state=published^EQ<item endquery="false" field="active" goto="false" newquery="false" operator="=" or="false" value="true"/>
            <item display_value="Published" endquery="false" field="workflow_state" goto="false" newquery="false" operator="=" or="false" value="published"/>
            <item endquery="true" field="" goto="false" newquery="false" operator="=" or="false" value=""/>
        </condition>
        <encoded_query_script/>
        <name>Custom Portal Landing - Popular articles Datasource</name>
        <sort_by>sys_updated_on</sort_by>
        <sys_class_name>sys_ux_composite_datasource</sys_class_name>
        <sys_created_by>system</sys_created_by>
        <sys_created_on>2021-08-19 11:32:33</sys_created_on>
        <sys_id>5ad3d371e7ce30101887deefe8ac2df3</sys_id>
        <sys_mod_count>0</sys_mod_count>
        <sys_name>Custom Portal Landing - Popular articles Datasource</sys_name>
        <sys_package display_value="ProActive Workflows &amp; Scheduling" source="x_661207_proacti_0">073851e22fe130103c5d9facf699b6d9</sys_package>
        <sys_policy/>
        <sys_scope display_value="ProActive Workflows &amp; Scheduling">073851e22fe130103c5d9facf699b6d9</sys_scope>
        <sys_update_name>sys_ux_composite_datasource_5ad3d371e7ce30101887deefe8ac2df3</sys_update_name>
        <sys_updated_by>system</sys_updated_by>
        <sys_updated_on>2021-08-19 11:32:33</sys_updated_on>
        <table>kb_knowledge</table>
    </sys_ux_composite_datasource>
</record_update>
