<?xml version="1.0" encoding="UTF-8"?><record_update sys_domain="global" table="sys_hub_flow">
    <sys_hub_flow action="INSERT_OR_UPDATE">
        <access>public</access>
        <acls/>
        <active>false</active>
        <annotation/>
        <callable_by_client_api>false</callable_by_client_api>
        <category/>
        <compiler_build/>
        <copied_from/>
        <copied_from_name/>
        <description>Submits a job to ProActive from the catalog and adds a new entry in servicenow. The flow waits for the job to terminate and stores the result in the DB</description>
        <internal_name>submit_job_to_proactive_from_catalog</internal_name>
        <label_cache>[{"name":"afefb6d6-1dff-4473-9a3a-782fb9aa8f78.record","label":"1➛Record","reference_display":"Record","type":"document_id","base_type":"document_id","attributes":{"uiTypeLabel":"true","element_mapping_provider":"com.glide.flow_design.action.data.FlowDesignVariableMapper","uiType":"document_id"}},{"name":"afefb6d6-1dff-4473-9a3a-782fb9aa8f78.table_name","label":"1➛Table","reference_display":"Table","type":"table_name","base_type":"table_name","attributes":{"uiTypeLabel":"true","element_mapping_provider":"com.glide.flow_design.action.data.FlowDesignVariableMapper","uiType":"table_name"}},{"name":"afefb6d6-1dff-4473-9a3a-782fb9aa8f78.status","label":"1➛Status","reference_display":"Status","type":"choice","base_type":"choice","attributes":{"uiTypeLabel":"true","element_mapping_provider":"com.glide.flow_design.action.data.FlowDesignVariableMapper","uiType":"choice"}},{"name":"afefb6d6-1dff-4473-9a3a-782fb9aa8f78.error_message","label":"1➛Error Message","reference_display":"Error Message","type":"string","base_type":"string","attributes":{"uiTypeLabel":"true","element_mapping_provider":"com.glide.flow_design.action.data.FlowDesignVariableMapper","uiType":"string"}}]</label_cache>
        <latest_snapshot/>
        <master_snapshot/>
        <name>Submit job to ProActive from catalog</name>
        <natlang/>
        <outputs/>
        <remote_trigger_id/>
        <run_as>user</run_as>
        <run_with_roles/>
        <sc_callable>false</sc_callable>
        <show_draft_actions>false</show_draft_actions>
        <show_triggered_flows>false</show_triggered_flows>
        <status>draft</status>
        <sys_class_name>sys_hub_flow</sys_class_name>
        <sys_created_by>admin</sys_created_by>
        <sys_created_on>2021-09-02 11:26:43</sys_created_on>
        <sys_domain>global</sys_domain>
        <sys_domain_path>/</sys_domain_path>
        <sys_id>47c81b1e2fd230103c5d9facf699b6e2</sys_id>
        <sys_mod_count>1</sys_mod_count>
        <sys_name>Submit job to ProActive from catalog</sys_name>
        <sys_overrides/>
        <sys_package display_value="ProActive Workflows &amp; Scheduling" source="x_661207_proacti_0">073851e22fe130103c5d9facf699b6d9</sys_package>
        <sys_policy/>
        <sys_scope display_value="ProActive Workflows &amp; Scheduling">073851e22fe130103c5d9facf699b6d9</sys_scope>
        <sys_update_name>sys_hub_flow_47c81b1e2fd230103c5d9facf699b6e2</sys_update_name>
        <sys_updated_by>admin</sys_updated_by>
        <sys_updated_on>2021-09-02 15:35:19</sys_updated_on>
        <type>flow</type>
    </sys_hub_flow>
    <sys_translated_text action="delete_multiple" query="documentkey=47c81b1e2fd230103c5d9facf699b6e2"/>
    <sys_variable_value action="delete_multiple" query="document_key=47c81b1e2fd230103c5d9facf699b6e2"/>
    <sys_flow_cat_variable_model action="delete_multiple" query="id=47c81b1e2fd230103c5d9facf699b6e2^sys_idNOT IN4bc81b1e2fd230103c5d9facf699b6e4"/>
    <sys_flow_cat_variable_model action="INSERT_OR_UPDATE">
        <id>47c81b1e2fd230103c5d9facf699b6e2</id>
        <name>Submit job to ProActive from catalog</name>
        <sys_created_by>admin</sys_created_by>
        <sys_created_on>2021-09-02 11:26:44</sys_created_on>
        <sys_id>4bc81b1e2fd230103c5d9facf699b6e4</sys_id>
        <sys_mod_count>0</sys_mod_count>
        <sys_scope/>
        <sys_updated_by>admin</sys_updated_by>
        <sys_updated_on>2021-09-02 11:26:44</sys_updated_on>
    </sys_flow_cat_variable_model>
    <sys_hub_action_instance action="delete_multiple" query="flow=47c81b1e2fd230103c5d9facf699b6e2^sys_idNOT IN60b110262f9630103c5d9facf699b6cd"/>
    <sys_hub_action_instance action="INSERT_OR_UPDATE">
        <action_inputs/>
        <action_type display_value="Create or Update Record">ab575ae253b3230034c6ddeeff7b12f1</action_type>
        <action_type_parent/>
        <comment/>
        <compiled_snapshot/>
        <display_text/>
        <flow display_value="Submit job to ProActive from catalog">47c81b1e2fd230103c5d9facf699b6e2</flow>
        <order>1</order>
        <parent_ui_id/>
        <sys_class_name>sys_hub_action_instance</sys_class_name>
        <sys_created_by>admin</sys_created_by>
        <sys_created_on>2021-09-02 15:35:19</sys_created_on>
        <sys_id>60b110262f9630103c5d9facf699b6cd</sys_id>
        <sys_mod_count>2</sys_mod_count>
        <sys_scope display_value="ProActive Workflows &amp; Scheduling">073851e22fe130103c5d9facf699b6d9</sys_scope>
        <sys_updated_by>admin</sys_updated_by>
        <sys_updated_on>2021-09-02 15:35:19</sys_updated_on>
        <ui_id>afefb6d6-1dff-4473-9a3a-782fb9aa8f78</ui_id>
    </sys_hub_action_instance>
    <sys_variable_value action="delete_multiple" query="document_key=60b110262f9630103c5d9facf699b6cd"/>
</record_update>
