<?xml version="1.0" encoding="UTF-8"?><record_update table="sys_rest_message_fn_headers">
    <sys_rest_message_fn_headers action="INSERT_OR_UPDATE">
        <name>sessionid</name>
        <rest_message_function display_value="Scheduler status">0184eb5f2fed30103c5d9facf699b682</rest_message_function>
        <sys_class_name>sys_rest_message_fn_headers</sys_class_name>
        <sys_created_by>admin</sys_created_by>
        <sys_created_on>2021-07-30 08:05:38</sys_created_on>
        <sys_id>8184ab5f2fed30103c5d9facf699b680</sys_id>
        <sys_mod_count>1</sys_mod_count>
        <sys_name>sessionid</sys_name>
        <sys_package display_value="ProActive Workflows &amp; Scheduling" source="x_661207_proacti_0">073851e22fe130103c5d9facf699b6d9</sys_package>
        <sys_policy/>
        <sys_scope display_value="ProActive Workflows &amp; Scheduling">073851e22fe130103c5d9facf699b6d9</sys_scope>
        <sys_update_name>sys_rest_message_fn_headers_8184ab5f2fed30103c5d9facf699b680</sys_update_name>
        <sys_updated_by>admin</sys_updated_by>
        <sys_updated_on>2021-07-30 08:07:59</sys_updated_on>
        <value>${sessionid}</value>
    </sys_rest_message_fn_headers>
</record_update>
