<?xml version="1.0" encoding="UTF-8"?><record_update table="sys_ux_composite_data">
    <sys_ux_composite_data action="INSERT_OR_UPDATE">
        <active>true</active>
        <base_filter_label/>
        <name>Custom Portal Landing - My Tasks Dataset</name>
        <query_parameters/>
        <required_roles/>
        <sort_order>descend</sort_order>
        <sys_class_name>sys_ux_composite_data</sys_class_name>
        <sys_created_by>system</sys_created_by>
        <sys_created_on>2021-08-19 11:32:32</sys_created_on>
        <sys_id>96d3d371e6ce3010d3c76e34505f56f3</sys_id>
        <sys_mod_count>0</sys_mod_count>
        <sys_name>Custom Portal Landing - My Tasks Dataset</sys_name>
        <sys_package display_value="ProActive Workflows &amp; Scheduling" source="x_661207_proacti_0">073851e22fe130103c5d9facf699b6d9</sys_package>
        <sys_policy/>
        <sys_scope display_value="ProActive Workflows &amp; Scheduling">073851e22fe130103c5d9facf699b6d9</sys_scope>
        <sys_update_name>sys_ux_composite_data_96d3d371e6ce3010d3c76e34505f56f3</sys_update_name>
        <sys_updated_by>system</sys_updated_by>
        <sys_updated_on>2021-08-19 11:32:32</sys_updated_on>
    </sys_ux_composite_data>
</record_update>
