<?xml version="1.0" encoding="UTF-8"?><record_update sys_domain="global" table="sys_hub_action_type_definition">
    <sys_hub_action_type_definition action="INSERT_OR_UPDATE">
        <access>public</access>
        <acls/>
        <action_template/>
        <active>true</active>
        <annotation>Restart in error tasks of a job that is in ERROR state</annotation>
        <callable_by_client_api>false</callable_by_client_api>
        <category/>
        <copied_from/>
        <copied_from_name/>
        <description>Restart in error tasks</description>
        <ih_action>false</ih_action>
        <internal_name>restart_in_error_tasks</internal_name>
        <label_cache>[{"name":"{{action.sessionid}}","label":"action➛sessionid","type":"action","ref":""},{"name":"{{action.jobid}}","label":"action➛jobId","type":"action","ref":""}]</label_cache>
        <latest_snapshot>36eb98d72f4630103c5d9facf699b646</latest_snapshot>
        <master_snapshot>66eb98d72f4630103c5d9facf699b601</master_snapshot>
        <name>Restart in error tasks</name>
        <natlang/>
        <outputs/>
        <state>published</state>
        <sys_class_name>sys_hub_action_type_definition</sys_class_name>
        <sys_created_by>admin</sys_created_by>
        <sys_created_on>2021-08-19 15:02:00</sys_created_on>
        <sys_domain>global</sys_domain>
        <sys_domain_path>/</sys_domain_path>
        <sys_id>84d340c22f4270103c5d9facf699b6eb</sys_id>
        <sys_mod_count>8</sys_mod_count>
        <sys_name>Restart in error tasks</sys_name>
        <sys_overrides/>
        <sys_package display_value="ProActive Workflows &amp; Scheduling" source="x_661207_proacti_0">073851e22fe130103c5d9facf699b6d9</sys_package>
        <sys_policy/>
        <sys_scope display_value="ProActive Workflows &amp; Scheduling">073851e22fe130103c5d9facf699b6d9</sys_scope>
        <sys_update_name>sys_hub_action_type_definition_84d340c22f4270103c5d9facf699b6eb</sys_update_name>
        <sys_updated_by>admin</sys_updated_by>
        <sys_updated_on>2021-08-23 13:59:44</sys_updated_on>
        <system_level>false</system_level>
        <type/>
    </sys_hub_action_type_definition>
    <sys_translated_text action="delete_multiple" query="documentkey=84d340c22f4270103c5d9facf699b6eb"/>
    <sys_variable_value action="delete_multiple" query="document_key=84d340c22f4270103c5d9facf699b6eb"/>
    <sys_hub_step_instance action="delete_multiple" query="action=84d340c22f4270103c5d9facf699b6eb^sys_idNOT INb79f88ca2f4270103c5d9facf699b612"/>
    <sys_hub_step_instance action="INSERT_OR_UPDATE">
        <action display_value="Restart in error tasks">84d340c22f4270103c5d9facf699b6eb</action>
        <cid>6dc01462-5249-467c-89eb-b10937f6a118</cid>
        <extended_inputs/>
        <extended_inputs/>
        <extended_outputs/>
        <icon/>
        <inputs/>
        <label>Restart in error tasks</label>
        <order>1</order>
        <outputs/>
        <section/>
        <step_type display_value="Script">106afb6647032200b4fad7527c9a71e7</step_type>
        <sys_created_by>admin</sys_created_by>
        <sys_created_on>2021-08-19 15:53:36</sys_created_on>
        <sys_id>b79f88ca2f4270103c5d9facf699b612</sys_id>
        <sys_mod_count>4</sys_mod_count>
        <sys_scope display_value="ProActive Workflows &amp; Scheduling">073851e22fe130103c5d9facf699b6d9</sys_scope>
        <sys_updated_by>admin</sys_updated_by>
        <sys_updated_on>2021-08-20 14:22:42</sys_updated_on>
    </sys_hub_step_instance>
    <sys_variable_value action="delete_multiple" query="document_key=b79f88ca2f4270103c5d9facf699b612"/>
    <sys_variable_value action="INSERT_OR_UPDATE">
        <document>sys_hub_step_instance</document>
        <document_key>b79f88ca2f4270103c5d9facf699b612</document_key>
        <order>400</order>
        <sys_class_name>sys_variable_value</sys_class_name>
        <sys_created_by>admin</sys_created_by>
        <sys_created_on>2021-08-20 13:35:50</sys_created_on>
        <sys_id>3ba974162f4230103c5d9facf699b687</sys_id>
        <sys_mod_count>0</sys_mod_count>
        <sys_updated_by>admin</sys_updated_by>
        <sys_updated_on>2021-08-20 13:35:50</sys_updated_on>
        <value>35aa573fd7802200bdbaee5b5e610375</value>
        <variable display_value="MID Application">f5e56d79b3101300176b051a16a8dce4</variable>
    </sys_variable_value>
    <sys_variable_value action="INSERT_OR_UPDATE">
        <document>sys_hub_step_instance</document>
        <document_key>b79f88ca2f4270103c5d9facf699b612</document_key>
        <order>600</order>
        <sys_class_name>sys_variable_value</sys_class_name>
        <sys_created_by>admin</sys_created_by>
        <sys_created_on>2021-08-19 15:53:37</sys_created_on>
        <sys_id>48af88ca2f4270103c5d9facf699b666</sys_id>
        <sys_mod_count>2</sys_mod_count>
        <sys_updated_by>admin</sys_updated_by>
        <sys_updated_on>2021-08-20 14:22:42</sys_updated_on>
        <value>(function execute(inputs, outputs) {
  var schedulerClient = new SchedulerClient();
  var result = schedulerClient.restartInErrorTasks(inputs.sessionId,inputs.jobId);
  outputs.responsecode = result;
})(inputs, outputs);
</value>
        <variable display_value="Script">71aa7f6647032200b4fad7527c9a719b</variable>
    </sys_variable_value>
    <sys_element_mapping action="delete_multiple" query="id=b79f88ca2f4270103c5d9facf699b612"/>
    <sys_element_mapping action="INSERT_OR_UPDATE">
        <field>application</field>
        <id>b79f88ca2f4270103c5d9facf699b612</id>
        <sys_created_by>admin</sys_created_by>
        <sys_created_on>2021-08-20 13:35:50</sys_created_on>
        <sys_id>bfa974162f4230103c5d9facf699b686</sys_id>
        <sys_mod_count>0</sys_mod_count>
        <sys_updated_by>admin</sys_updated_by>
        <sys_updated_on>2021-08-20 13:35:50</sys_updated_on>
        <table>var__m_sys_flow_step_definition_input_106afb6647032200b4fad7527c9a71e7</table>
        <value/>
    </sys_element_mapping>
    <sys_element_mapping action="INSERT_OR_UPDATE">
        <field>jobId</field>
        <id>b79f88ca2f4270103c5d9facf699b612</id>
        <sys_created_by>admin</sys_created_by>
        <sys_created_on>2021-08-19 15:53:37</sys_created_on>
        <sys_id>88af88ca2f4270103c5d9facf699b667</sys_id>
        <sys_mod_count>0</sys_mod_count>
        <sys_updated_by>admin</sys_updated_by>
        <sys_updated_on>2021-08-19 15:53:37</sys_updated_on>
        <table>var__m_sys_hub_step_ext_input_b79f88ca2f4270103c5d9facf699b612</table>
        <value>{{action.jobid}}</value>
    </sys_element_mapping>
    <sys_element_mapping action="INSERT_OR_UPDATE">
        <field>script</field>
        <id>b79f88ca2f4270103c5d9facf699b612</id>
        <sys_created_by>admin</sys_created_by>
        <sys_created_on>2021-08-19 15:53:36</sys_created_on>
        <sys_id>40af88ca2f4270103c5d9facf699b666</sys_id>
        <sys_mod_count>0</sys_mod_count>
        <sys_updated_by>admin</sys_updated_by>
        <sys_updated_on>2021-08-19 15:53:36</sys_updated_on>
        <table>var__m_sys_flow_step_definition_input_106afb6647032200b4fad7527c9a71e7</table>
        <value/>
    </sys_element_mapping>
    <sys_element_mapping action="INSERT_OR_UPDATE">
        <field>sessionId</field>
        <id>b79f88ca2f4270103c5d9facf699b612</id>
        <sys_created_by>admin</sys_created_by>
        <sys_created_on>2021-08-19 15:53:37</sys_created_on>
        <sys_id>4caf88ca2f4270103c5d9facf699b667</sys_id>
        <sys_mod_count>0</sys_mod_count>
        <sys_updated_by>admin</sys_updated_by>
        <sys_updated_on>2021-08-19 15:53:37</sys_updated_on>
        <table>var__m_sys_hub_step_ext_input_b79f88ca2f4270103c5d9facf699b612</table>
        <value>{{action.sessionid}}</value>
    </sys_element_mapping>
    <sys_hub_step_ext_input action="delete_multiple" query="model=b79f88ca2f4270103c5d9facf699b612^sys_idNOT IN3f9f88ca2f4270103c5d9facf699b644,779f88ca2f4270103c5d9facf699b63f"/>
    <sys_hub_step_ext_input action="INSERT_OR_UPDATE">
        <active>true</active>
        <array>false</array>
        <array_denormalized>false</array_denormalized>
        <attributes>element_mapping_provider=com.glide.flow_design.action.data.FlowDesignVariableMapper,uiType=longint,uiTypeLabel=Long</attributes>
        <audit>false</audit>
        <calculation><![CDATA[(function calculatedFieldValue(current) {

	// Add your code here
	return '';  // return the calculated value

})(current);]]></calculation>
        <choice/>
        <choice_field/>
        <choice_table/>
        <column_label/>
        <comments/>
        <create_roles/>
        <default_value/>
        <defaultsort/>
        <delete_roles/>
        <dependent/>
        <dependent_on_field/>
        <display>false</display>
        <dynamic_creation>false</dynamic_creation>
        <dynamic_creation_script/>
        <dynamic_default_value/>
        <dynamic_ref_qual/>
        <element>jobId</element>
        <element_reference>false</element_reference>
        <foreign_database/>
        <function_definition/>
        <function_field>false</function_field>
        <help/>
        <hint/>
        <internal_type display_value="">longint</internal_type>
        <label/>
        <mandatory>true</mandatory>
        <max_length>40</max_length>
        <model display_value="Restart in error tasks">b79f88ca2f4270103c5d9facf699b612</model>
        <model_id>b79f88ca2f4270103c5d9facf699b612</model_id>
        <model_table>sys_hub_step_instance</model_table>
        <name>var__m_sys_hub_step_ext_input_b79f88ca2f4270103c5d9facf699b612</name>
        <next_element/>
        <order>100</order>
        <primary>false</primary>
        <read_only>false</read_only>
        <read_roles/>
        <reference/>
        <reference_cascade_rule/>
        <reference_floats>false</reference_floats>
        <reference_key/>
        <reference_qual/>
        <reference_qual_condition/>
        <reference_type/>
        <sizeclass/>
        <spell_check>false</spell_check>
        <staged>false</staged>
        <sys_class_name>sys_hub_step_ext_input</sys_class_name>
        <sys_created_by>admin</sys_created_by>
        <sys_created_on>2021-08-19 15:53:36</sys_created_on>
        <sys_id>3f9f88ca2f4270103c5d9facf699b644</sys_id>
        <sys_mod_count>0</sys_mod_count>
        <sys_name/>
        <sys_package/>
        <sys_policy/>
        <sys_scope display_value="ProActive Workflows &amp; Scheduling">073851e22fe130103c5d9facf699b6d9</sys_scope>
        <sys_update_name/>
        <sys_updated_by>admin</sys_updated_by>
        <sys_updated_on>2021-08-19 15:53:36</sys_updated_on>
        <table_reference>false</table_reference>
        <text_index>false</text_index>
        <unique>false</unique>
        <use_dependent_field>false</use_dependent_field>
        <use_dynamic_default>false</use_dynamic_default>
        <use_reference_qualifier>simple</use_reference_qualifier>
        <virtual>false</virtual>
        <widget/>
        <write_roles/>
        <xml_view>false</xml_view>
    </sys_hub_step_ext_input>
    <sys_hub_step_ext_input action="INSERT_OR_UPDATE">
        <active>true</active>
        <array>false</array>
        <array_denormalized>false</array_denormalized>
        <attributes>element_mapping_provider=com.glide.flow_design.action.data.FlowDesignVariableMapper,uiType=string,uiTypeLabel=String</attributes>
        <audit>false</audit>
        <calculation><![CDATA[(function calculatedFieldValue(current) {

	// Add your code here
	return '';  // return the calculated value

})(current);]]></calculation>
        <choice/>
        <choice_field/>
        <choice_table/>
        <column_label/>
        <comments/>
        <create_roles/>
        <default_value/>
        <defaultsort/>
        <delete_roles/>
        <dependent/>
        <dependent_on_field/>
        <display>false</display>
        <dynamic_creation>false</dynamic_creation>
        <dynamic_creation_script/>
        <dynamic_default_value/>
        <dynamic_ref_qual/>
        <element>sessionId</element>
        <element_reference>false</element_reference>
        <foreign_database/>
        <function_definition/>
        <function_field>false</function_field>
        <help/>
        <hint/>
        <internal_type display_value="String">string</internal_type>
        <label/>
        <mandatory>true</mandatory>
        <max_length>8000</max_length>
        <model display_value="Restart in error tasks">b79f88ca2f4270103c5d9facf699b612</model>
        <model_id>b79f88ca2f4270103c5d9facf699b612</model_id>
        <model_table>sys_hub_step_instance</model_table>
        <name>var__m_sys_hub_step_ext_input_b79f88ca2f4270103c5d9facf699b612</name>
        <next_element/>
        <order>0</order>
        <primary>false</primary>
        <read_only>false</read_only>
        <read_roles/>
        <reference/>
        <reference_cascade_rule/>
        <reference_floats>false</reference_floats>
        <reference_key/>
        <reference_qual/>
        <reference_qual_condition/>
        <reference_type/>
        <sizeclass/>
        <spell_check>false</spell_check>
        <staged>false</staged>
        <sys_class_name>sys_hub_step_ext_input</sys_class_name>
        <sys_created_by>admin</sys_created_by>
        <sys_created_on>2021-08-19 15:53:36</sys_created_on>
        <sys_id>779f88ca2f4270103c5d9facf699b63f</sys_id>
        <sys_mod_count>0</sys_mod_count>
        <sys_name/>
        <sys_package/>
        <sys_policy/>
        <sys_scope display_value="ProActive Workflows &amp; Scheduling">073851e22fe130103c5d9facf699b6d9</sys_scope>
        <sys_update_name/>
        <sys_updated_by>admin</sys_updated_by>
        <sys_updated_on>2021-08-19 15:53:36</sys_updated_on>
        <table_reference>false</table_reference>
        <text_index>false</text_index>
        <unique>false</unique>
        <use_dependent_field>false</use_dependent_field>
        <use_dynamic_default>false</use_dynamic_default>
        <use_reference_qualifier>simple</use_reference_qualifier>
        <virtual>false</virtual>
        <widget/>
        <write_roles/>
        <xml_view>false</xml_view>
    </sys_hub_step_ext_input>
    <sys_hub_action_input action="delete_multiple" query="model=84d340c22f4270103c5d9facf699b6eb^sys_idNOT IN639f88ca2f4270103c5d9facf699b60b,a39f408a2f4270103c5d9facf699b630"/>
    <sys_hub_action_input action="INSERT_OR_UPDATE">
        <active>true</active>
        <array>false</array>
        <array_denormalized>false</array_denormalized>
        <attributes>element_mapping_provider=com.glide.flow_design.action.data.FlowDesignVariableMapper,uiType=longint,uiTypeLabel=Long,uiUniqueId=2318e929-cbf4-46d8-a304-d7a70d0d2023</attributes>
        <audit>false</audit>
        <calculation><![CDATA[(function calculatedFieldValue(current) {

	// Add your code here
	return '';  // return the calculated value

})(current);]]></calculation>
        <choice/>
        <choice_field/>
        <choice_table/>
        <column_label/>
        <comments/>
        <create_roles/>
        <default_value/>
        <defaultsort/>
        <delete_roles/>
        <dependent/>
        <dependent_on_field/>
        <display>false</display>
        <dynamic_creation>false</dynamic_creation>
        <dynamic_creation_script/>
        <dynamic_default_value/>
        <dynamic_ref_qual/>
        <element>jobid</element>
        <element_reference>false</element_reference>
        <foreign_database/>
        <function_definition/>
        <function_field>false</function_field>
        <help/>
        <hint/>
        <internal_type display_value="">longint</internal_type>
        <label>jobId</label>
        <mandatory>true</mandatory>
        <max_length>40</max_length>
        <model display_value="Restart in error tasks">84d340c22f4270103c5d9facf699b6eb</model>
        <model_id>84d340c22f4270103c5d9facf699b6eb</model_id>
        <model_table>sys_hub_action_type_definition</model_table>
        <name>var__m_sys_hub_action_input_84d340c22f4270103c5d9facf699b6eb</name>
        <next_element/>
        <order>2</order>
        <primary>false</primary>
        <read_only>false</read_only>
        <read_roles/>
        <reference/>
        <reference_cascade_rule/>
        <reference_floats>false</reference_floats>
        <reference_key/>
        <reference_qual/>
        <reference_qual_condition/>
        <reference_type/>
        <sizeclass/>
        <spell_check>false</spell_check>
        <staged>false</staged>
        <sys_class_name>sys_hub_action_input</sys_class_name>
        <sys_created_by>admin</sys_created_by>
        <sys_created_on>2021-08-19 15:53:35</sys_created_on>
        <sys_id>639f88ca2f4270103c5d9facf699b60b</sys_id>
        <sys_mod_count>0</sys_mod_count>
        <sys_name/>
        <sys_package/>
        <sys_policy/>
        <sys_scope display_value="ProActive Workflows &amp; Scheduling">073851e22fe130103c5d9facf699b6d9</sys_scope>
        <sys_update_name/>
        <sys_updated_by>admin</sys_updated_by>
        <sys_updated_on>2021-08-19 15:53:35</sys_updated_on>
        <table_reference>false</table_reference>
        <text_index>false</text_index>
        <unique>false</unique>
        <use_dependent_field>false</use_dependent_field>
        <use_dynamic_default>false</use_dynamic_default>
        <use_reference_qualifier>simple</use_reference_qualifier>
        <virtual>false</virtual>
        <widget/>
        <write_roles/>
        <xml_view>false</xml_view>
    </sys_hub_action_input>
    <sys_hub_action_input action="INSERT_OR_UPDATE">
        <active>true</active>
        <array>false</array>
        <array_denormalized>false</array_denormalized>
        <attributes>element_mapping_provider=com.glide.flow_design.action.data.FlowDesignVariableMapper,uiType=string,uiTypeLabel=String,uiUniqueId=8021746b-c180-4416-bff0-25198fad8809</attributes>
        <audit>false</audit>
        <calculation><![CDATA[(function calculatedFieldValue(current) {

	// Add your code here
	return '';  // return the calculated value

})(current);]]></calculation>
        <choice/>
        <choice_field/>
        <choice_table/>
        <column_label/>
        <comments/>
        <create_roles/>
        <default_value/>
        <defaultsort/>
        <delete_roles/>
        <dependent/>
        <dependent_on_field/>
        <display>false</display>
        <dynamic_creation>false</dynamic_creation>
        <dynamic_creation_script/>
        <dynamic_default_value/>
        <dynamic_ref_qual/>
        <element>sessionid</element>
        <element_reference>false</element_reference>
        <foreign_database/>
        <function_definition/>
        <function_field>false</function_field>
        <help/>
        <hint/>
        <internal_type display_value="String">string</internal_type>
        <label>sessionid</label>
        <mandatory>true</mandatory>
        <max_length>8000</max_length>
        <model display_value="Restart in error tasks">84d340c22f4270103c5d9facf699b6eb</model>
        <model_id>84d340c22f4270103c5d9facf699b6eb</model_id>
        <model_table>sys_hub_action_type_definition</model_table>
        <name>var__m_sys_hub_action_input_84d340c22f4270103c5d9facf699b6eb</name>
        <next_element/>
        <order>1</order>
        <primary>false</primary>
        <read_only>false</read_only>
        <read_roles/>
        <reference/>
        <reference_cascade_rule/>
        <reference_floats>false</reference_floats>
        <reference_key/>
        <reference_qual/>
        <reference_qual_condition/>
        <reference_type/>
        <sizeclass/>
        <spell_check>false</spell_check>
        <staged>false</staged>
        <sys_class_name>sys_hub_action_input</sys_class_name>
        <sys_created_by>admin</sys_created_by>
        <sys_created_on>2021-08-19 15:53:35</sys_created_on>
        <sys_id>a39f408a2f4270103c5d9facf699b630</sys_id>
        <sys_mod_count>0</sys_mod_count>
        <sys_name/>
        <sys_package/>
        <sys_policy/>
        <sys_scope display_value="ProActive Workflows &amp; Scheduling">073851e22fe130103c5d9facf699b6d9</sys_scope>
        <sys_update_name/>
        <sys_updated_by>admin</sys_updated_by>
        <sys_updated_on>2021-08-19 15:53:35</sys_updated_on>
        <table_reference>false</table_reference>
        <text_index>false</text_index>
        <unique>false</unique>
        <use_dependent_field>false</use_dependent_field>
        <use_dynamic_default>false</use_dynamic_default>
        <use_reference_qualifier>simple</use_reference_qualifier>
        <virtual>false</virtual>
        <widget/>
        <write_roles/>
        <xml_view>false</xml_view>
    </sys_hub_action_input>
    <sys_documentation action="delete_multiple" query="name=var__m_sys_hub_action_input_84d340c22f4270103c5d9facf699b6eb^sys_idNOT IN7f9f88ca2f4270103c5d9facf699b60f,ab9f88ca2f4270103c5d9facf699b609"/>
    <sys_documentation action="INSERT_OR_UPDATE">
        <element>jobid</element>
        <help/>
        <hint/>
        <label>jobId</label>
        <language>en</language>
        <name>var__m_sys_hub_action_input_84d340c22f4270103c5d9facf699b6eb</name>
        <plural/>
        <sys_class_name>sys_documentation</sys_class_name>
        <sys_created_by>admin</sys_created_by>
        <sys_created_on>2021-08-19 15:53:35</sys_created_on>
        <sys_id>7f9f88ca2f4270103c5d9facf699b60f</sys_id>
        <sys_mod_count>0</sys_mod_count>
        <sys_name/>
        <sys_package display_value="ProActive Workflows &amp; Scheduling" source="x_661207_proacti_0">073851e22fe130103c5d9facf699b6d9</sys_package>
        <sys_policy/>
        <sys_scope display_value="ProActive Workflows &amp; Scheduling">073851e22fe130103c5d9facf699b6d9</sys_scope>
        <sys_update_name/>
        <sys_updated_by>admin</sys_updated_by>
        <sys_updated_on>2021-08-19 15:53:35</sys_updated_on>
        <url/>
        <url_target/>
    </sys_documentation>
    <sys_documentation action="INSERT_OR_UPDATE">
        <element>sessionid</element>
        <help/>
        <hint/>
        <label>sessionid</label>
        <language>en</language>
        <name>var__m_sys_hub_action_input_84d340c22f4270103c5d9facf699b6eb</name>
        <plural/>
        <sys_class_name>sys_documentation</sys_class_name>
        <sys_created_by>admin</sys_created_by>
        <sys_created_on>2021-08-19 15:53:35</sys_created_on>
        <sys_id>ab9f88ca2f4270103c5d9facf699b609</sys_id>
        <sys_mod_count>0</sys_mod_count>
        <sys_name/>
        <sys_package display_value="ProActive Workflows &amp; Scheduling" source="x_661207_proacti_0">073851e22fe130103c5d9facf699b6d9</sys_package>
        <sys_policy/>
        <sys_scope display_value="ProActive Workflows &amp; Scheduling">073851e22fe130103c5d9facf699b6d9</sys_scope>
        <sys_update_name/>
        <sys_updated_by>admin</sys_updated_by>
        <sys_updated_on>2021-08-19 15:53:35</sys_updated_on>
        <url/>
        <url_target/>
    </sys_documentation>
    <sys_hub_action_plan action="delete_multiple" query="action_id=84d340c22f4270103c5d9facf699b6eb^sys_idNOT INc3eb98d72f4630103c5d9facf699b68a"/>
    <sys_hub_action_plan action="INSERT_OR_UPDATE">
        <action_id display_value="Restart in error tasks">84d340c22f4270103c5d9facf699b6eb</action_id>
        <plan>{"persistor":{"@class":".ChunkingPlanPersistor","table":"sys_hub_action_plan","id":"c3eb98d72f4630103c5d9facf699b68a","name":"plan"}}</plan>
        <snapshot>36eb98d72f4630103c5d9facf699b646</snapshot>
        <sys_created_by>admin</sys_created_by>
        <sys_created_on>2021-08-23 13:59:45</sys_created_on>
        <sys_domain>global</sys_domain>
        <sys_domain_path>/</sys_domain_path>
        <sys_id>c3eb98d72f4630103c5d9facf699b68a</sys_id>
        <sys_mod_count>0</sys_mod_count>
        <sys_overrides/>
        <sys_scope/>
        <sys_updated_by>admin</sys_updated_by>
        <sys_updated_on>2021-08-23 13:59:45</sys_updated_on>
    </sys_hub_action_plan>
    <sys_hub_action_type_snapshot action="INSERT_OR_UPDATE">
        <access>public</access>
        <acls/>
        <action_template/>
        <annotation>Restart in error tasks of a job that is in ERROR state</annotation>
        <callable_by_client_api>false</callable_by_client_api>
        <category/>
        <copied_from/>
        <copied_from_name/>
        <description>Restart in error tasks</description>
        <internal_name>restart_in_error_tasks</internal_name>
        <label_cache>[{"name":"{{action.sessionid}}","label":"action➛sessionid","type":"action","ref":""},{"name":"{{action.jobid}}","label":"action➛jobId","type":"action","ref":""}]</label_cache>
        <master>true</master>
        <name>Restart in error tasks</name>
        <natlang/>
        <outputs/>
        <parent_action display_value="Restart in error tasks">84d340c22f4270103c5d9facf699b6eb</parent_action>
        <sys_class_name>sys_hub_action_type_snapshot</sys_class_name>
        <sys_created_by>admin</sys_created_by>
        <sys_created_on>2021-08-23 13:59:42</sys_created_on>
        <sys_domain>global</sys_domain>
        <sys_domain_path>/</sys_domain_path>
        <sys_id>66eb98d72f4630103c5d9facf699b601</sys_id>
        <sys_mod_count>0</sys_mod_count>
        <sys_name/>
        <sys_overrides/>
        <sys_package/>
        <sys_policy/>
        <sys_scope display_value="ProActive Workflows &amp; Scheduling">073851e22fe130103c5d9facf699b6d9</sys_scope>
        <sys_update_name/>
        <sys_updated_by>admin</sys_updated_by>
        <sys_updated_on>2021-08-23 13:59:42</sys_updated_on>
        <system_level>false</system_level>
        <type/>
    </sys_hub_action_type_snapshot>
    <sys_translated_text action="delete_multiple" query="documentkey=66eb98d72f4630103c5d9facf699b601"/>
    <sys_variable_value action="delete_multiple" query="document_key=66eb98d72f4630103c5d9facf699b601"/>
    <sys_hub_step_instance action="delete_multiple" query="action=66eb98d72f4630103c5d9facf699b601^sys_idNOT IN7eeb98d72f4630103c5d9facf699b620"/>
    <sys_hub_step_instance action="INSERT_OR_UPDATE">
        <action display_value="Restart in error tasks">66eb98d72f4630103c5d9facf699b601</action>
        <cid>6dc01462-5249-467c-89eb-b10937f6a118</cid>
        <extended_inputs/>
        <extended_inputs/>
        <extended_outputs/>
        <icon/>
        <inputs/>
        <label>Restart in error tasks</label>
        <order>1</order>
        <outputs/>
        <section/>
        <step_type display_value="Script">106afb6647032200b4fad7527c9a71e7</step_type>
        <sys_created_by>admin</sys_created_by>
        <sys_created_on>2021-08-23 13:59:43</sys_created_on>
        <sys_id>7eeb98d72f4630103c5d9facf699b620</sys_id>
        <sys_mod_count>1</sys_mod_count>
        <sys_scope display_value="ProActive Workflows &amp; Scheduling">073851e22fe130103c5d9facf699b6d9</sys_scope>
        <sys_updated_by>admin</sys_updated_by>
        <sys_updated_on>2021-08-23 13:59:43</sys_updated_on>
    </sys_hub_step_instance>
    <sys_variable_value action="delete_multiple" query="document_key=7eeb98d72f4630103c5d9facf699b620"/>
    <sys_variable_value action="INSERT_OR_UPDATE">
        <document>sys_hub_step_instance</document>
        <document_key>7eeb98d72f4630103c5d9facf699b620</document_key>
        <order>600</order>
        <sys_class_name>sys_variable_value</sys_class_name>
        <sys_created_by>admin</sys_created_by>
        <sys_created_on>2021-08-23 13:59:43</sys_created_on>
        <sys_id>baeb98d72f4630103c5d9facf699b641</sys_id>
        <sys_mod_count>0</sys_mod_count>
        <sys_updated_by>admin</sys_updated_by>
        <sys_updated_on>2021-08-23 13:59:43</sys_updated_on>
        <value>(function execute(inputs, outputs) {
  var schedulerClient = new SchedulerClient();
  var result = schedulerClient.restartInErrorTasks(inputs.sessionId,inputs.jobId);
  outputs.responsecode = result;
})(inputs, outputs);
</value>
        <variable display_value="Script">71aa7f6647032200b4fad7527c9a719b</variable>
    </sys_variable_value>
    <sys_variable_value action="INSERT_OR_UPDATE">
        <document>sys_hub_step_instance</document>
        <document_key>7eeb98d72f4630103c5d9facf699b620</document_key>
        <order>400</order>
        <sys_class_name>sys_variable_value</sys_class_name>
        <sys_created_by>admin</sys_created_by>
        <sys_created_on>2021-08-23 13:59:43</sys_created_on>
        <sys_id>f2eb98d72f4630103c5d9facf699b641</sys_id>
        <sys_mod_count>0</sys_mod_count>
        <sys_updated_by>admin</sys_updated_by>
        <sys_updated_on>2021-08-23 13:59:43</sys_updated_on>
        <value>35aa573fd7802200bdbaee5b5e610375</value>
        <variable display_value="MID Application">f5e56d79b3101300176b051a16a8dce4</variable>
    </sys_variable_value>
    <sys_element_mapping action="delete_multiple" query="id=7eeb98d72f4630103c5d9facf699b620"/>
    <sys_element_mapping action="INSERT_OR_UPDATE">
        <field>application</field>
        <id>7eeb98d72f4630103c5d9facf699b620</id>
        <sys_created_by>admin</sys_created_by>
        <sys_created_on>2021-08-23 13:59:43</sys_created_on>
        <sys_id>baeb98d72f4630103c5d9facf699b640</sys_id>
        <sys_mod_count>0</sys_mod_count>
        <sys_updated_by>admin</sys_updated_by>
        <sys_updated_on>2021-08-23 13:59:43</sys_updated_on>
        <table>var__m_sys_flow_step_definition_input_106afb6647032200b4fad7527c9a71e7</table>
        <value/>
    </sys_element_mapping>
    <sys_element_mapping action="INSERT_OR_UPDATE">
        <field>jobId</field>
        <id>7eeb98d72f4630103c5d9facf699b620</id>
        <sys_created_by>admin</sys_created_by>
        <sys_created_on>2021-08-23 13:59:43</sys_created_on>
        <sys_id>b6eb98d72f4630103c5d9facf699b642</sys_id>
        <sys_mod_count>0</sys_mod_count>
        <sys_updated_by>admin</sys_updated_by>
        <sys_updated_on>2021-08-23 13:59:43</sys_updated_on>
        <table>var__m_sys_hub_step_ext_input_7eeb98d72f4630103c5d9facf699b620</table>
        <value>{{action.jobid}}</value>
    </sys_element_mapping>
    <sys_element_mapping action="INSERT_OR_UPDATE">
        <field>script</field>
        <id>7eeb98d72f4630103c5d9facf699b620</id>
        <sys_created_by>admin</sys_created_by>
        <sys_created_on>2021-08-23 13:59:43</sys_created_on>
        <sys_id>72eb98d72f4630103c5d9facf699b641</sys_id>
        <sys_mod_count>0</sys_mod_count>
        <sys_updated_by>admin</sys_updated_by>
        <sys_updated_on>2021-08-23 13:59:43</sys_updated_on>
        <table>var__m_sys_flow_step_definition_input_106afb6647032200b4fad7527c9a71e7</table>
        <value/>
    </sys_element_mapping>
    <sys_element_mapping action="INSERT_OR_UPDATE">
        <field>sessionId</field>
        <id>7eeb98d72f4630103c5d9facf699b620</id>
        <sys_created_by>admin</sys_created_by>
        <sys_created_on>2021-08-23 13:59:43</sys_created_on>
        <sys_id>7aeb98d72f4630103c5d9facf699b642</sys_id>
        <sys_mod_count>0</sys_mod_count>
        <sys_updated_by>admin</sys_updated_by>
        <sys_updated_on>2021-08-23 13:59:43</sys_updated_on>
        <table>var__m_sys_hub_step_ext_input_7eeb98d72f4630103c5d9facf699b620</table>
        <value>{{action.sessionid}}</value>
    </sys_element_mapping>
    <sys_hub_step_ext_input action="delete_multiple" query="model=7eeb98d72f4630103c5d9facf699b620^sys_idNOT INbeeb98d72f4630103c5d9facf699b62a,f2eb98d72f4630103c5d9facf699b624"/>
    <sys_hub_step_ext_input action="INSERT_OR_UPDATE">
        <active>true</active>
        <array>false</array>
        <array_denormalized>false</array_denormalized>
        <attributes>element_mapping_provider=com.glide.flow_design.action.data.FlowDesignVariableMapper,uiType=longint,uiTypeLabel=Long</attributes>
        <audit>false</audit>
        <calculation><![CDATA[(function calculatedFieldValue(current) {

	// Add your code here
	return '';  // return the calculated value

})(current);]]></calculation>
        <choice/>
        <choice_field/>
        <choice_table/>
        <column_label/>
        <comments/>
        <create_roles/>
        <default_value/>
        <defaultsort/>
        <delete_roles/>
        <dependent/>
        <dependent_on_field/>
        <display>false</display>
        <dynamic_creation>false</dynamic_creation>
        <dynamic_creation_script/>
        <dynamic_default_value/>
        <dynamic_ref_qual/>
        <element>jobId</element>
        <element_reference>false</element_reference>
        <foreign_database/>
        <function_definition/>
        <function_field>false</function_field>
        <help/>
        <hint/>
        <internal_type display_value="">longint</internal_type>
        <label>jobId</label>
        <mandatory>true</mandatory>
        <max_length>40</max_length>
        <model display_value="Restart in error tasks">7eeb98d72f4630103c5d9facf699b620</model>
        <model_id>7eeb98d72f4630103c5d9facf699b620</model_id>
        <model_table>sys_hub_step_instance</model_table>
        <name>var__m_sys_hub_step_ext_input_7eeb98d72f4630103c5d9facf699b620</name>
        <next_element/>
        <order>100</order>
        <primary>false</primary>
        <read_only>false</read_only>
        <read_roles/>
        <reference/>
        <reference_cascade_rule/>
        <reference_floats>false</reference_floats>
        <reference_key/>
        <reference_qual/>
        <reference_qual_condition/>
        <reference_type/>
        <sizeclass/>
        <spell_check>false</spell_check>
        <staged>false</staged>
        <sys_class_name>sys_hub_step_ext_input</sys_class_name>
        <sys_created_by>admin</sys_created_by>
        <sys_created_on>2021-08-23 13:59:43</sys_created_on>
        <sys_id>beeb98d72f4630103c5d9facf699b62a</sys_id>
        <sys_mod_count>0</sys_mod_count>
        <sys_name/>
        <sys_package/>
        <sys_policy/>
        <sys_scope display_value="ProActive Workflows &amp; Scheduling">073851e22fe130103c5d9facf699b6d9</sys_scope>
        <sys_update_name/>
        <sys_updated_by>admin</sys_updated_by>
        <sys_updated_on>2021-08-23 13:59:43</sys_updated_on>
        <table_reference>false</table_reference>
        <text_index>false</text_index>
        <unique>false</unique>
        <use_dependent_field>false</use_dependent_field>
        <use_dynamic_default>false</use_dynamic_default>
        <use_reference_qualifier>simple</use_reference_qualifier>
        <virtual>false</virtual>
        <widget/>
        <write_roles/>
        <xml_view>false</xml_view>
    </sys_hub_step_ext_input>
    <sys_hub_step_ext_input action="INSERT_OR_UPDATE">
        <active>true</active>
        <array>false</array>
        <array_denormalized>false</array_denormalized>
        <attributes>element_mapping_provider=com.glide.flow_design.action.data.FlowDesignVariableMapper,uiType=string,uiTypeLabel=String</attributes>
        <audit>false</audit>
        <calculation><![CDATA[(function calculatedFieldValue(current) {

	// Add your code here
	return '';  // return the calculated value

})(current);]]></calculation>
        <choice/>
        <choice_field/>
        <choice_table/>
        <column_label/>
        <comments/>
        <create_roles/>
        <default_value/>
        <defaultsort/>
        <delete_roles/>
        <dependent/>
        <dependent_on_field/>
        <display>false</display>
        <dynamic_creation>false</dynamic_creation>
        <dynamic_creation_script/>
        <dynamic_default_value/>
        <dynamic_ref_qual/>
        <element>sessionId</element>
        <element_reference>false</element_reference>
        <foreign_database/>
        <function_definition/>
        <function_field>false</function_field>
        <help/>
        <hint/>
        <internal_type display_value="String">string</internal_type>
        <label>sessionId</label>
        <mandatory>true</mandatory>
        <max_length>8000</max_length>
        <model display_value="Restart in error tasks">7eeb98d72f4630103c5d9facf699b620</model>
        <model_id>7eeb98d72f4630103c5d9facf699b620</model_id>
        <model_table>sys_hub_step_instance</model_table>
        <name>var__m_sys_hub_step_ext_input_7eeb98d72f4630103c5d9facf699b620</name>
        <next_element/>
        <order>0</order>
        <primary>false</primary>
        <read_only>false</read_only>
        <read_roles/>
        <reference/>
        <reference_cascade_rule/>
        <reference_floats>false</reference_floats>
        <reference_key/>
        <reference_qual/>
        <reference_qual_condition/>
        <reference_type/>
        <sizeclass/>
        <spell_check>false</spell_check>
        <staged>false</staged>
        <sys_class_name>sys_hub_step_ext_input</sys_class_name>
        <sys_created_by>admin</sys_created_by>
        <sys_created_on>2021-08-23 13:59:43</sys_created_on>
        <sys_id>f2eb98d72f4630103c5d9facf699b624</sys_id>
        <sys_mod_count>0</sys_mod_count>
        <sys_name/>
        <sys_package/>
        <sys_policy/>
        <sys_scope display_value="ProActive Workflows &amp; Scheduling">073851e22fe130103c5d9facf699b6d9</sys_scope>
        <sys_update_name/>
        <sys_updated_by>admin</sys_updated_by>
        <sys_updated_on>2021-08-23 13:59:43</sys_updated_on>
        <table_reference>false</table_reference>
        <text_index>false</text_index>
        <unique>false</unique>
        <use_dependent_field>false</use_dependent_field>
        <use_dynamic_default>false</use_dynamic_default>
        <use_reference_qualifier>simple</use_reference_qualifier>
        <virtual>false</virtual>
        <widget/>
        <write_roles/>
        <xml_view>false</xml_view>
    </sys_hub_step_ext_input>
    <sys_hub_action_input action="delete_multiple" query="model=66eb98d72f4630103c5d9facf699b601^sys_idNOT IN66eb98d72f4630103c5d9facf699b604,aeeb98d72f4630103c5d9facf699b619"/>
    <sys_hub_action_input action="INSERT_OR_UPDATE">
        <active>true</active>
        <array>false</array>
        <array_denormalized>false</array_denormalized>
        <attributes>element_mapping_provider=com.glide.flow_design.action.data.FlowDesignVariableMapper,uiType=string,uiTypeLabel=String,uiUniqueId=8021746b-c180-4416-bff0-25198fad8809</attributes>
        <audit>false</audit>
        <calculation><![CDATA[(function calculatedFieldValue(current) {

	// Add your code here
	return '';  // return the calculated value

})(current);]]></calculation>
        <choice/>
        <choice_field/>
        <choice_table/>
        <column_label/>
        <comments/>
        <create_roles/>
        <default_value/>
        <defaultsort/>
        <delete_roles/>
        <dependent/>
        <dependent_on_field/>
        <display>false</display>
        <dynamic_creation>false</dynamic_creation>
        <dynamic_creation_script/>
        <dynamic_default_value/>
        <dynamic_ref_qual/>
        <element>sessionid</element>
        <element_reference>false</element_reference>
        <foreign_database/>
        <function_definition/>
        <function_field>false</function_field>
        <help/>
        <hint/>
        <internal_type display_value="String">string</internal_type>
        <label>sessionid</label>
        <mandatory>true</mandatory>
        <max_length>8000</max_length>
        <model display_value="Restart in error tasks">66eb98d72f4630103c5d9facf699b601</model>
        <model_id>66eb98d72f4630103c5d9facf699b601</model_id>
        <model_table>sys_hub_action_type_snapshot</model_table>
        <name>var__m_sys_hub_action_input_66eb98d72f4630103c5d9facf699b601</name>
        <next_element/>
        <order>1</order>
        <primary>false</primary>
        <read_only>false</read_only>
        <read_roles/>
        <reference/>
        <reference_cascade_rule/>
        <reference_floats>false</reference_floats>
        <reference_key/>
        <reference_qual/>
        <reference_qual_condition/>
        <reference_type/>
        <sizeclass/>
        <spell_check>false</spell_check>
        <staged>false</staged>
        <sys_class_name>sys_hub_action_input</sys_class_name>
        <sys_created_by>admin</sys_created_by>
        <sys_created_on>2021-08-23 13:59:42</sys_created_on>
        <sys_id>66eb98d72f4630103c5d9facf699b604</sys_id>
        <sys_mod_count>0</sys_mod_count>
        <sys_name/>
        <sys_package/>
        <sys_policy/>
        <sys_scope display_value="ProActive Workflows &amp; Scheduling">073851e22fe130103c5d9facf699b6d9</sys_scope>
        <sys_update_name/>
        <sys_updated_by>admin</sys_updated_by>
        <sys_updated_on>2021-08-23 13:59:42</sys_updated_on>
        <table_reference>false</table_reference>
        <text_index>false</text_index>
        <unique>false</unique>
        <use_dependent_field>false</use_dependent_field>
        <use_dynamic_default>false</use_dynamic_default>
        <use_reference_qualifier>simple</use_reference_qualifier>
        <virtual>false</virtual>
        <widget/>
        <write_roles/>
        <xml_view>false</xml_view>
    </sys_hub_action_input>
    <sys_hub_action_input action="INSERT_OR_UPDATE">
        <active>true</active>
        <array>false</array>
        <array_denormalized>false</array_denormalized>
        <attributes>element_mapping_provider=com.glide.flow_design.action.data.FlowDesignVariableMapper,uiType=longint,uiTypeLabel=Long,uiUniqueId=2318e929-cbf4-46d8-a304-d7a70d0d2023</attributes>
        <audit>false</audit>
        <calculation><![CDATA[(function calculatedFieldValue(current) {

	// Add your code here
	return '';  // return the calculated value

})(current);]]></calculation>
        <choice/>
        <choice_field/>
        <choice_table/>
        <column_label/>
        <comments/>
        <create_roles/>
        <default_value/>
        <defaultsort/>
        <delete_roles/>
        <dependent/>
        <dependent_on_field/>
        <display>false</display>
        <dynamic_creation>false</dynamic_creation>
        <dynamic_creation_script/>
        <dynamic_default_value/>
        <dynamic_ref_qual/>
        <element>jobid</element>
        <element_reference>false</element_reference>
        <foreign_database/>
        <function_definition/>
        <function_field>false</function_field>
        <help/>
        <hint/>
        <internal_type display_value="">longint</internal_type>
        <label>jobId</label>
        <mandatory>true</mandatory>
        <max_length>40</max_length>
        <model display_value="Restart in error tasks">66eb98d72f4630103c5d9facf699b601</model>
        <model_id>66eb98d72f4630103c5d9facf699b601</model_id>
        <model_table>sys_hub_action_type_snapshot</model_table>
        <name>var__m_sys_hub_action_input_66eb98d72f4630103c5d9facf699b601</name>
        <next_element/>
        <order>2</order>
        <primary>false</primary>
        <read_only>false</read_only>
        <read_roles/>
        <reference/>
        <reference_cascade_rule/>
        <reference_floats>false</reference_floats>
        <reference_key/>
        <reference_qual/>
        <reference_qual_condition/>
        <reference_type/>
        <sizeclass/>
        <spell_check>false</spell_check>
        <staged>false</staged>
        <sys_class_name>sys_hub_action_input</sys_class_name>
        <sys_created_by>admin</sys_created_by>
        <sys_created_on>2021-08-23 13:59:43</sys_created_on>
        <sys_id>aeeb98d72f4630103c5d9facf699b619</sys_id>
        <sys_mod_count>0</sys_mod_count>
        <sys_name/>
        <sys_package/>
        <sys_policy/>
        <sys_scope display_value="ProActive Workflows &amp; Scheduling">073851e22fe130103c5d9facf699b6d9</sys_scope>
        <sys_update_name/>
        <sys_updated_by>admin</sys_updated_by>
        <sys_updated_on>2021-08-23 13:59:43</sys_updated_on>
        <table_reference>false</table_reference>
        <text_index>false</text_index>
        <unique>false</unique>
        <use_dependent_field>false</use_dependent_field>
        <use_dynamic_default>false</use_dynamic_default>
        <use_reference_qualifier>simple</use_reference_qualifier>
        <virtual>false</virtual>
        <widget/>
        <write_roles/>
        <xml_view>false</xml_view>
    </sys_hub_action_input>
    <sys_documentation action="delete_multiple" query="name=var__m_sys_hub_action_input_66eb98d72f4630103c5d9facf699b601^sys_idNOT IN26eb98d72f4630103c5d9facf699b618,a6eb98d72f4630103c5d9facf699b61e"/>
    <sys_documentation action="INSERT_OR_UPDATE">
        <element>sessionid</element>
        <help/>
        <hint/>
        <label>sessionid</label>
        <language>en</language>
        <name>var__m_sys_hub_action_input_66eb98d72f4630103c5d9facf699b601</name>
        <plural/>
        <sys_class_name>sys_documentation</sys_class_name>
        <sys_created_by>admin</sys_created_by>
        <sys_created_on>2021-08-23 13:59:43</sys_created_on>
        <sys_id>26eb98d72f4630103c5d9facf699b618</sys_id>
        <sys_mod_count>0</sys_mod_count>
        <sys_name/>
        <sys_package display_value="ProActive Workflows &amp; Scheduling" source="x_661207_proacti_0">073851e22fe130103c5d9facf699b6d9</sys_package>
        <sys_policy/>
        <sys_scope display_value="ProActive Workflows &amp; Scheduling">073851e22fe130103c5d9facf699b6d9</sys_scope>
        <sys_update_name/>
        <sys_updated_by>admin</sys_updated_by>
        <sys_updated_on>2021-08-23 13:59:43</sys_updated_on>
        <url/>
        <url_target/>
    </sys_documentation>
    <sys_documentation action="INSERT_OR_UPDATE">
        <element>jobid</element>
        <help/>
        <hint/>
        <label>jobId</label>
        <language>en</language>
        <name>var__m_sys_hub_action_input_66eb98d72f4630103c5d9facf699b601</name>
        <plural/>
        <sys_class_name>sys_documentation</sys_class_name>
        <sys_created_by>admin</sys_created_by>
        <sys_created_on>2021-08-23 13:59:43</sys_created_on>
        <sys_id>a6eb98d72f4630103c5d9facf699b61e</sys_id>
        <sys_mod_count>0</sys_mod_count>
        <sys_name/>
        <sys_package display_value="ProActive Workflows &amp; Scheduling" source="x_661207_proacti_0">073851e22fe130103c5d9facf699b6d9</sys_package>
        <sys_policy/>
        <sys_scope display_value="ProActive Workflows &amp; Scheduling">073851e22fe130103c5d9facf699b6d9</sys_scope>
        <sys_update_name/>
        <sys_updated_by>admin</sys_updated_by>
        <sys_updated_on>2021-08-23 13:59:43</sys_updated_on>
        <url/>
        <url_target/>
    </sys_documentation>
</record_update>
