<?xml version="1.0" encoding="UTF-8"?><record_update table="sys_ux_composite_data_m2m_datasource">
    <sys_ux_composite_data_m2m_datasource action="INSERT_OR_UPDATE">
        <dataset display_value="Custom Portal Landing - My Requests Dataset">56d3d37183ce3010d45551b74286fef3</dataset>
        <datasource display_value="My Requests - Requested Item Datasource">1ad3d371f9ce30101cb1f7dd40f923f3</datasource>
        <sys_class_name>sys_ux_composite_data_m2m_datasource</sys_class_name>
        <sys_created_by>system</sys_created_by>
        <sys_created_on>2021-08-19 11:32:33</sys_created_on>
        <sys_id>d6d3d371e1ce3010ae537c535b2760f4</sys_id>
        <sys_mod_count>0</sys_mod_count>
        <sys_name/>
        <sys_package display_value="ProActive Workflows &amp; Scheduling" source="x_661207_proacti_0">073851e22fe130103c5d9facf699b6d9</sys_package>
        <sys_policy/>
        <sys_scope display_value="ProActive Workflows &amp; Scheduling">073851e22fe130103c5d9facf699b6d9</sys_scope>
        <sys_update_name>sys_ux_composite_data_m2m_datasource_d6d3d371e1ce3010ae537c535b2760f4</sys_update_name>
        <sys_updated_by>system</sys_updated_by>
        <sys_updated_on>2021-08-19 11:32:33</sys_updated_on>
    </sys_ux_composite_data_m2m_datasource>
</record_update>
