<?xml version="1.0" encoding="UTF-8"?><record_update table="sys_rest_message_fn_parameters">
    <sys_rest_message_fn_parameters action="INSERT_OR_UPDATE">
        <name>sessionid</name>
        <rest_message_function display_value="Submit job from file">4585dc612fd230103c5d9facf699b671</rest_message_function>
        <sys_class_name>sys_rest_message_fn_parameters</sys_class_name>
        <sys_created_by>admin</sys_created_by>
        <sys_created_on>2021-08-30 13:28:51</sys_created_on>
        <sys_id>e2e754a12fd230103c5d9facf699b699</sys_id>
        <sys_mod_count>0</sys_mod_count>
        <sys_name>sessionid</sys_name>
        <sys_package display_value="ProActive Workflows &amp; Scheduling" source="x_661207_proacti_0">073851e22fe130103c5d9facf699b6d9</sys_package>
        <sys_policy/>
        <sys_scope display_value="ProActive Workflows &amp; Scheduling">073851e22fe130103c5d9facf699b6d9</sys_scope>
        <sys_update_name>sys_rest_message_fn_parameters_e2e754a12fd230103c5d9facf699b699</sys_update_name>
        <sys_updated_by>admin</sys_updated_by>
        <sys_updated_on>2021-08-30 13:28:51</sys_updated_on>
        <type>string</type>
        <value>5f77288917b9534d2a84cd373d392c80a9e997d5f77288917b9534d2a88000</value>
    </sys_rest_message_fn_parameters>
</record_update>
