<?xml version="1.0" encoding="UTF-8"?><record_update table="sys_scope_privilege">
    <sys_scope_privilege action="INSERT_OR_UPDATE">
        <operation>execute</operation>
        <source_scope display_value="ProActive Workflows &amp; Scheduling">073851e22fe130103c5d9facf699b6d9</source_scope>
        <status>allowed</status>
        <sys_class_name>sys_scope_privilege</sys_class_name>
        <sys_created_by>andrew.och</sys_created_by>
        <sys_created_on>2021-08-19 11:52:33</sys_created_on>
        <sys_id>fc7853752fce30103c5d9facf699b6d9</sys_id>
        <sys_mod_count>0</sys_mod_count>
        <sys_name>ManyToManyChecker</sys_name>
        <sys_package display_value="ProActive Workflows &amp; Scheduling" source="x_661207_proacti_0">073851e22fe130103c5d9facf699b6d9</sys_package>
        <sys_policy/>
        <sys_scope display_value="ProActive Workflows &amp; Scheduling">073851e22fe130103c5d9facf699b6d9</sys_scope>
        <sys_update_name>sys_scope_privilege_fc7853752fce30103c5d9facf699b6d9</sys_update_name>
        <sys_updated_by>andrew.och</sys_updated_by>
        <sys_updated_on>2021-08-19 11:52:33</sys_updated_on>
        <target_name>ManyToManyChecker</target_name>
        <target_scope display_value="Global">global</target_scope>
        <target_type>sys_script_include</target_type>
    </sys_scope_privilege>
</record_update>
