<?xml version="1.0" encoding="UTF-8"?><record_update table="sys_rest_message_fn_parameters">
    <sys_rest_message_fn_parameters action="INSERT_OR_UPDATE">
        <name>bucket</name>
        <rest_message_function display_value="Deploy Linux VM with parameters">c4cc441f2fa530103c5d9facf699b6f5</rest_message_function>
        <sys_class_name>sys_rest_message_fn_parameters</sys_class_name>
        <sys_created_by>admin</sys_created_by>
        <sys_created_on>2021-07-29 16:38:12</sys_created_on>
        <sys_id>f65054df2fa530103c5d9facf699b6d0</sys_id>
        <sys_mod_count>1</sys_mod_count>
        <sys_name>bucket</sys_name>
        <sys_package display_value="ProActive Workflows &amp; Scheduling" source="x_661207_proacti_0">073851e22fe130103c5d9facf699b6d9</sys_package>
        <sys_policy/>
        <sys_scope display_value="ProActive Workflows &amp; Scheduling">073851e22fe130103c5d9facf699b6d9</sys_scope>
        <sys_update_name>sys_rest_message_fn_parameters_f65054df2fa530103c5d9facf699b6d0</sys_update_name>
        <sys_updated_by>admin</sys_updated_by>
        <sys_updated_on>2021-07-30 15:01:21</sys_updated_on>
        <type>string</type>
        <value>fnb</value>
    </sys_rest_message_fn_parameters>
</record_update>
