<?xml version="1.0" encoding="UTF-8"?><record_update>
    <sys_documentation element="x_661207_proacti_0_proactive_job_id" label="ProActive Job Id" language="en" table="incident">
        <sys_documentation action="INSERT_OR_UPDATE">
            <element>x_661207_proacti_0_proactive_job_id</element>
            <help/>
            <hint/>
            <label>ProActive Job Id</label>
            <language>en</language>
            <name>incident</name>
            <plural>ProActive Job Ids</plural>
            <sys_class_name>sys_documentation</sys_class_name>
            <sys_created_by>admin</sys_created_by>
            <sys_created_on>2021-08-02 14:46:47</sys_created_on>
            <sys_id>5f4d546c2f3130103c5d9facf699b6b9</sys_id>
            <sys_mod_count>0</sys_mod_count>
            <sys_name>ProActive Job Id</sys_name>
            <sys_package display_value="ProActive Workflows &amp; Scheduling" source="x_661207_proacti_0">073851e22fe130103c5d9facf699b6d9</sys_package>
            <sys_policy/>
            <sys_scope display_value="ProActive Workflows &amp; Scheduling">073851e22fe130103c5d9facf699b6d9</sys_scope>
            <sys_update_name>sys_documentation_incident_x_661207_proacti_0_proactive_job_id_en</sys_update_name>
            <sys_updated_by>admin</sys_updated_by>
            <sys_updated_on>2021-08-02 14:46:47</sys_updated_on>
            <url/>
            <url_target/>
        </sys_documentation>
    </sys_documentation>
</record_update>
