<?xml version="1.0" encoding="UTF-8"?><record_update table="sys_rest_message_fn_parameters">
    <sys_rest_message_fn_parameters action="INSERT_OR_UPDATE">
        <name>jobid</name>
        <rest_message_function display_value="Resume job">4359ec642f7130103c5d9facf699b6ff</rest_message_function>
        <sys_class_name>sys_rest_message_fn_parameters</sys_class_name>
        <sys_created_by>admin</sys_created_by>
        <sys_created_on>2021-08-02 15:40:37</sys_created_on>
        <sys_id>1299ac642f7130103c5d9facf699b6f2</sys_id>
        <sys_mod_count>1</sys_mod_count>
        <sys_name>jobid</sys_name>
        <sys_package display_value="ProActive Workflows &amp; Scheduling" source="x_661207_proacti_0">073851e22fe130103c5d9facf699b6d9</sys_package>
        <sys_policy/>
        <sys_scope display_value="ProActive Workflows &amp; Scheduling">073851e22fe130103c5d9facf699b6d9</sys_scope>
        <sys_update_name>sys_rest_message_fn_parameters_1299ac642f7130103c5d9facf699b6f2</sys_update_name>
        <sys_updated_by>admin</sys_updated_by>
        <sys_updated_on>2021-08-02 15:44:19</sys_updated_on>
        <type>string</type>
        <value>232</value>
    </sys_rest_message_fn_parameters>
</record_update>
