<?xml version="1.0" encoding="UTF-8"?><record_update>
    <sys_ui_section caption="" section_id="56f427942ff130103c5d9facf699b681" sys_domain="global" table="x_661207_proacti_0_proactive_workflows" version="3" view="">
        <sys_ui_element action="INSERT_OR_UPDATE">
            <element>.begin_split</element>
            <position>0</position>
            <sys_created_by>admin</sys_created_by>
            <sys_created_on>2021-08-02 10:40:41</sys_created_on>
            <sys_id>92f427942ff130103c5d9facf699b688</sys_id>
            <sys_mod_count>0</sys_mod_count>
            <sys_ui_formatter/>
            <sys_ui_section caption="NULL" display_value="" name="x_661207_proacti_0_proactive_workflows" sys_domain="global" view="Default view">56f427942ff130103c5d9facf699b681</sys_ui_section>
            <sys_updated_by>admin</sys_updated_by>
            <sys_updated_on>2021-08-02 10:40:41</sys_updated_on>
            <sys_user/>
            <type>.begin_split</type>
        </sys_ui_element>
        <sys_ui_element action="INSERT_OR_UPDATE">
            <element>job_id</element>
            <position>1</position>
            <sys_created_by>admin</sys_created_by>
            <sys_created_on>2021-08-02 10:40:41</sys_created_on>
            <sys_id>2af427942ff130103c5d9facf699b688</sys_id>
            <sys_mod_count>0</sys_mod_count>
            <sys_ui_formatter/>
            <sys_ui_section caption="NULL" display_value="" name="x_661207_proacti_0_proactive_workflows" sys_domain="global" view="Default view">56f427942ff130103c5d9facf699b681</sys_ui_section>
            <sys_updated_by>admin</sys_updated_by>
            <sys_updated_on>2021-08-02 10:40:41</sys_updated_on>
            <sys_user/>
            <type/>
        </sys_ui_element>
        <sys_ui_element action="INSERT_OR_UPDATE">
            <element>.split</element>
            <position>2</position>
            <sys_created_by>admin</sys_created_by>
            <sys_created_on>2021-08-02 10:40:41</sys_created_on>
            <sys_id>aaf427942ff130103c5d9facf699b688</sys_id>
            <sys_mod_count>0</sys_mod_count>
            <sys_ui_formatter/>
            <sys_ui_section caption="NULL" display_value="" name="x_661207_proacti_0_proactive_workflows" sys_domain="global" view="Default view">56f427942ff130103c5d9facf699b681</sys_ui_section>
            <sys_updated_by>admin</sys_updated_by>
            <sys_updated_on>2021-08-02 10:40:41</sys_updated_on>
            <sys_user/>
            <type>.split</type>
        </sys_ui_element>
        <sys_ui_element action="INSERT_OR_UPDATE">
            <element>status</element>
            <position>3</position>
            <sys_created_by>admin</sys_created_by>
            <sys_created_on>2021-08-02 10:40:41</sys_created_on>
            <sys_id>2ef427942ff130103c5d9facf699b688</sys_id>
            <sys_mod_count>0</sys_mod_count>
            <sys_ui_formatter/>
            <sys_ui_section caption="NULL" display_value="" name="x_661207_proacti_0_proactive_workflows" sys_domain="global" view="Default view">56f427942ff130103c5d9facf699b681</sys_ui_section>
            <sys_updated_by>admin</sys_updated_by>
            <sys_updated_on>2021-08-02 10:40:41</sys_updated_on>
            <sys_user/>
            <type/>
        </sys_ui_element>
        <sys_ui_element action="INSERT_OR_UPDATE">
            <element>.end_split</element>
            <position>4</position>
            <sys_created_by>admin</sys_created_by>
            <sys_created_on>2021-08-02 10:40:41</sys_created_on>
            <sys_id>aef427942ff130103c5d9facf699b688</sys_id>
            <sys_mod_count>0</sys_mod_count>
            <sys_ui_formatter/>
            <sys_ui_section caption="NULL" display_value="" name="x_661207_proacti_0_proactive_workflows" sys_domain="global" view="Default view">56f427942ff130103c5d9facf699b681</sys_ui_section>
            <sys_updated_by>admin</sys_updated_by>
            <sys_updated_on>2021-08-02 10:40:41</sys_updated_on>
            <sys_user/>
            <type>.end_split</type>
        </sys_ui_element>
        <sys_ui_element action="INSERT_OR_UPDATE">
            <element>session_id</element>
            <position>5</position>
            <sys_created_by>admin</sys_created_by>
            <sys_created_on>2021-08-02 10:40:41</sys_created_on>
            <sys_id>22f427942ff130103c5d9facf699b689</sys_id>
            <sys_mod_count>0</sys_mod_count>
            <sys_ui_formatter/>
            <sys_ui_section caption="NULL" display_value="" name="x_661207_proacti_0_proactive_workflows" sys_domain="global" view="Default view">56f427942ff130103c5d9facf699b681</sys_ui_section>
            <sys_updated_by>admin</sys_updated_by>
            <sys_updated_on>2021-08-02 10:40:41</sys_updated_on>
            <sys_user/>
            <type/>
        </sys_ui_element>
        <sys_ui_element action="INSERT_OR_UPDATE">
            <element>result</element>
            <position>6</position>
            <sys_created_by>admin</sys_created_by>
            <sys_created_on>2021-08-02 10:40:41</sys_created_on>
            <sys_id>a2f427942ff130103c5d9facf699b689</sys_id>
            <sys_mod_count>0</sys_mod_count>
            <sys_ui_formatter/>
            <sys_ui_section caption="NULL" display_value="" name="x_661207_proacti_0_proactive_workflows" sys_domain="global" view="Default view">56f427942ff130103c5d9facf699b681</sys_ui_section>
            <sys_updated_by>admin</sys_updated_by>
            <sys_updated_on>2021-08-02 10:40:41</sys_updated_on>
            <sys_user/>
            <type/>
        </sys_ui_element>
        <sys_ui_element action="INSERT_OR_UPDATE">
            <element>output</element>
            <position>7</position>
            <sys_created_by>admin</sys_created_by>
            <sys_created_on>2021-09-07 13:17:44</sys_created_on>
            <sys_id>8622e5802f6230103c5d9facf699b634</sys_id>
            <sys_mod_count>0</sys_mod_count>
            <sys_ui_formatter/>
            <sys_ui_section caption="NULL" display_value="" name="x_661207_proacti_0_proactive_workflows" sys_domain="global" view="Default view">56f427942ff130103c5d9facf699b681</sys_ui_section>
            <sys_updated_by>admin</sys_updated_by>
            <sys_updated_on>2021-09-07 13:17:44</sys_updated_on>
            <sys_user/>
            <type/>
        </sys_ui_element>
        <sys_ui_section action="INSERT_OR_UPDATE">
            <caption/>
            <header>false</header>
            <name>x_661207_proacti_0_proactive_workflows</name>
            <roles/>
            <sys_class_name>sys_ui_section</sys_class_name>
            <sys_created_by>admin</sys_created_by>
            <sys_created_on>2021-08-02 10:40:41</sys_created_on>
            <sys_domain>global</sys_domain>
            <sys_domain_path>/</sys_domain_path>
            <sys_id>56f427942ff130103c5d9facf699b681</sys_id>
            <sys_mod_count>0</sys_mod_count>
            <sys_name>x_661207_proacti_0_proactive_workflows</sys_name>
            <sys_overrides/>
            <sys_package display_value="ProActive Workflows &amp; Scheduling" source="x_661207_proacti_0">073851e22fe130103c5d9facf699b6d9</sys_package>
            <sys_policy/>
            <sys_scope display_value="ProActive Workflows &amp; Scheduling">073851e22fe130103c5d9facf699b6d9</sys_scope>
            <sys_update_name>sys_ui_section_56f427942ff130103c5d9facf699b681</sys_update_name>
            <sys_updated_by>admin</sys_updated_by>
            <sys_updated_on>2021-08-02 10:40:41</sys_updated_on>
            <sys_user/>
            <title>true</title>
            <view display_value="Default view" name="NULL">Default view</view>
            <view_name/>
        </sys_ui_section>
    </sys_ui_section>
</record_update>
