<?xml version="1.0" encoding="UTF-8"?><record_update>
    <sys_documentation element="table" label="table" language="en" table="var__m_sys_declarative_action_payload_field_bd0d6cfa53002010c5e2ddeeff7b1247">
        <sys_documentation action="INSERT_OR_UPDATE">
            <element>table</element>
            <help/>
            <hint/>
            <label>table</label>
            <language>en</language>
            <name>var__m_sys_declarative_action_payload_field_bd0d6cfa53002010c5e2ddeeff7b1247</name>
            <plural>table</plural>
            <sys_class_name>sys_documentation</sys_class_name>
            <sys_created_by>system</sys_created_by>
            <sys_created_on>2021-08-19 11:32:30</sys_created_on>
            <sys_id>5ed3d371ebce3010a65b66f7edf892f5</sys_id>
            <sys_mod_count>0</sys_mod_count>
            <sys_name>table</sys_name>
            <sys_package display_value="ProActive Workflows &amp; Scheduling" source="x_661207_proacti_0">073851e22fe130103c5d9facf699b6d9</sys_package>
            <sys_policy/>
            <sys_scope display_value="ProActive Workflows &amp; Scheduling">073851e22fe130103c5d9facf699b6d9</sys_scope>
            <sys_update_name>sys_documentation_var__m_sys_declarative_action_payload_field_bd0d6cfa53002010c5e2ddeeff7b1247_table_en</sys_update_name>
            <sys_updated_by>system</sys_updated_by>
            <sys_updated_on>2021-08-19 11:32:30</sys_updated_on>
            <url/>
            <url_target/>
        </sys_documentation>
    </sys_documentation>
</record_update>
