<?xml version="1.0" encoding="UTF-8"?><record_update table="sys_rest_message_fn_parameters">
    <sys_rest_message_fn_parameters action="INSERT_OR_UPDATE">
        <name>jobid</name>
        <rest_message_function display_value="Get job full logs">5ea1abdb2fed30103c5d9facf699b608</rest_message_function>
        <sys_class_name>sys_rest_message_fn_parameters</sys_class_name>
        <sys_created_by>admin</sys_created_by>
        <sys_created_on>2021-07-30 07:56:42</sys_created_on>
        <sys_id>6272a71f2fed30103c5d9facf699b62b</sys_id>
        <sys_mod_count>2</sys_mod_count>
        <sys_name>jobid</sys_name>
        <sys_package display_value="ProActive Workflows &amp; Scheduling" source="x_661207_proacti_0">073851e22fe130103c5d9facf699b6d9</sys_package>
        <sys_policy/>
        <sys_scope display_value="ProActive Workflows &amp; Scheduling">073851e22fe130103c5d9facf699b6d9</sys_scope>
        <sys_update_name>sys_rest_message_fn_parameters_6272a71f2fed30103c5d9facf699b62b</sys_update_name>
        <sys_updated_by>admin</sys_updated_by>
        <sys_updated_on>2021-07-30 17:00:03</sys_updated_on>
        <type>string</type>
        <value>10</value>
    </sys_rest_message_fn_parameters>
</record_update>
