<?xml version="1.0" encoding="UTF-8"?><record_update>
    <sys_documentation element="sysId" label="sysId" language="en" table="var__m_sys_declarative_action_payload_field_045d203e53002010c5e2ddeeff7b12c8">
        <sys_documentation action="INSERT_OR_UPDATE">
            <element>sysId</element>
            <help/>
            <hint/>
            <label>sysId</label>
            <language>en</language>
            <name>var__m_sys_declarative_action_payload_field_045d203e53002010c5e2ddeeff7b12c8</name>
            <plural>sysId</plural>
            <sys_class_name>sys_documentation</sys_class_name>
            <sys_created_by>system</sys_created_by>
            <sys_created_on>2021-08-19 11:32:28</sys_created_on>
            <sys_id>5ed3d37181ce301069144691d926ecf7</sys_id>
            <sys_mod_count>0</sys_mod_count>
            <sys_name>sysId</sys_name>
            <sys_package display_value="ProActive Workflows &amp; Scheduling" source="x_661207_proacti_0">073851e22fe130103c5d9facf699b6d9</sys_package>
            <sys_policy/>
            <sys_scope display_value="ProActive Workflows &amp; Scheduling">073851e22fe130103c5d9facf699b6d9</sys_scope>
            <sys_update_name>sys_documentation_var__m_sys_declarative_action_payload_field_045d203e53002010c5e2ddeeff7b12c8_sysId_en</sys_update_name>
            <sys_updated_by>system</sys_updated_by>
            <sys_updated_on>2021-08-19 11:32:28</sys_updated_on>
            <url/>
            <url_target/>
        </sys_documentation>
    </sys_documentation>
</record_update>
