<?xml version="1.0" encoding="UTF-8"?><record_update sys_domain="global" table="sys_complex_object">
    <sys_complex_object action="INSERT_OR_UPDATE">
        <label/>
        <name>FD4d5cdcd7394630103cfeab95407c4ec5</name>
        <namespace>FlowDesigner</namespace>
        <scope_name>073851e22fe130103c5d9facf699b6d9</scope_name>
        <serialized_content>{"FlowDesigner:FD4d5cdcd7394630103cfeab95407c4ec5":{"$COCollectionField":[{"FDChangeDetails":{"previous_display_value":"String","previous_display_value.$field_facets":{"SimpleMapFacet":"{\"uiTypeLabel\":\"String\",\"read_only\":\"false\",\"hint\":\"\",\"uiType\":\"string\",\"default_value\":\"\",\"label\":\"Previous Display Value\",\"mandatory\":\"false\",\"order\":\"4\",\"max_length\":\"0\"}"},"previous_value":"String","previous_value.$field_facets":{"SimpleMapFacet":"{\"uiTypeLabel\":\"String\",\"read_only\":\"false\",\"hint\":\"\",\"uiType\":\"string\",\"default_value\":\"\",\"label\":\"Previous Value\",\"mandatory\":\"false\",\"order\":\"2\",\"max_length\":\"0\"}"},"current_display_value":"String","current_display_value.$field_facets":{"SimpleMapFacet":"{\"uiTypeLabel\":\"String\",\"read_only\":\"false\",\"hint\":\"\",\"uiType\":\"string\",\"default_value\":\"\",\"label\":\"Current Display Value\",\"mandatory\":\"false\",\"order\":\"5\",\"max_length\":\"0\"}"},"current_value":"String","current_value.$field_facets":{"SimpleMapFacet":"{\"uiTypeLabel\":\"String\",\"read_only\":\"false\",\"hint\":\"\",\"uiType\":\"string\",\"default_value\":\"\",\"label\":\"Current Value\",\"mandatory\":\"false\",\"order\":\"3\",\"max_length\":\"0\"}"},"field_name":"String","field_name.$field_facets":{"SimpleMapFacet":"{\"uiTypeLabel\":\"String\",\"read_only\":\"false\",\"hint\":\"\",\"uiType\":\"string\",\"default_value\":\"\",\"label\":\"Field Name\",\"mandatory\":\"false\",\"order\":\"1\",\"max_length\":\"0\"}"}}}],"$COCollectionField.$type_facets":{"SimpleMapFacet":"{\"pwd2droppable\":\"true\",\"default_value\":\"\",\"label\":\"Changed Fields\",\"mandatory\":\"false\",\"child_name\":\"FDChangeDetails\",\"uiTypeLabel\":\"Array.Object\",\"co_type_name\":\"FD4d5cdcd7394630103cfeab95407c4ec5\",\"child_label\":\"FDChangeDetails\",\"child_type_label\":\"Object\",\"element_mapping_provider\":\"com.glide.flow_design.action.data.FlowDesignVariableMapper\",\"read_only\":\"false\",\"hint\":\"\",\"uiType\":\"array.object\",\"child_type\":\"object\",\"order\":\"100\",\"max_length\":\"4000\"}"},"$COCollectionField.$field_facets":{"SimpleMapFacet":"{\"up-shift-collection-level\":\"true\"}"}},"FlowDesigner:FD4d5cdcd7394630103cfeab95407c4ec5.$type_facets":{"SimpleMapFacet":"{\"pwd2droppable\":\"true\",\"default_value\":\"\",\"label\":\"Changed Fields\",\"mandatory\":\"false\",\"child_name\":\"FDChangeDetails\",\"uiTypeLabel\":\"Array.Object\",\"co_type_name\":\"FD4d5cdcd7394630103cfeab95407c4ec5\",\"child_label\":\"FDChangeDetails\",\"child_type_label\":\"Object\",\"element_mapping_provider\":\"com.glide.flow_design.action.data.FlowDesignVariableMapper\",\"read_only\":\"false\",\"hint\":\"\",\"uiType\":\"array.object\",\"child_type\":\"object\",\"order\":\"100\",\"max_length\":\"4000\"}"}}</serialized_content>
        <sys_class_name>sys_complex_object</sys_class_name>
        <sys_created_by>admin</sys_created_by>
        <sys_created_on>2021-08-23 14:01:31</sys_created_on>
        <sys_domain>global</sys_domain>
        <sys_domain_path>/</sys_domain_path>
        <sys_id>015cdcd72f4630103c5d9facf699b6c6</sys_id>
        <sys_mod_count>0</sys_mod_count>
        <sys_name>FD4d5cdcd7394630103cfeab95407c4ec5</sys_name>
        <sys_overrides/>
        <sys_package display_value="ProActive Workflows &amp; Scheduling" source="x_661207_proacti_0">073851e22fe130103c5d9facf699b6d9</sys_package>
        <sys_policy/>
        <sys_scope display_value="ProActive Workflows &amp; Scheduling">073851e22fe130103c5d9facf699b6d9</sys_scope>
        <sys_update_name>sys_complex_object_015cdcd72f4630103c5d9facf699b6c6</sys_update_name>
        <sys_updated_by>admin</sys_updated_by>
        <sys_updated_on>2021-08-23 14:01:31</sys_updated_on>
        <type>complex_object_collection</type>
    </sys_complex_object>
</record_update>
