<?xml version="1.0" encoding="UTF-8"?><record_update table="sys_rest_message_fn_parameters">
    <sys_rest_message_fn_parameters action="INSERT_OR_UPDATE">
        <name>variables</name>
        <rest_message_function display_value="Submit job to Scheduler from url">d313b5ff2f0230103c5d9facf699b623</rest_message_function>
        <sys_class_name>sys_rest_message_fn_parameters</sys_class_name>
        <sys_created_by>admin</sys_created_by>
        <sys_created_on>2021-08-25 13:16:24</sys_created_on>
        <sys_id>f12522772fc230103c5d9facf699b66c</sys_id>
        <sys_mod_count>4</sys_mod_count>
        <sys_name>variables</sys_name>
        <sys_package display_value="ProActive Workflows &amp; Scheduling" source="x_661207_proacti_0">073851e22fe130103c5d9facf699b6d9</sys_package>
        <sys_policy/>
        <sys_scope display_value="ProActive Workflows &amp; Scheduling">073851e22fe130103c5d9facf699b6d9</sys_scope>
        <sys_update_name>sys_rest_message_fn_parameters_f12522772fc230103c5d9facf699b66c</sys_update_name>
        <sys_updated_by>admin</sys_updated_by>
        <sys_updated_on>2021-08-25 13:28:13</sys_updated_on>
        <type>string</type>
        <value>numberOfLights=3;coveredAnglePerLight=100</value>
    </sys_rest_message_fn_parameters>
</record_update>
