<?xml version="1.0" encoding="UTF-8"?><record_update table="sys_rest_message_fn_headers">
    <sys_rest_message_fn_headers action="INSERT_OR_UPDATE">
        <name>link</name>
        <rest_message_function display_value="Submit job to Scheduler from url">d313b5ff2f0230103c5d9facf699b623</rest_message_function>
        <sys_class_name>sys_rest_message_fn_headers</sys_class_name>
        <sys_created_by>admin</sys_created_by>
        <sys_created_on>2021-08-25 09:42:44</sys_created_on>
        <sys_id>e473bdff2f0230103c5d9facf699b6a6</sys_id>
        <sys_mod_count>1</sys_mod_count>
        <sys_name>link</sys_name>
        <sys_package display_value="ProActive Workflows &amp; Scheduling" source="x_661207_proacti_0">073851e22fe130103c5d9facf699b6d9</sys_package>
        <sys_policy/>
        <sys_scope display_value="ProActive Workflows &amp; Scheduling">073851e22fe130103c5d9facf699b6d9</sys_scope>
        <sys_update_name>sys_rest_message_fn_headers_e473bdff2f0230103c5d9facf699b6a6</sys_update_name>
        <sys_updated_by>admin</sys_updated_by>
        <sys_updated_on>2021-08-25 09:45:00</sys_updated_on>
        <value>https://${PA_SERVER}/catalog/buckets/${bucket}/resources/${workflow}/raw</value>
    </sys_rest_message_fn_headers>
</record_update>
