<?xml version="1.0" encoding="UTF-8"?><record_update table="sys_ux_data_broker_transform">
    <sys_ux_data_broker_transform action="INSERT_OR_UPDATE">
        <acl_failure_result/>
        <api_name>x_661207_proacti_0.Transform metadata to add catalog filter</api_name>
        <description>This is an interim way to add dynamic catalog filter before Related catalogs EVAM usecase </description>
        <mutates_server_data>false</mutates_server_data>
        <name>Transform metadata to add catalog filter</name>
        <output_schema/>
        <private>false</private>
        <props>[&#13;
    {&#13;
        "name": "graphqlData",&#13;
        "label": "GraphQL Metadata Response",&#13;
        "description": "",&#13;
        "readOnly": false,&#13;
        "fieldType": "object",&#13;
        "mandatory": true,&#13;
        "defaultValue": ""&#13;
    },&#13;
    {&#13;
        "name": "catalogSysId",&#13;
        "label": "Catalog Sys Id",&#13;
        "description": "Pass the sys_id of catalog to pull related catalogs for",&#13;
        "readOnly": false,&#13;
        "fieldType": "string",&#13;
        "mandatory": true,&#13;
        "defaultValue": ""&#13;
    }&#13;
]</props>
        <required_translations/>
        <schema_version>1.0.0</schema_version>
        <script><![CDATA[function transform(input) {

	var compositeMetadata = input
		.graphqlData
		.data
		.GlideCompositeDataMetadata_Query
		.getMetadata;
	var END_QUERY = '^EQ';
	var AND = '^';
	compositeMetadata.datasources.map(function(source) {
		if (source.table === 'sc_2_sc') {
			var catalogFilter = 'sc_cat_item=' + input.catalogSysId + END_QUERY;
			source.query = source.query? new String(source.query).replace(END_QUERY, "") + AND + catalogFilter : catalogFilter;
		}
	});
	
	return compositeMetadata;
}]]></script>
        <sys_class_name>sys_ux_data_broker_transform</sys_class_name>
        <sys_created_by>system</sys_created_by>
        <sys_created_on>2021-08-19 11:32:34</sys_created_on>
        <sys_id>86d3d3712fce30103c5d9facf699b6c4</sys_id>
        <sys_mod_count>0</sys_mod_count>
        <sys_name>Transform metadata to add catalog filter</sys_name>
        <sys_package display_value="ProActive Workflows &amp; Scheduling" source="x_661207_proacti_0">073851e22fe130103c5d9facf699b6d9</sys_package>
        <sys_policy/>
        <sys_scope display_value="ProActive Workflows &amp; Scheduling">073851e22fe130103c5d9facf699b6d9</sys_scope>
        <sys_update_name>sys_ux_data_broker_transform_86d3d3712fce30103c5d9facf699b6c4</sys_update_name>
        <sys_updated_by>system</sys_updated_by>
        <sys_updated_on>2021-08-19 11:32:34</sys_updated_on>
    </sys_ux_data_broker_transform>
    <sys_translated_text action="delete_multiple" query="documentkey=86d3d3712fce30103c5d9facf699b6c4"/>
</record_update>
