<?xml version="1.0" encoding="UTF-8"?><record_update table="sys_ux_composite_data_template_predicate">
    <sys_ux_composite_data_template_predicate action="INSERT_OR_UPDATE">
        <active>true</active>
        <condition table="kb_knowledge">active=true^EQ<item endquery="false" field="active" goto="false" newquery="false" operator="=" or="false" value="true"/>
            <item endquery="true" field="" goto="false" newquery="false" operator="=" or="false" value=""/>
        </condition>
        <custom_condition/>
        <custom_field_list/>
        <field_list>short_description,rating,topic,sys_view_count,article_type,category</field_list>
        <name>Custom Portal Landing - Popular Articles Predicate</name>
        <order/>
        <predicate_bundle/>
        <required_roles/>
        <sys_class_name>sys_ux_composite_data_template_predicate</sys_class_name>
        <sys_created_by>system</sys_created_by>
        <sys_created_on>2021-08-19 11:32:27</sys_created_on>
        <sys_id>ded3d3710bce30108c1a701606f59ff5</sys_id>
        <sys_mod_count>0</sys_mod_count>
        <sys_name>Custom Portal Landing - Popular Articles Predicate</sys_name>
        <sys_package display_value="ProActive Workflows &amp; Scheduling" source="x_661207_proacti_0">073851e22fe130103c5d9facf699b6d9</sys_package>
        <sys_policy/>
        <sys_scope display_value="ProActive Workflows &amp; Scheduling">073851e22fe130103c5d9facf699b6d9</sys_scope>
        <sys_update_name>sys_ux_composite_data_template_predicate_ded3d3710bce30108c1a701606f59ff5</sys_update_name>
        <sys_updated_by>system</sys_updated_by>
        <sys_updated_on>2021-08-19 11:32:27</sys_updated_on>
        <table>kb_knowledge</table>
        <ux_template display_value="Custom Portal Landing - Popular Articles">5ad3d371b4ce301050bcecd541ba45f5</ux_template>
    </sys_ux_composite_data_template_predicate>
</record_update>
