<?xml version="1.0" encoding="UTF-8"?><record_update table="sys_ux_client_script">
    <sys_ux_client_script action="INSERT_OR_UPDATE">
        <includes/>
        <macroponent display_value="Search Page">16d3d37174ce301024343d26478237e4</macroponent>
        <name>handle_pagination</name>
        <required_translations>[ ]</required_translations>
        <script><![CDATA[function handler({ api, event, helpers }) {
	const props = api.context.props;
	const fields = {
		searchContextConfigId: props.searchContextConfigId,
		searchTerm: props.searchTerm
	};
	const token = event.payload.paginationToken;
	const params = {
		searchFilters: props.searchFilters,
		facetFilters: props.facetFilters,
		disableSpellCheck: props.disableSpellCheck,
		paginationToken: token
	};
	global.window.scrollTo(0, 0);
	helpers.navigate.to('search', fields, params);
}]]></script>
        <script_api_version>1.0.0</script_api_version>
        <sys_class_name>sys_ux_client_script</sys_class_name>
        <sys_created_by>system</sys_created_by>
        <sys_created_on>2021-08-19 11:32:34</sys_created_on>
        <sys_id>d2d3d37100ce30104e60ae7af4b784e4</sys_id>
        <sys_mod_count>0</sys_mod_count>
        <sys_name>handle_pagination</sys_name>
        <sys_package display_value="ProActive Workflows &amp; Scheduling" source="x_661207_proacti_0">073851e22fe130103c5d9facf699b6d9</sys_package>
        <sys_policy/>
        <sys_scope display_value="ProActive Workflows &amp; Scheduling">073851e22fe130103c5d9facf699b6d9</sys_scope>
        <sys_update_name>sys_ux_client_script_d2d3d37100ce30104e60ae7af4b784e4</sys_update_name>
        <sys_updated_by>system</sys_updated_by>
        <sys_updated_on>2021-08-19 11:32:34</sys_updated_on>
    </sys_ux_client_script>
</record_update>
