<?xml version="1.0" encoding="UTF-8"?><record_update table="sys_ux_client_script">
    <sys_ux_client_script action="INSERT_OR_UPDATE">
        <includes/>
        <macroponent display_value="Order success">1ed3d3711fce301000a6891de16619e4</macroponent>
        <name>Refresh submitted screen</name>
        <required_translations>[ ]</required_translations>
        <script><![CDATA[/**
 * @param {params} params
 * @param {api} params.api
 * @param {any} params.event
 * @param {any} params.imports
 */
function handler({
    api,
    event,
    helpers,
    imports
}) {
    let {
        table,
        sysId,
        number
    } = api.context.props;
    if(table !== "sc_request"){
        api.setState("successNumber",number);
        api.setState("successSysId",sysId);
    }else{
        api.setState("requestSysId",sysId);
    }
}]]></script>
        <script_api_version>2.0.0</script_api_version>
        <sys_class_name>sys_ux_client_script</sys_class_name>
        <sys_created_by>system</sys_created_by>
        <sys_created_on>2021-08-19 11:32:32</sys_created_on>
        <sys_id>dad3d371e4ce3010fb7f37618d04a3e4</sys_id>
        <sys_mod_count>0</sys_mod_count>
        <sys_name>Refresh submitted screen</sys_name>
        <sys_package display_value="ProActive Workflows &amp; Scheduling" source="x_661207_proacti_0">073851e22fe130103c5d9facf699b6d9</sys_package>
        <sys_policy/>
        <sys_scope display_value="ProActive Workflows &amp; Scheduling">073851e22fe130103c5d9facf699b6d9</sys_scope>
        <sys_update_name>sys_ux_client_script_dad3d371e4ce3010fb7f37618d04a3e4</sys_update_name>
        <sys_updated_by>system</sys_updated_by>
        <sys_updated_on>2021-08-19 11:32:32</sys_updated_on>
    </sys_ux_client_script>
</record_update>
