<?xml version="1.0" encoding="UTF-8"?><record_update table="sys_rest_message_fn_parameters">
    <sys_rest_message_fn_parameters action="INSERT_OR_UPDATE">
        <name>jobid</name>
        <rest_message_function display_value="Restart all in error tasks">c36c10d72fe530103c5d9facf699b623</rest_message_function>
        <sys_class_name>sys_rest_message_fn_parameters</sys_class_name>
        <sys_created_by>admin</sys_created_by>
        <sys_created_on>2021-07-29 17:33:32</sys_created_on>
        <sys_id>fbdc54d72fe530103c5d9facf699b62a</sys_id>
        <sys_mod_count>9</sys_mod_count>
        <sys_name>jobid</sys_name>
        <sys_package display_value="ProActive Workflows &amp; Scheduling" source="x_661207_proacti_0">073851e22fe130103c5d9facf699b6d9</sys_package>
        <sys_policy/>
        <sys_scope display_value="ProActive Workflows &amp; Scheduling">073851e22fe130103c5d9facf699b6d9</sys_scope>
        <sys_update_name>sys_rest_message_fn_parameters_fbdc54d72fe530103c5d9facf699b62a</sys_update_name>
        <sys_updated_by>admin</sys_updated_by>
        <sys_updated_on>2021-08-05 12:24:20</sys_updated_on>
        <type>string</type>
        <value>92</value>
    </sys_rest_message_fn_parameters>
</record_update>
