<?xml version="1.0" encoding="UTF-8"?><record_update table="sys_rest_message_fn_parameters">
    <sys_rest_message_fn_parameters action="INSERT_OR_UPDATE">
        <name>sessionid</name>
        <rest_message_function display_value="Submit job to Scheduler from url">d313b5ff2f0230103c5d9facf699b623</rest_message_function>
        <sys_class_name>sys_rest_message_fn_parameters</sys_class_name>
        <sys_created_by>admin</sys_created_by>
        <sys_created_on>2021-08-25 09:43:58</sys_created_on>
        <sys_id>1e8471f32f4230103c5d9facf699b6a9</sys_id>
        <sys_mod_count>4</sys_mod_count>
        <sys_name>sessionid</sys_name>
        <sys_package display_value="ProActive Workflows &amp; Scheduling" source="x_661207_proacti_0">073851e22fe130103c5d9facf699b6d9</sys_package>
        <sys_policy/>
        <sys_scope display_value="ProActive Workflows &amp; Scheduling">073851e22fe130103c5d9facf699b6d9</sys_scope>
        <sys_update_name>sys_rest_message_fn_parameters_1e8471f32f4230103c5d9facf699b6a9</sys_update_name>
        <sys_updated_by>admin</sys_updated_by>
        <sys_updated_on>2021-08-27 15:42:03</sys_updated_on>
        <type>string</type>
        <value>65578ffc17b85b76f8e1dcb70be3dd5a7648b4565578ffc17b85b76f8e8000</value>
    </sys_rest_message_fn_parameters>
</record_update>
