<?xml version="1.0" encoding="UTF-8"?><record_update table="sys_ux_client_script">
    <sys_ux_client_script action="INSERT_OR_UPDATE">
        <includes>475a07c623202010778fc50947bf65fe</includes>
        <macroponent display_value="Article page">12d3d37107ce3010f7cb43877c5a8ae4</macroponent>
        <name>Article actions</name>
        <required_translations>[ {
  "message" : "Unable to copy link to clipboard because of a browser limitation. Use the following link: ",
  "comment" : ""
}, {
  "message" : "Link copied to clipboard",
  "comment" : ""
} ]</required_translations>
        <script><![CDATA[function handler({
    api,
    event,
    helpers,
    imports
}) {
    const {
        getOrigin,
        getClipboard,
        getTrimmedValue
    } = imports["sn_km_uib.Article actions include"]();
    if (event.elementId == "article_actions") {
        if (event.payload.item.id == "flag") {
         api.setState("flagArticleContent","");
            helpers.modal.open("[component-id$='custom_2']");
        }
        if (event.payload.item.id == "copyLink") {
            const articleResult = api.data.get_article_details_1.articleDetails;
            var permalink = getOrigin() + '/kb?id=kb_article_view&sysparm_article=' + articleResult.articleInfo.number;
            getClipboard().writeText(permalink).then(function() {
                helpers.translate('Link copied to clipboard').then((value) => {
                    api.emit("NOW_UXF_PAGE#ADD_NOTIFICATIONS", {
                        items: [{
                            id: "copyLinkAlert",
                            status: "info",
                            icon: "info-circle-outline",
                            content: value,
                            action: {
                                type: "dismiss"
                            }
                        }],
                    });
                });
            }, function(err) {
                helpers.translate('Unable to copy link to clipboard because of a browser limitation. Use the following link: ').then((value) => {
                    api.emit("NOW_UXF_PAGE#ADD_NOTIFICATIONS", {
                        items: [{
                            id: "copyLinkAlert",
                            status: "info",
                            icon: "info-circle-outline",
                            content: {
                                type: "jsx",
                                value: `<div><div>${value}</div><br /><div>${permalink}</div></div>`
                            },
                            action: {
                                type: "dismiss"
                            }
                        }]
                    });
                });
            });
        }
    } else if (event.elementId == "flag_comment") {
        var value = event.payload.fieldValue;
        var trimmedValue = getTrimmedValue(value);
        api.setState('flagArticleContent', trimmedValue);
    }
}]]></script>
        <script_api_version>2.0.0</script_api_version>
        <sys_class_name>sys_ux_client_script</sys_class_name>
        <sys_created_by>system</sys_created_by>
        <sys_created_on>2021-08-19 11:32:31</sys_created_on>
        <sys_id>d6d3d371aece301044192c11b43a6ae6</sys_id>
        <sys_mod_count>0</sys_mod_count>
        <sys_name>Article actions</sys_name>
        <sys_package display_value="ProActive Workflows &amp; Scheduling" source="x_661207_proacti_0">073851e22fe130103c5d9facf699b6d9</sys_package>
        <sys_policy/>
        <sys_scope display_value="ProActive Workflows &amp; Scheduling">073851e22fe130103c5d9facf699b6d9</sys_scope>
        <sys_update_name>sys_ux_client_script_d6d3d371aece301044192c11b43a6ae6</sys_update_name>
        <sys_updated_by>system</sys_updated_by>
        <sys_updated_on>2021-08-19 11:32:31</sys_updated_on>
    </sys_ux_client_script>
</record_update>
