<?xml version="1.0" encoding="UTF-8"?><record_update table="sys_properties">
    <sys_properties action="INSERT_OR_UPDATE">
        <choices/>
        <description>Password of the ProActive user used to perform HTTP requests  to the ProActive server</description>
        <ignore_cache>true</ignore_cache>
        <is_private>true</is_private>
        <name>x_661207_proacti_0.proactive_password</name>
        <read_roles/>
        <suffix>proactive_password</suffix>
        <sys_class_name>sys_properties</sys_class_name>
        <sys_created_by>admin</sys_created_by>
        <sys_created_on>2021-08-25 10:11:51</sys_created_on>
        <sys_id>c3aa39f72f4230103c5d9facf699b6b5</sys_id>
        <sys_mod_count>1</sys_mod_count>
        <sys_name>x_661207_proacti_0.proactive_password</sys_name>
        <sys_package display_value="ProActive Workflows &amp; Scheduling" source="x_661207_proacti_0">073851e22fe130103c5d9facf699b6d9</sys_package>
        <sys_policy/>
        <sys_scope display_value="ProActive Workflows &amp; Scheduling">073851e22fe130103c5d9facf699b6d9</sys_scope>
        <sys_update_name>sys_properties_c3aa39f72f4230103c5d9facf699b6b5</sys_update_name>
        <sys_updated_by>admin</sys_updated_by>
        <sys_updated_on>2021-08-25 10:12:18</sys_updated_on>
        <type>password</type>
        <value>{{gpaes}}eqdgmLN93mVy/9RDvkpGgg==</value>
        <write_roles/>
    </sys_properties>
    <sys_translated_text action="delete_multiple" query="documentkey=c3aa39f72f4230103c5d9facf699b6b5"/>
</record_update>
