<?xml version="1.0" encoding="UTF-8"?><record_update>
    <sys_ui_section caption="" section_id="153ef25c2f7130103c5d9facf699b6bd" sys_domain="global" table="x_661207_proacti_0_vm_deployment" version="3" view="">
        <sys_ui_element action="INSERT_OR_UPDATE">
            <element>id</element>
            <position>0</position>
            <sys_created_by>admin</sys_created_by>
            <sys_created_on>2021-08-02 07:51:19</sys_created_on>
            <sys_id>113ef25c2f7130103c5d9facf699b6c4</sys_id>
            <sys_mod_count>0</sys_mod_count>
            <sys_ui_formatter/>
            <sys_ui_section caption="NULL" display_value="" name="x_661207_proacti_0_vm_deployment" sys_domain="global" view="Default view">153ef25c2f7130103c5d9facf699b6bd</sys_ui_section>
            <sys_updated_by>admin</sys_updated_by>
            <sys_updated_on>2021-08-02 07:51:19</sys_updated_on>
            <sys_user/>
            <type/>
        </sys_ui_element>
        <sys_ui_element action="INSERT_OR_UPDATE">
            <element>status</element>
            <position>1</position>
            <sys_created_by>admin</sys_created_by>
            <sys_created_on>2021-08-02 07:51:19</sys_created_on>
            <sys_id>513e369c2f7130103c5d9facf699b60b</sys_id>
            <sys_mod_count>0</sys_mod_count>
            <sys_ui_formatter/>
            <sys_ui_section caption="NULL" display_value="" name="x_661207_proacti_0_vm_deployment" sys_domain="global" view="Default view">153ef25c2f7130103c5d9facf699b6bd</sys_ui_section>
            <sys_updated_by>admin</sys_updated_by>
            <sys_updated_on>2021-08-02 07:51:19</sys_updated_on>
            <sys_user/>
            <type/>
        </sys_ui_element>
        <sys_ui_element action="INSERT_OR_UPDATE">
            <element>vm_ip</element>
            <position>2</position>
            <sys_created_by>admin</sys_created_by>
            <sys_created_on>2021-08-02 07:51:19</sys_created_on>
            <sys_id>d13e369c2f7130103c5d9facf699b60b</sys_id>
            <sys_mod_count>0</sys_mod_count>
            <sys_ui_formatter/>
            <sys_ui_section caption="NULL" display_value="" name="x_661207_proacti_0_vm_deployment" sys_domain="global" view="Default view">153ef25c2f7130103c5d9facf699b6bd</sys_ui_section>
            <sys_updated_by>admin</sys_updated_by>
            <sys_updated_on>2021-08-02 07:51:19</sys_updated_on>
            <sys_user/>
            <type/>
        </sys_ui_element>
        <sys_ui_element action="INSERT_OR_UPDATE">
            <element>job_id</element>
            <position>3</position>
            <sys_created_by>admin</sys_created_by>
            <sys_created_on>2021-08-02 08:04:11</sys_created_on>
            <sys_id>0a2147dc2f7130103c5d9facf699b649</sys_id>
            <sys_mod_count>0</sys_mod_count>
            <sys_ui_formatter/>
            <sys_ui_section caption="NULL" display_value="" name="x_661207_proacti_0_vm_deployment" sys_domain="global" view="Default view">153ef25c2f7130103c5d9facf699b6bd</sys_ui_section>
            <sys_updated_by>admin</sys_updated_by>
            <sys_updated_on>2021-08-02 08:04:11</sys_updated_on>
            <sys_user/>
            <type/>
        </sys_ui_element>
        <sys_ui_section action="INSERT_OR_UPDATE">
            <caption/>
            <header>false</header>
            <name>x_661207_proacti_0_vm_deployment</name>
            <roles/>
            <sys_class_name>sys_ui_section</sys_class_name>
            <sys_created_by>admin</sys_created_by>
            <sys_created_on>2021-08-02 07:51:18</sys_created_on>
            <sys_domain>global</sys_domain>
            <sys_domain_path>/</sys_domain_path>
            <sys_id>153ef25c2f7130103c5d9facf699b6bd</sys_id>
            <sys_mod_count>0</sys_mod_count>
            <sys_name>x_661207_proacti_0_vm_deployment</sys_name>
            <sys_overrides/>
            <sys_package display_value="ProActive Workflows &amp; Scheduling" source="x_661207_proacti_0">073851e22fe130103c5d9facf699b6d9</sys_package>
            <sys_policy/>
            <sys_scope display_value="ProActive Workflows &amp; Scheduling">073851e22fe130103c5d9facf699b6d9</sys_scope>
            <sys_update_name>sys_ui_section_153ef25c2f7130103c5d9facf699b6bd</sys_update_name>
            <sys_updated_by>admin</sys_updated_by>
            <sys_updated_on>2021-08-02 07:51:18</sys_updated_on>
            <sys_user/>
            <title>true</title>
            <view display_value="Default view" name="NULL">Default view</view>
            <view_name/>
        </sys_ui_section>
    </sys_ui_section>
</record_update>
