<?xml version="1.0" encoding="UTF-8"?><record_update table="sys_ux_app_route">
    <sys_ux_app_route action="INSERT_OR_UPDATE">
        <app_config display_value="Job submission Config">06d3d3712fce30103c5d9facf699b6c4</app_config>
        <description/>
        <fields/>
        <icon/>
        <name>Settings Page</name>
        <optional_parameters/>
        <order>0</order>
        <parent_macroponent display_value="Portal App Shell">b66bf1075b31101016fd7c1bf481c7a7</parent_macroponent>
        <parent_macroponent_composition_element_id/>
        <route_type>settings</route_type>
        <screen_type display_value="Settings Page">52d3d37186ce301039b30c3690efd7e3</screen_type>
        <sys_class_name>sys_ux_app_route</sys_class_name>
        <sys_created_by>system</sys_created_by>
        <sys_created_on>2021-08-19 11:32:28</sys_created_on>
        <sys_id>92d3d371e9ce30105e4877e3ff02b2e3</sys_id>
        <sys_mod_count>0</sys_mod_count>
        <sys_name>Settings Page</sys_name>
        <sys_package display_value="ProActive Workflows &amp; Scheduling" source="x_661207_proacti_0">073851e22fe130103c5d9facf699b6d9</sys_package>
        <sys_policy/>
        <sys_scope display_value="ProActive Workflows &amp; Scheduling">073851e22fe130103c5d9facf699b6d9</sys_scope>
        <sys_update_name>sys_ux_app_route_92d3d371e9ce30105e4877e3ff02b2e3</sys_update_name>
        <sys_updated_by>system</sys_updated_by>
        <sys_updated_on>2021-08-19 11:32:28</sys_updated_on>
    </sys_ux_app_route>
    <sys_translated_text action="delete_multiple" query="documentkey=92d3d371e9ce30105e4877e3ff02b2e3"/>
</record_update>
