<?xml version="1.0" encoding="UTF-8"?><record_update table="sys_ux_composite_data_template_predicate">
    <sys_ux_composite_data_template_predicate action="INSERT_OR_UPDATE">
        <active>true</active>
        <condition table="sc_req_item">active=true^assigned_toDYNAMIC90d1921e5f510100a9ad2572f2b477fe^EQ<item endquery="false" field="active" goto="false" newquery="false" operator="=" or="false" value="true"/>
            <item endquery="false" field="assigned_to" goto="false" newquery="false" operator="DYNAMIC" or="false" value="90d1921e5f510100a9ad2572f2b477fe"/>
            <item endquery="true" field="" goto="false" newquery="false" operator="=" or="false" value=""/>
        </condition>
        <custom_condition/>
        <custom_field_list/>
        <field_list>due_date,cat_item.picture,short_description,price,recurring_price,recurring_frequency,requested_for,quantity,number</field_list>
        <name>My tasks requested item</name>
        <order/>
        <predicate_bundle display_value="My Tasks - Requested item bundle">d6d3d37174ce30106dd56b9224ad2ef6</predicate_bundle>
        <required_roles/>
        <sys_class_name>sys_ux_composite_data_template_predicate</sys_class_name>
        <sys_created_by>system</sys_created_by>
        <sys_created_on>2021-08-19 11:32:30</sys_created_on>
        <sys_id>96d3d371d0ce3010a7fd49cef61aadf6</sys_id>
        <sys_mod_count>0</sys_mod_count>
        <sys_name>My tasks requested item</sys_name>
        <sys_package display_value="ProActive Workflows &amp; Scheduling" source="x_661207_proacti_0">073851e22fe130103c5d9facf699b6d9</sys_package>
        <sys_policy/>
        <sys_scope display_value="ProActive Workflows &amp; Scheduling">073851e22fe130103c5d9facf699b6d9</sys_scope>
        <sys_update_name>sys_ux_composite_data_template_predicate_96d3d371d0ce3010a7fd49cef61aadf6</sys_update_name>
        <sys_updated_by>system</sys_updated_by>
        <sys_updated_on>2021-08-19 11:32:30</sys_updated_on>
        <table>sc_req_item</table>
        <ux_template display_value="My Tasks - requested item template">9ad3d3719ece3010ee38e154625664f5</ux_template>
    </sys_ux_composite_data_template_predicate>
</record_update>
