<?xml version="1.0" encoding="UTF-8"?><record_update table="sys_rest_message_fn_parameters">
    <sys_rest_message_fn_parameters action="INSERT_OR_UPDATE">
        <name>sessionid</name>
        <rest_message_function display_value="Deploy Windows VM with parameters">8b4126012f7530103c5d9facf699b6c5</rest_message_function>
        <sys_class_name>sys_rest_message_fn_parameters</sys_class_name>
        <sys_created_by>admin</sys_created_by>
        <sys_created_on>2021-08-04 13:48:21</sys_created_on>
        <sys_id>7013eec12f7530103c5d9facf699b656</sys_id>
        <sys_mod_count>1</sys_mod_count>
        <sys_name>sessionid</sys_name>
        <sys_package display_value="ProActive Workflows &amp; Scheduling" source="x_661207_proacti_0">073851e22fe130103c5d9facf699b6d9</sys_package>
        <sys_policy/>
        <sys_scope display_value="ProActive Workflows &amp; Scheduling">073851e22fe130103c5d9facf699b6d9</sys_scope>
        <sys_update_name>sys_rest_message_fn_parameters_7013eec12f7530103c5d9facf699b656</sys_update_name>
        <sys_updated_by>admin</sys_updated_by>
        <sys_updated_on>2021-08-05 07:37:35</sys_updated_on>
        <type>string</type>
        <value>69739eb17b0b6fd0fe2c0c4ad780021088d0cb69739eb17b0b6fd0fe8000</value>
    </sys_rest_message_fn_parameters>
</record_update>
