<?xml version="1.0" encoding="UTF-8"?><record_update sys_domain="global" table="sys_hub_action_type_definition">
    <sys_hub_action_type_definition action="INSERT_OR_UPDATE">
        <access>public</access>
        <acls/>
        <action_template/>
        <active>true</active>
        <annotation>Login to ProActive using username and password</annotation>
        <callable_by_client_api>false</callable_by_client_api>
        <category/>
        <copied_from/>
        <copied_from_name/>
        <description>Login to ProActive</description>
        <ih_action>false</ih_action>
        <internal_name>login_to_proactive</internal_name>
        <label_cache/>
        <latest_snapshot/>
        <master_snapshot/>
        <name>Login to ProActive</name>
        <natlang/>
        <outputs/>
        <state>draft</state>
        <sys_class_name>sys_hub_action_type_definition</sys_class_name>
        <sys_created_by>admin</sys_created_by>
        <sys_created_on>2021-08-20 14:23:17</sys_created_on>
        <sys_domain>global</sys_domain>
        <sys_domain_path>/</sys_domain_path>
        <sys_id>be840dd62f4230103c5d9facf699b6c9</sys_id>
        <sys_mod_count>0</sys_mod_count>
        <sys_name>Login to ProActive</sys_name>
        <sys_overrides/>
        <sys_package display_value="ProActive Workflows &amp; Scheduling" source="x_661207_proacti_0">073851e22fe130103c5d9facf699b6d9</sys_package>
        <sys_policy/>
        <sys_scope display_value="ProActive Workflows &amp; Scheduling">073851e22fe130103c5d9facf699b6d9</sys_scope>
        <sys_update_name>sys_hub_action_type_definition_be840dd62f4230103c5d9facf699b6c9</sys_update_name>
        <sys_updated_by>admin</sys_updated_by>
        <sys_updated_on>2021-08-20 14:23:17</sys_updated_on>
        <system_level>false</system_level>
        <type/>
    </sys_hub_action_type_definition>
    <sys_translated_text action="delete_multiple" query="documentkey=be840dd62f4230103c5d9facf699b6c9"/>
    <sys_variable_value action="delete_multiple" query="document_key=be840dd62f4230103c5d9facf699b6c9"/>
</record_update>
