<?xml version="1.0" encoding="UTF-8"?><record_update table="sys_db_object">
    <sys_db_object action="INSERT_OR_UPDATE">
        <access>public</access>
        <actions_access>false</actions_access>
        <alter_access>false</alter_access>
        <caller_access/>
        <client_scripts_access>false</client_scripts_access>
        <configuration_access>false</configuration_access>
        <create_access>false</create_access>
        <create_access_controls>true</create_access_controls>
        <delete_access>false</delete_access>
        <extension_model/>
        <is_extendable>false</is_extendable>
        <label>VM Deployment</label>
        <live_feed_enabled>false</live_feed_enabled>
        <name>x_661207_proacti_0_vm_deployment</name>
        <number_ref/>
        <provider_class/>
        <read_access>true</read_access>
        <scriptable_table>false</scriptable_table>
        <super_class/>
        <sys_class_code/>
        <sys_class_name>sys_db_object</sys_class_name>
        <sys_class_path/>
        <sys_created_by>admin</sys_created_by>
        <sys_created_on>2021-07-30 16:18:11</sys_created_on>
        <sys_id>ac551daf2f2570103c5d9facf699b622</sys_id>
        <sys_mod_count>0</sys_mod_count>
        <sys_name>VM Deployment</sys_name>
        <sys_package display_value="ProActive Workflows &amp; Scheduling" source="x_661207_proacti_0">073851e22fe130103c5d9facf699b6d9</sys_package>
        <sys_policy/>
        <sys_scope display_value="ProActive Workflows &amp; Scheduling">073851e22fe130103c5d9facf699b6d9</sys_scope>
        <sys_update_name>sys_db_object_ac551daf2f2570103c5d9facf699b622</sys_update_name>
        <sys_updated_by>admin</sys_updated_by>
        <sys_updated_on>2021-07-30 16:18:11</sys_updated_on>
        <update_access>false</update_access>
        <user_role display_value="x_661207_proacti_0.vm_deployment_user" name="x_661207_proacti_0.vm_deployment_user">0d751daf2f2570103c5d9facf699b631</user_role>
        <ws_access>true</ws_access>
    </sys_db_object>
</record_update>
