<?xml version="1.0" encoding="UTF-8"?><record_update table="sys_ux_app_route">
    <sys_ux_app_route action="INSERT_OR_UPDATE">
        <app_config display_value="Job submission Config">06d3d3712fce30103c5d9facf699b6c4</app_config>
        <description/>
        <fields/>
        <icon/>
        <name>Preferences</name>
        <optional_parameters/>
        <order>0</order>
        <parent_macroponent display_value="Settings Page">1ed3d371d1ce3010a6adf0f72961a7e1</parent_macroponent>
        <parent_macroponent_composition_element_id>tab_set_1</parent_macroponent_composition_element_id>
        <route_type>cketv4fts00003g8yxah9e3hs</route_type>
        <screen_type display_value="Preferences">9ad3d3719bce30108e30cb92e91e3ee1</screen_type>
        <sys_class_name>sys_ux_app_route</sys_class_name>
        <sys_created_by>system</sys_created_by>
        <sys_created_on>2021-08-19 11:32:29</sys_created_on>
        <sys_id>dad3d3712ece30108009021dcbc655e1</sys_id>
        <sys_mod_count>0</sys_mod_count>
        <sys_name>Preferences</sys_name>
        <sys_package display_value="ProActive Workflows &amp; Scheduling" source="x_661207_proacti_0">073851e22fe130103c5d9facf699b6d9</sys_package>
        <sys_policy/>
        <sys_scope display_value="ProActive Workflows &amp; Scheduling">073851e22fe130103c5d9facf699b6d9</sys_scope>
        <sys_update_name>sys_ux_app_route_dad3d3712ece30108009021dcbc655e1</sys_update_name>
        <sys_updated_by>system</sys_updated_by>
        <sys_updated_on>2021-08-19 11:32:29</sys_updated_on>
    </sys_ux_app_route>
    <sys_translated_text action="delete_multiple" query="documentkey=dad3d3712ece30108009021dcbc655e1"/>
</record_update>
