<?xml version="1.0" encoding="UTF-8"?><record_update table="sys_rest_message_fn_parameters">
    <sys_rest_message_fn_parameters action="INSERT_OR_UPDATE">
        <name>INPUT_CONFIG_FILE</name>
        <rest_message_function display_value="Deploy Linux VM with Configuration File">ceec25f02fb130103c5d9facf699b656</rest_message_function>
        <sys_class_name>sys_rest_message_fn_parameters</sys_class_name>
        <sys_created_by>admin</sys_created_by>
        <sys_created_on>2021-08-03 15:18:03</sys_created_on>
        <sys_id>3cfd65742fb130103c5d9facf699b67b</sys_id>
        <sys_mod_count>3</sys_mod_count>
        <sys_name>INPUT_CONFIG_FILE</sys_name>
        <sys_package display_value="ProActive Workflows &amp; Scheduling" source="x_661207_proacti_0">073851e22fe130103c5d9facf699b6d9</sys_package>
        <sys_policy/>
        <sys_scope display_value="ProActive Workflows &amp; Scheduling">073851e22fe130103c5d9facf699b6d9</sys_scope>
        <sys_update_name>sys_rest_message_fn_parameters_3cfd65742fb130103c5d9facf699b67b</sys_update_name>
        <sys_updated_by>admin</sys_updated_by>
        <sys_updated_on>2021-08-04 13:00:26</sys_updated_on>
        <type>string</type>
        <value>Linux_VM_Template.json</value>
    </sys_rest_message_fn_parameters>
</record_update>
