<?xml version="1.0" encoding="UTF-8"?><record_update table="sys_package_dependency_m2m">
    <sys_package_dependency_m2m action="INSERT_OR_UPDATE">
        <dependency display_value="Incident" source="com.snc.incident">9ee0858b6d2620100acb70b353433015</dependency>
        <min_version>1.0.0</min_version>
        <sys_created_by>admin</sys_created_by>
        <sys_created_on>2021-08-02 14:46:48</sys_created_on>
        <sys_id>e74d546c2f3130103c5d9facf699b6cb</sys_id>
        <sys_mod_count>0</sys_mod_count>
        <sys_package display_value="ProActive Workflows &amp; Scheduling" source="x_661207_proacti_0">073851e22fe130103c5d9facf699b6d9</sys_package>
        <sys_updated_by>admin</sys_updated_by>
        <sys_updated_on>2021-08-02 14:46:48</sys_updated_on>
    </sys_package_dependency_m2m>
</record_update>
