<?xml version="1.0" encoding="UTF-8"?><record_update>
    <sys_ui_section caption="" section_id="52d3d37114ce3010da0e40e81e3efdff" sys_domain="global" table="sys_user" version="3" view="custom_portal_settings_x_661207_proacti_0">
        <sys_ui_element action="INSERT_OR_UPDATE">
            <element>time_zone</element>
            <position>0</position>
            <sys_created_by>system</sys_created_by>
            <sys_created_on>2021-08-19 11:32:34</sys_created_on>
            <sys_id>d2d3d37159ce301014ee81c2b34447ff</sys_id>
            <sys_mod_count>0</sys_mod_count>
            <sys_ui_formatter/>
            <sys_ui_section caption="NULL" display_value="" name="sys_user" sys_domain="global" view="92d3d37186ce30109e85da6a8da9ceff">52d3d37114ce3010da0e40e81e3efdff</sys_ui_section>
            <sys_updated_by>system</sys_updated_by>
            <sys_updated_on>2021-08-19 11:32:34</sys_updated_on>
            <sys_user/>
            <type/>
        </sys_ui_element>
        <sys_ui_element action="INSERT_OR_UPDATE">
            <element>.split</element>
            <position>1</position>
            <sys_created_by>system</sys_created_by>
            <sys_created_on>2021-08-19 11:32:34</sys_created_on>
            <sys_id>16d3d3718bce3010a7615f414c7bf9ff</sys_id>
            <sys_mod_count>0</sys_mod_count>
            <sys_ui_formatter/>
            <sys_ui_section caption="NULL" display_value="" name="sys_user" sys_domain="global" view="92d3d37186ce30109e85da6a8da9ceff">52d3d37114ce3010da0e40e81e3efdff</sys_ui_section>
            <sys_updated_by>system</sys_updated_by>
            <sys_updated_on>2021-08-19 11:32:34</sys_updated_on>
            <sys_user/>
            <type>.split</type>
        </sys_ui_element>
        <sys_ui_element action="INSERT_OR_UPDATE">
            <element>preferred_language</element>
            <position>2</position>
            <sys_created_by>system</sys_created_by>
            <sys_created_on>2021-08-19 11:32:34</sys_created_on>
            <sys_id>56d3d37165ce3010bbf69f0dac5ae4ff</sys_id>
            <sys_mod_count>0</sys_mod_count>
            <sys_ui_formatter/>
            <sys_ui_section caption="NULL" display_value="" name="sys_user" sys_domain="global" view="92d3d37186ce30109e85da6a8da9ceff">52d3d37114ce3010da0e40e81e3efdff</sys_ui_section>
            <sys_updated_by>system</sys_updated_by>
            <sys_updated_on>2021-08-19 11:32:34</sys_updated_on>
            <sys_user/>
            <type/>
        </sys_ui_element>
        <sys_ui_section action="INSERT_OR_UPDATE">
            <caption/>
            <header>false</header>
            <name>sys_user</name>
            <roles/>
            <sys_class_name>sys_ui_section</sys_class_name>
            <sys_created_by>system</sys_created_by>
            <sys_created_on>2021-08-19 11:32:34</sys_created_on>
            <sys_domain>global</sys_domain>
            <sys_domain_path>/</sys_domain_path>
            <sys_id>52d3d37114ce3010da0e40e81e3efdff</sys_id>
            <sys_mod_count>0</sys_mod_count>
            <sys_name>sys_user</sys_name>
            <sys_overrides/>
            <sys_package display_value="ProActive Workflows &amp; Scheduling" source="x_661207_proacti_0">073851e22fe130103c5d9facf699b6d9</sys_package>
            <sys_policy/>
            <sys_scope display_value="ProActive Workflows &amp; Scheduling">073851e22fe130103c5d9facf699b6d9</sys_scope>
            <sys_update_name>sys_ui_section_52d3d37114ce3010da0e40e81e3efdff</sys_update_name>
            <sys_updated_by>system</sys_updated_by>
            <sys_updated_on>2021-08-19 11:32:34</sys_updated_on>
            <sys_user/>
            <title>false</title>
            <view display_value="Custom portal settings (x_661207_proacti_0 )" name="custom_portal_settings_x_661207_proacti_0">92d3d37186ce30109e85da6a8da9ceff</view>
            <view_name/>
        </sys_ui_section>
    </sys_ui_section>
</record_update>
