<?xml version="1.0" encoding="UTF-8"?><record_update table="sys_embedded_help_role">
    <sys_embedded_help_role action="INSERT_OR_UPDATE">
        <order>1000</order>
        <role display_value="x_661207_proacti_0.workflow_user" name="x_661207_proacti_0.workflow_user">6adba1a02fd630103c5d9facf699b638</role>
        <sys_class_name>sys_embedded_help_role</sys_class_name>
        <sys_created_by>admin</sys_created_by>
        <sys_created_on>2021-08-27 17:01:23</sys_created_on>
        <sys_id>eadb29e02fd630103c5d9facf699b6d3</sys_id>
        <sys_mod_count>0</sys_mod_count>
        <sys_name>6adba1a02fd630103c5d9facf699b638</sys_name>
        <sys_package display_value="ProActive Workflows &amp; Scheduling" source="x_661207_proacti_0">073851e22fe130103c5d9facf699b6d9</sys_package>
        <sys_policy/>
        <sys_scope display_value="ProActive Workflows &amp; Scheduling">073851e22fe130103c5d9facf699b6d9</sys_scope>
        <sys_update_name>sys_embedded_help_role_eadb29e02fd630103c5d9facf699b6d3</sys_update_name>
        <sys_updated_by>admin</sys_updated_by>
        <sys_updated_on>2021-08-27 17:01:23</sys_updated_on>
    </sys_embedded_help_role>
</record_update>
