<?xml version="1.0" encoding="UTF-8"?><record_update>
    <sys_ui_list parent="" relationship="" sys_domain="global" table="x_661207_proacti_0_vm_deployment" version="2" view="">
        <sys_ui_list_element action="INSERT_OR_UPDATE">
            <average_value>false</average_value>
            <element>id</element>
            <list_id display_value="x_661207_proacti_0_vm_deployment" element="NULL" name="x_661207_proacti_0_vm_deployment" parent="NULL" relationship="NULL" sys_domain="global" view="Default view">c7fd729c2f7130103c5d9facf699b63a</list_id>
            <max_value>false</max_value>
            <min_value>false</min_value>
            <position>0</position>
            <sum>false</sum>
            <sys_created_by>admin</sys_created_by>
            <sys_created_on>2021-08-02 07:50:20</sys_created_on>
            <sys_id>cbfd729c2f7130103c5d9facf699b63c</sys_id>
            <sys_mod_count>0</sys_mod_count>
            <sys_updated_by>admin</sys_updated_by>
            <sys_updated_on>2021-08-02 07:50:20</sys_updated_on>
        </sys_ui_list_element>
        <sys_ui_list_element action="INSERT_OR_UPDATE">
            <average_value>false</average_value>
            <element>status</element>
            <list_id display_value="x_661207_proacti_0_vm_deployment" element="NULL" name="x_661207_proacti_0_vm_deployment" parent="NULL" relationship="NULL" sys_domain="global" view="Default view">c7fd729c2f7130103c5d9facf699b63a</list_id>
            <max_value>false</max_value>
            <min_value>false</min_value>
            <position>1</position>
            <sum>false</sum>
            <sys_created_by>admin</sys_created_by>
            <sys_created_on>2021-08-02 07:50:20</sys_created_on>
            <sys_id>c3fd729c2f7130103c5d9facf699b63d</sys_id>
            <sys_mod_count>0</sys_mod_count>
            <sys_updated_by>admin</sys_updated_by>
            <sys_updated_on>2021-08-02 07:50:20</sys_updated_on>
        </sys_ui_list_element>
        <sys_ui_list_element action="INSERT_OR_UPDATE">
            <average_value>false</average_value>
            <element>vm_ip</element>
            <list_id display_value="x_661207_proacti_0_vm_deployment" element="NULL" name="x_661207_proacti_0_vm_deployment" parent="NULL" relationship="NULL" sys_domain="global" view="Default view">c7fd729c2f7130103c5d9facf699b63a</list_id>
            <max_value>false</max_value>
            <min_value>false</min_value>
            <position>2</position>
            <sum>false</sum>
            <sys_created_by>admin</sys_created_by>
            <sys_created_on>2021-08-02 07:50:20</sys_created_on>
            <sys_id>47fd729c2f7130103c5d9facf699b63d</sys_id>
            <sys_mod_count>0</sys_mod_count>
            <sys_updated_by>admin</sys_updated_by>
            <sys_updated_on>2021-08-02 07:50:20</sys_updated_on>
        </sys_ui_list_element>
        <sys_ui_list action="INSERT_OR_UPDATE">
            <average_value>false</average_value>
            <element/>
            <max_value>false</max_value>
            <min_value>false</min_value>
            <name>x_661207_proacti_0_vm_deployment</name>
            <parent/>
            <position/>
            <relationship/>
            <sum>false</sum>
            <sys_class_name>sys_ui_list</sys_class_name>
            <sys_created_by>admin</sys_created_by>
            <sys_created_on>2021-08-02 07:50:20</sys_created_on>
            <sys_domain>global</sys_domain>
            <sys_domain_path>/</sys_domain_path>
            <sys_id>c7fd729c2f7130103c5d9facf699b63a</sys_id>
            <sys_mod_count>0</sys_mod_count>
            <sys_name>x_661207_proacti_0_vm_deployment</sys_name>
            <sys_package display_value="ProActive Workflows &amp; Scheduling" source="x_661207_proacti_0">073851e22fe130103c5d9facf699b6d9</sys_package>
            <sys_policy/>
            <sys_scope display_value="ProActive Workflows &amp; Scheduling">073851e22fe130103c5d9facf699b6d9</sys_scope>
            <sys_update_name>sys_ui_list_x_661207_proacti_0_vm_deployment_null</sys_update_name>
            <sys_updated_by>admin</sys_updated_by>
            <sys_updated_on>2021-08-02 07:50:20</sys_updated_on>
            <sys_user/>
            <view display_value="Default view" name="NULL">Default view</view>
            <view_name/>
        </sys_ui_list>
    </sys_ui_list>
</record_update>
