<?xml version="1.0" encoding="UTF-8"?><record_update table="sys_declarative_action_payload_field">
    <sys_declarative_action_payload_field action="INSERT_OR_UPDATE">
        <active>true</active>
        <array>false</array>
        <array_denormalized>false</array_denormalized>
        <attributes/>
        <audit>false</audit>
        <calculation><![CDATA[(function calculatedFieldValue(current) {

	// Add your code here
	return '';  // return the calculated value

})(current);]]></calculation>
        <choice/>
        <choice_field/>
        <choice_table/>
        <column_label/>
        <comments/>
        <configurable>true</configurable>
        <create_roles/>
        <default_value>{{sys_id}}</default_value>
        <defaultsort/>
        <delete_roles/>
        <dependent/>
        <dependent_on_field/>
        <display>false</display>
        <dynamic_creation>false</dynamic_creation>
        <dynamic_creation_script/>
        <dynamic_default_value/>
        <dynamic_ref_qual/>
        <element>sysId</element>
        <element_reference>false</element_reference>
        <foreign_database/>
        <function_definition/>
        <function_field>false</function_field>
        <help/>
        <hint/>
        <internal_type display_value="String">string</internal_type>
        <label>sysId</label>
        <mandatory>false</mandatory>
        <max_length>100</max_length>
        <model display_value="Approve">9ed3d3712dce3010216b7f748f65b6e3</model>
        <model_id>9ed3d3712dce3010216b7f748f65b6e3</model_id>
        <model_table/>
        <name>var__m_sys_declarative_action_payload_field_9ed3d3712dce3010216b7f748f65b6e3</name>
        <next_element/>
        <order>100</order>
        <primary>false</primary>
        <read_only>false</read_only>
        <read_roles/>
        <reference/>
        <reference_cascade_rule/>
        <reference_floats>false</reference_floats>
        <reference_key/>
        <reference_qual/>
        <reference_qual_condition/>
        <reference_type/>
        <sizeclass/>
        <spell_check>false</spell_check>
        <staged>false</staged>
        <sys_class_name>sys_declarative_action_payload_field</sys_class_name>
        <sys_created_by>system</sys_created_by>
        <sys_created_on>2021-08-19 11:32:30</sys_created_on>
        <sys_id>52d3d37187ce3010e3f5bd8eb34352f3</sys_id>
        <sys_mod_count>0</sys_mod_count>
        <sys_name>sysId</sys_name>
        <sys_package display_value="ProActive Workflows &amp; Scheduling" source="x_661207_proacti_0">073851e22fe130103c5d9facf699b6d9</sys_package>
        <sys_policy/>
        <sys_scope display_value="ProActive Workflows &amp; Scheduling">073851e22fe130103c5d9facf699b6d9</sys_scope>
        <sys_update_name>sys_declarative_action_payload_field_52d3d37187ce3010e3f5bd8eb34352f3</sys_update_name>
        <sys_updated_by>system</sys_updated_by>
        <sys_updated_on>2021-08-19 11:32:30</sys_updated_on>
        <table_reference>false</table_reference>
        <text_index>false</text_index>
        <unique>false</unique>
        <use_dependent_field>false</use_dependent_field>
        <use_dynamic_default>false</use_dynamic_default>
        <use_reference_qualifier>simple</use_reference_qualifier>
        <virtual>false</virtual>
        <widget/>
        <write_roles/>
        <xml_view>false</xml_view>
    </sys_declarative_action_payload_field>
</record_update>
