<?xml version="1.0" encoding="UTF-8"?><record_update>
    <sys_ui_section caption="" section_id="96d3d371cece3010119ee55ea43949ff" sys_domain="global" table="sysapproval_approver" version="3" view="custom_portal_approval_x_661207_proacti_0">
        <sys_ui_element action="INSERT_OR_UPDATE">
            <element>comments</element>
            <position>0</position>
            <sys_created_by>system</sys_created_by>
            <sys_created_on>2021-08-19 11:32:27</sys_created_on>
            <sys_id>9ad3d371a3ce30105eb354241dd803ff</sys_id>
            <sys_mod_count>0</sys_mod_count>
            <sys_ui_formatter/>
            <sys_ui_section caption="NULL" display_value="" name="sysapproval_approver" sys_domain="global" view="d6d3d371f4ce3010cea706993be863ff">96d3d371cece3010119ee55ea43949ff</sys_ui_section>
            <sys_updated_by>system</sys_updated_by>
            <sys_updated_on>2021-08-19 11:32:27</sys_updated_on>
            <sys_user/>
            <type/>
        </sys_ui_element>
        <sys_ui_element action="INSERT_OR_UPDATE">
            <element>sysapproval</element>
            <position>1</position>
            <sys_created_by>system</sys_created_by>
            <sys_created_on>2021-08-19 11:32:27</sys_created_on>
            <sys_id>dad3d37122ce3010857e7308222791ff</sys_id>
            <sys_mod_count>0</sys_mod_count>
            <sys_ui_formatter/>
            <sys_ui_section caption="NULL" display_value="" name="sysapproval_approver" sys_domain="global" view="d6d3d371f4ce3010cea706993be863ff">96d3d371cece3010119ee55ea43949ff</sys_ui_section>
            <sys_updated_by>system</sys_updated_by>
            <sys_updated_on>2021-08-19 11:32:27</sys_updated_on>
            <sys_user/>
            <type/>
        </sys_ui_element>
        <sys_ui_section action="INSERT_OR_UPDATE">
            <caption/>
            <header>false</header>
            <name>sysapproval_approver</name>
            <roles/>
            <sys_class_name>sys_ui_section</sys_class_name>
            <sys_created_by>system</sys_created_by>
            <sys_created_on>2021-08-19 11:32:27</sys_created_on>
            <sys_domain>global</sys_domain>
            <sys_domain_path>/</sys_domain_path>
            <sys_id>96d3d371cece3010119ee55ea43949ff</sys_id>
            <sys_mod_count>0</sys_mod_count>
            <sys_name>sysapproval_approver</sys_name>
            <sys_overrides/>
            <sys_package display_value="ProActive Workflows &amp; Scheduling" source="x_661207_proacti_0">073851e22fe130103c5d9facf699b6d9</sys_package>
            <sys_policy/>
            <sys_scope display_value="ProActive Workflows &amp; Scheduling">073851e22fe130103c5d9facf699b6d9</sys_scope>
            <sys_update_name>sys_ui_section_96d3d371cece3010119ee55ea43949ff</sys_update_name>
            <sys_updated_by>system</sys_updated_by>
            <sys_updated_on>2021-08-19 11:32:27</sys_updated_on>
            <sys_user/>
            <title>false</title>
            <view display_value="Custom portal (x_661207_proacti_0 )" name="custom_portal_approval_x_661207_proacti_0">d6d3d371f4ce3010cea706993be863ff</view>
            <view_name/>
        </sys_ui_section>
    </sys_ui_section>
</record_update>
