<?xml version="1.0" encoding="UTF-8"?><record_update table="sys_rest_message_fn">
    <sys_rest_message_fn action="INSERT_OR_UPDATE">
        <authentication_type>no_authentication</authentication_type>
        <basic_auth_password/>
        <basic_auth_profile/>
        <basic_auth_user/>
        <content/>
        <function_name>Deploy Linux VM with parameters</function_name>
        <http_method>post</http_method>
        <lock>false</lock>
        <oauth2_profile/>
        <protocol_name/>
        <qualified_name>ProActive Scheduler [ Deploy Linux VM with parameters ]</qualified_name>
        <rest_endpoint>https://demo.activeeon.com/rest/scheduler/jobs;INSTANCE_COUNT=${INSTANCE_COUNT};ENVIRONMENT=${ENVIRONMENT};INSTANCE_TYPE=${INSTANCE_TYPE};KEY_NAME=${KEY_NAME}</rest_endpoint>
        <rest_message display_value="ProActive Scheduler">a03a19262fe130103c5d9facf699b627</rest_message>
        <sys_class_name>sys_rest_message_fn</sys_class_name>
        <sys_created_by>admin</sys_created_by>
        <sys_created_on>2021-07-29 16:25:58</sys_created_on>
        <sys_id>c4cc441f2fa530103c5d9facf699b6f5</sys_id>
        <sys_mod_count>11</sys_mod_count>
        <sys_name>Deploy Linux VM with parameters</sys_name>
        <sys_package display_value="ProActive Workflows &amp; Scheduling" source="x_661207_proacti_0">073851e22fe130103c5d9facf699b6d9</sys_package>
        <sys_policy/>
        <sys_scope display_value="ProActive Workflows &amp; Scheduling">073851e22fe130103c5d9facf699b6d9</sys_scope>
        <sys_update_name>sys_rest_message_fn_c4cc441f2fa530103c5d9facf699b6f5</sys_update_name>
        <sys_updated_by>admin</sys_updated_by>
        <sys_updated_on>2021-08-04 13:39:39</sys_updated_on>
        <use_basic_auth>false</use_basic_auth>
        <use_mid_server/>
        <use_mutual_auth>false</use_mutual_auth>
    </sys_rest_message_fn>
</record_update>
