<?xml version="1.0" encoding="UTF-8"?><record_update table="sys_security_acl">
    <sys_security_acl action="INSERT_OR_UPDATE">
        <active>true</active>
        <admin_overrides>true</admin_overrides>
        <advanced>false</advanced>
        <condition/>
        <description/>
        <name>42d3d3712fce30103c5d9facf699b6c4</name>
        <operation display_value="execute">execute</operation>
        <script/>
        <sys_class_name>sys_security_acl</sys_class_name>
        <sys_created_by>system</sys_created_by>
        <sys_created_on>2021-08-19 11:32:34</sys_created_on>
        <sys_id>5ed3d37195ce3010e8e7acba6eb7e2fc</sys_id>
        <sys_mod_count>0</sys_mod_count>
        <sys_name>42d3d3712fce30103c5d9facf699b6c4</sys_name>
        <sys_package display_value="ProActive Workflows &amp; Scheduling" source="x_661207_proacti_0">073851e22fe130103c5d9facf699b6d9</sys_package>
        <sys_policy/>
        <sys_scope display_value="ProActive Workflows &amp; Scheduling">073851e22fe130103c5d9facf699b6d9</sys_scope>
        <sys_update_name>sys_security_acl_5ed3d37195ce3010e8e7acba6eb7e2fc</sys_update_name>
        <sys_updated_by>system</sys_updated_by>
        <sys_updated_on>2021-08-19 11:32:34</sys_updated_on>
        <type display_value="ux_data_broker">6d9c40e9531210101cb3ddeeff7b12f6</type>
    </sys_security_acl>
</record_update>
