<?xml version="1.0" encoding="UTF-8"?><record_update table="sys_rest_message_fn_headers">
    <sys_rest_message_fn_headers action="INSERT_OR_UPDATE">
        <name>link</name>
        <rest_message_function display_value="Deploy Linux VM with parameters">c4cc441f2fa530103c5d9facf699b6f5</rest_message_function>
        <sys_class_name>sys_rest_message_fn_headers</sys_class_name>
        <sys_created_by>admin</sys_created_by>
        <sys_created_on>2021-07-29 16:25:58</sys_created_on>
        <sys_id>843d44db2fa530103c5d9facf699b67d</sys_id>
        <sys_mod_count>1</sys_mod_count>
        <sys_name>link</sys_name>
        <sys_package display_value="ProActive Workflows &amp; Scheduling" source="x_661207_proacti_0">073851e22fe130103c5d9facf699b6d9</sys_package>
        <sys_policy/>
        <sys_scope display_value="ProActive Workflows &amp; Scheduling">073851e22fe130103c5d9facf699b6d9</sys_scope>
        <sys_update_name>sys_rest_message_fn_headers_843d44db2fa530103c5d9facf699b67d</sys_update_name>
        <sys_updated_by>admin</sys_updated_by>
        <sys_updated_on>2021-07-29 17:04:26</sys_updated_on>
        <value>https://demo.activeeon.com/catalog/buckets/${bucket}/resources/${workflow}/raw</value>
    </sys_rest_message_fn_headers>
</record_update>
