<?xml version="1.0" encoding="UTF-8"?><record_update>
    <sys_documentation element="result" label="Result" language="en" table="x_661207_proacti_0_proactive_workflows">
        <sys_documentation action="INSERT_OR_UPDATE">
            <element>result</element>
            <help/>
            <hint/>
            <label>Result</label>
            <language>en</language>
            <name>x_661207_proacti_0_proactive_workflows</name>
            <plural>Results</plural>
            <sys_class_name>sys_documentation</sys_class_name>
            <sys_created_by>admin</sys_created_by>
            <sys_created_on>2021-08-02 09:11:48</sys_created_on>
            <sys_id>d0a053d82fb130103c5d9facf699b668</sys_id>
            <sys_mod_count>0</sys_mod_count>
            <sys_name>Result</sys_name>
            <sys_package display_value="ProActive Workflows &amp; Scheduling" source="x_661207_proacti_0">073851e22fe130103c5d9facf699b6d9</sys_package>
            <sys_policy/>
            <sys_scope display_value="ProActive Workflows &amp; Scheduling">073851e22fe130103c5d9facf699b6d9</sys_scope>
            <sys_update_name>sys_documentation_x_661207_proacti_0_proactive_workflows_result_en</sys_update_name>
            <sys_updated_by>admin</sys_updated_by>
            <sys_updated_on>2021-08-02 09:11:48</sys_updated_on>
            <url/>
            <url_target/>
        </sys_documentation>
    </sys_documentation>
</record_update>
