<?xml version="1.0" encoding="UTF-8"?><record_update table="sys_ux_composite_data_template_predicate_bundle">
    <sys_ux_composite_data_template_predicate_bundle action="INSERT_OR_UPDATE">
        <active>true</active>
        <name>My request - task bundle</name>
        <sys_class_name>sys_ux_composite_data_template_predicate_bundle</sys_class_name>
        <sys_created_by>system</sys_created_by>
        <sys_created_on>2021-08-19 11:32:33</sys_created_on>
        <sys_id>9ed3d371face30105c11ae53cc47cff4</sys_id>
        <sys_mod_count>0</sys_mod_count>
        <sys_name>My request - task bundle</sys_name>
        <sys_package display_value="ProActive Workflows &amp; Scheduling" source="x_661207_proacti_0">073851e22fe130103c5d9facf699b6d9</sys_package>
        <sys_policy/>
        <sys_scope display_value="ProActive Workflows &amp; Scheduling">073851e22fe130103c5d9facf699b6d9</sys_scope>
        <sys_update_name>sys_ux_composite_data_template_predicate_bundle_9ed3d371face30105c11ae53cc47cff4</sys_update_name>
        <sys_updated_by>system</sys_updated_by>
        <sys_updated_on>2021-08-19 11:32:33</sys_updated_on>
    </sys_ux_composite_data_template_predicate_bundle>
</record_update>
