<?xml version="1.0" encoding="UTF-8"?><record_update table="sys_ux_composite_datasource">
    <sys_ux_composite_datasource action="INSERT_OR_UPDATE">
        <active>true</active>
        <condition table="sysapproval_approver">approverDYNAMIC90d1921e5f510100a9ad2572f2b477fe^state=requested^sysapprovalNOT LIKEREQ^EQ<item endquery="false" field="approver" goto="false" newquery="false" operator="DYNAMIC" or="false" value="90d1921e5f510100a9ad2572f2b477fe"/>
            <item display_value="Requested" endquery="false" field="state" goto="false" newquery="false" operator="=" or="false" value="requested"/>
            <item endquery="false" field="sysapproval" goto="false" newquery="false" operator="NOT LIKE" or="false" value="REQ"/>
            <item endquery="true" field="" goto="false" newquery="false" operator="=" or="false" value=""/>
        </condition>
        <encoded_query_script/>
        <name>Custom Portal Landing - My Tasks Datasource (Task table)</name>
        <sort_by>sys_created_on</sort_by>
        <sys_class_name>sys_ux_composite_datasource</sys_class_name>
        <sys_created_by>system</sys_created_by>
        <sys_created_on>2021-08-19 11:32:29</sys_created_on>
        <sys_id>9ad3d37133ce3010f237db09a51b57f3</sys_id>
        <sys_mod_count>0</sys_mod_count>
        <sys_name>Custom Portal Landing - My Tasks Datasource (Task table)</sys_name>
        <sys_package display_value="ProActive Workflows &amp; Scheduling" source="x_661207_proacti_0">073851e22fe130103c5d9facf699b6d9</sys_package>
        <sys_policy/>
        <sys_scope display_value="ProActive Workflows &amp; Scheduling">073851e22fe130103c5d9facf699b6d9</sys_scope>
        <sys_update_name>sys_ux_composite_datasource_9ad3d37133ce3010f237db09a51b57f3</sys_update_name>
        <sys_updated_by>system</sys_updated_by>
        <sys_updated_on>2021-08-19 11:32:29</sys_updated_on>
        <table>sysapproval_approver</table>
    </sys_ux_composite_datasource>
</record_update>
