<?xml version="1.0" encoding="UTF-8"?><record_update table="sys_uib_template">
    <sys_uib_template action="INSERT_OR_UPDATE">
        <associated_types>f198e5625311101017caddeeff7b120d,d5d732935301101017caddeeff7b12b3</associated_types>
        <image display_value="ui-builder-templates-left-and-right-sidebar.svg">b57f0e0877311010d99bbc3f681061c9</image>
        <label>Portal Centered Column with Sidebars</label>
        <macroponent display_value="Fixed Width One-Four-One">12d3d37147ce3010eaf9ee7d11af55ff</macroponent>
        <order>0</order>
        <sys_class_name>sys_uib_template</sys_class_name>
        <sys_created_by>system</sys_created_by>
        <sys_created_on>2021-08-19 11:32:32</sys_created_on>
        <sys_id>ded3d371f1ce3010e67334ae4b9ed0fe</sys_id>
        <sys_mod_count>0</sys_mod_count>
        <sys_name>Portal Centered Column with Sidebars</sys_name>
        <sys_package display_value="ProActive Workflows &amp; Scheduling" source="x_661207_proacti_0">073851e22fe130103c5d9facf699b6d9</sys_package>
        <sys_policy/>
        <sys_scope display_value="ProActive Workflows &amp; Scheduling">073851e22fe130103c5d9facf699b6d9</sys_scope>
        <sys_update_name>sys_uib_template_ded3d371f1ce3010e67334ae4b9ed0fe</sys_update_name>
        <sys_updated_by>system</sys_updated_by>
        <sys_updated_on>2021-08-19 11:32:32</sys_updated_on>
    </sys_uib_template>
</record_update>
