<?xml version="1.0" encoding="UTF-8"?><record_update table="sys_properties">
    <sys_properties action="INSERT_OR_UPDATE">
        <choices/>
        <description>URL of the ProActive server used by the ProActive application</description>
        <ignore_cache>true</ignore_cache>
        <is_private>true</is_private>
        <name>x_661207_proacti_0.proactive_server_url</name>
        <read_roles/>
        <suffix>proactive_server_url</suffix>
        <sys_class_name>sys_properties</sys_class_name>
        <sys_created_by>admin</sys_created_by>
        <sys_created_on>2021-08-25 10:09:23</sys_created_on>
        <sys_id>7a9979b72f4230103c5d9facf699b624</sys_id>
        <sys_mod_count>0</sys_mod_count>
        <sys_name>x_661207_proacti_0.proactive_server_url</sys_name>
        <sys_package display_value="ProActive Workflows &amp; Scheduling" source="x_661207_proacti_0">073851e22fe130103c5d9facf699b6d9</sys_package>
        <sys_policy/>
        <sys_scope display_value="ProActive Workflows &amp; Scheduling">073851e22fe130103c5d9facf699b6d9</sys_scope>
        <sys_update_name>sys_properties_7a9979b72f4230103c5d9facf699b624</sys_update_name>
        <sys_updated_by>admin</sys_updated_by>
        <sys_updated_on>2021-08-25 10:09:23</sys_updated_on>
        <type>string</type>
        <value>trydev2.activeeon.com</value>
        <write_roles/>
    </sys_properties>
    <sys_translated_text action="delete_multiple" query="documentkey=7a9979b72f4230103c5d9facf699b624"/>
</record_update>
