<?xml version="1.0" encoding="UTF-8"?><record_update>
    <sys_documentation element="status" label="Status" language="en" table="x_661207_proacti_0_vm_deployment">
        <sys_documentation action="INSERT_OR_UPDATE">
            <element>status</element>
            <help/>
            <hint/>
            <label>Status</label>
            <language>en</language>
            <name>x_661207_proacti_0_vm_deployment</name>
            <plural>Status</plural>
            <sys_class_name>sys_documentation</sys_class_name>
            <sys_created_by>admin</sys_created_by>
            <sys_created_on>2021-07-30 16:19:12</sys_created_on>
            <sys_id>88b5d1ef2f2570103c5d9facf699b67b</sys_id>
            <sys_mod_count>0</sys_mod_count>
            <sys_name>Status</sys_name>
            <sys_package display_value="ProActive Workflows &amp; Scheduling" source="x_661207_proacti_0">073851e22fe130103c5d9facf699b6d9</sys_package>
            <sys_policy/>
            <sys_scope display_value="ProActive Workflows &amp; Scheduling">073851e22fe130103c5d9facf699b6d9</sys_scope>
            <sys_update_name>sys_documentation_x_661207_proacti_0_vm_deployment_status_en</sys_update_name>
            <sys_updated_by>admin</sys_updated_by>
            <sys_updated_on>2021-07-30 16:19:12</sys_updated_on>
            <url/>
            <url_target/>
        </sys_documentation>
    </sys_documentation>
</record_update>
