<?xml version="1.0" encoding="UTF-8"?><record_update table="sys_ux_client_script">
    <sys_ux_client_script action="INSERT_OR_UPDATE">
        <includes/>
        <macroponent display_value="Catalog Item Page">12d317712fce3010ce719651cb207700</macroponent>
        <name>Set Related item sysId</name>
        <required_translations>[ ]</required_translations>
        <script><![CDATA[function handler({
    api,
    event,
    imports
}) {
    api.setState("relatedItemSysId", event.payload.sysId);
}]]></script>
        <script_api_version>2.0.0</script_api_version>
        <sys_class_name>sys_ux_client_script</sys_class_name>
        <sys_created_by>system</sys_created_by>
        <sys_created_on>2021-08-19 11:32:32</sys_created_on>
        <sys_id>d2d3d37117ce30101989966fa79217f3</sys_id>
        <sys_mod_count>0</sys_mod_count>
        <sys_name>Set Related item sysId</sys_name>
        <sys_package display_value="ProActive Workflows &amp; Scheduling" source="x_661207_proacti_0">073851e22fe130103c5d9facf699b6d9</sys_package>
        <sys_policy/>
        <sys_scope display_value="ProActive Workflows &amp; Scheduling">073851e22fe130103c5d9facf699b6d9</sys_scope>
        <sys_update_name>sys_ux_client_script_d2d3d37117ce30101989966fa79217f3</sys_update_name>
        <sys_updated_by>system</sys_updated_by>
        <sys_updated_on>2021-08-19 11:32:32</sys_updated_on>
    </sys_ux_client_script>
</record_update>
