<?xml version="1.0" encoding="UTF-8"?><record_update table="sys_ui_view">
    <sys_ui_view action="INSERT_OR_UPDATE">
        <group/>
        <hidden>false</hidden>
        <name>custom_portal_approval_x_661207_proacti_0</name>
        <roles/>
        <sys_class_name>sys_ui_view</sys_class_name>
        <sys_created_by>system</sys_created_by>
        <sys_created_on>2021-08-19 11:32:33</sys_created_on>
        <sys_id>d6d3d371f4ce3010cea706993be863ff</sys_id>
        <sys_mod_count>0</sys_mod_count>
        <sys_name>Custom portal (x_661207_proacti_0 )</sys_name>
        <sys_package display_value="ProActive Workflows &amp; Scheduling" source="x_661207_proacti_0">073851e22fe130103c5d9facf699b6d9</sys_package>
        <sys_policy/>
        <sys_scope display_value="ProActive Workflows &amp; Scheduling">073851e22fe130103c5d9facf699b6d9</sys_scope>
        <sys_update_name>sys_ui_view_d6d3d371f4ce3010cea706993be863ff</sys_update_name>
        <sys_updated_by>system</sys_updated_by>
        <sys_updated_on>2021-08-19 11:32:33</sys_updated_on>
        <title>Custom portal (x_661207_proacti_0 )</title>
        <user/>
    </sys_ui_view>
</record_update>
