<?xml version="1.0" encoding="UTF-8"?><record_update sys_domain="global" table="sys_hub_flow">
    <sys_hub_flow action="INSERT_OR_UPDATE">
        <access>public</access>
        <acls/>
        <active>false</active>
        <annotation/>
        <callable_by_client_api>false</callable_by_client_api>
        <category/>
        <compiler_build/>
        <copied_from>9a41b6c2ff12101088e94ee9453bf1a4</copied_from>
        <copied_from_name>FlowTemplate_Empty</copied_from_name>
        <description>Restarts in error tasks of a job in ProActive that is in ERROR state</description>
        <internal_name>restart_in_error_tasks</internal_name>
        <label_cache>[]</label_cache>
        <latest_snapshot/>
        <master_snapshot/>
        <name>Restart in error tasks</name>
        <natlang/>
        <outputs/>
        <remote_trigger_id/>
        <run_as>user</run_as>
        <run_with_roles/>
        <sc_callable>false</sc_callable>
        <show_draft_actions>false</show_draft_actions>
        <show_triggered_flows>false</show_triggered_flows>
        <status>draft</status>
        <sys_class_name>sys_hub_flow</sys_class_name>
        <sys_created_by>admin</sys_created_by>
        <sys_created_on>2021-08-19 14:44:06</sys_created_on>
        <sys_domain>global</sys_domain>
        <sys_domain_path>/</sys_domain_path>
        <sys_id>fdbf3b312f4270103c5d9facf699b654</sys_id>
        <sys_mod_count>4</sys_mod_count>
        <sys_name>Restart in error tasks</sys_name>
        <sys_overrides/>
        <sys_package display_value="ProActive Workflows &amp; Scheduling" source="x_661207_proacti_0">073851e22fe130103c5d9facf699b6d9</sys_package>
        <sys_policy/>
        <sys_scope display_value="ProActive Workflows &amp; Scheduling">073851e22fe130103c5d9facf699b6d9</sys_scope>
        <sys_update_name>sys_hub_flow_fdbf3b312f4270103c5d9facf699b654</sys_update_name>
        <sys_updated_by>admin</sys_updated_by>
        <sys_updated_on>2021-08-23 14:01:32</sys_updated_on>
        <type>flow</type>
    </sys_hub_flow>
    <sys_translated_text action="delete_multiple" query="documentkey=fdbf3b312f4270103c5d9facf699b654"/>
    <sys_variable_value action="delete_multiple" query="document_key=fdbf3b312f4270103c5d9facf699b654"/>
    <sys_hub_trigger_instance action="delete_multiple" query="flow=fdbf3b312f4270103c5d9facf699b654^sys_idNOT IN606040422f4270103c5d9facf699b648"/>
    <sys_hub_trigger_instance action="INSERT_OR_UPDATE">
        <comment/>
        <display_text/>
        <flow display_value="Restart in error tasks">fdbf3b312f4270103c5d9facf699b654</flow>
        <name>Updated</name>
        <remote_sys_id/>
        <sys_created_by>admin</sys_created_by>
        <sys_created_on>2021-08-19 14:47:01</sys_created_on>
        <sys_id>606040422f4270103c5d9facf699b648</sys_id>
        <sys_mod_count>2</sys_mod_count>
        <sys_scope/>
        <sys_updated_by>admin</sys_updated_by>
        <sys_updated_on>2021-08-23 14:01:32</sys_updated_on>
        <trigger_definition display_value="Updated">bb695e60c31322002841b63b12d3aea5</trigger_definition>
        <trigger_inputs/>
        <trigger_outputs/>
        <trigger_type>record_update</trigger_type>
    </sys_hub_trigger_instance>
    <sys_variable_value action="delete_multiple" query="document_key=606040422f4270103c5d9facf699b648"/>
    <sys_variable_value action="INSERT_OR_UPDATE">
        <document>sys_hub_trigger_instance</document>
        <document_key>606040422f4270103c5d9facf699b648</document_key>
        <order>1</order>
        <sys_class_name>sys_variable_value</sys_class_name>
        <sys_created_by>admin</sys_created_by>
        <sys_created_on>2021-08-19 14:47:01</sys_created_on>
        <sys_id>206040422f4270103c5d9facf699b64a</sys_id>
        <sys_mod_count>0</sys_mod_count>
        <sys_updated_by>admin</sys_updated_by>
        <sys_updated_on>2021-08-19 14:47:01</sys_updated_on>
        <value>incident</value>
        <variable display_value="Table">1dda12e0c31322002841b63b12d3aea8</variable>
    </sys_variable_value>
    <sys_variable_value action="INSERT_OR_UPDATE">
        <document>sys_hub_trigger_instance</document>
        <document_key>606040422f4270103c5d9facf699b648</document_key>
        <order>100</order>
        <sys_class_name>sys_variable_value</sys_class_name>
        <sys_created_by>admin</sys_created_by>
        <sys_created_on>2021-08-19 14:47:01</sys_created_on>
        <sys_id>6c6040422f4270103c5d9facf699b649</sys_id>
        <sys_mod_count>0</sys_mod_count>
        <sys_updated_by>admin</sys_updated_by>
        <sys_updated_on>2021-08-19 14:47:01</sys_updated_on>
        <value/>
        <variable display_value="Run flow In">4ecd76460f103300b599bca2ff767e0d</variable>
    </sys_variable_value>
    <sys_variable_value action="INSERT_OR_UPDATE">
        <document>sys_hub_trigger_instance</document>
        <document_key>606040422f4270103c5d9facf699b648</document_key>
        <order>100</order>
        <sys_class_name>sys_variable_value</sys_class_name>
        <sys_created_by>admin</sys_created_by>
        <sys_created_on>2021-08-19 14:47:01</sys_created_on>
        <sys_id>e06040422f4270103c5d9facf699b649</sys_id>
        <sys_mod_count>1</sys_mod_count>
        <sys_updated_by>admin</sys_updated_by>
        <sys_updated_on>2021-08-23 14:01:32</sys_updated_on>
        <value>stateCHANGESTO6^x_661207_proacti_0_proactive_job_idISNOTEMPTY^x_661207_proacti_0_proactive_session_idISNOTEMPTY</value>
        <variable display_value="Condition">bb9adea0c31322002841b63b12d3ae67</variable>
    </sys_variable_value>
    <sys_flow_cat_variable_model action="delete_multiple" query="id=fdbf3b312f4270103c5d9facf699b654^sys_idNOT IN35bf3b312f4270103c5d9facf699b657"/>
    <sys_flow_cat_variable_model action="INSERT_OR_UPDATE">
        <id>fdbf3b312f4270103c5d9facf699b654</id>
        <name>Restart in error tasks</name>
        <sys_created_by>admin</sys_created_by>
        <sys_created_on>2021-08-19 14:44:06</sys_created_on>
        <sys_id>35bf3b312f4270103c5d9facf699b657</sys_id>
        <sys_mod_count>0</sys_mod_count>
        <sys_scope/>
        <sys_updated_by>admin</sys_updated_by>
        <sys_updated_on>2021-08-19 14:44:06</sys_updated_on>
    </sys_flow_cat_variable_model>
    <sys_hub_flow_input action="delete_multiple" query="model=fdbf3b312f4270103c5d9facf699b654^sys_idNOT IN5c60cc022f4270103c5d9facf699b6b0,686040422f4270103c5d9facf699b62e,a46040422f4270103c5d9facf699b634"/>
    <sys_hub_flow_input action="INSERT_OR_UPDATE">
        <active>true</active>
        <array>false</array>
        <array_denormalized>false</array_denormalized>
        <attributes>element_mapping_provider=com.glide.flow_design.action.data.FlowDesignVariableMapper,uiType=document_id,uiTypeLabel=Document ID</attributes>
        <audit>false</audit>
        <calculation><![CDATA[(function calculatedFieldValue(current) {

	// Add your code here
	return '';  // return the calculated value

})(current);]]></calculation>
        <choice/>
        <choice_field/>
        <choice_table/>
        <column_label/>
        <comments/>
        <create_roles/>
        <default_value/>
        <defaultsort/>
        <delete_roles/>
        <dependent/>
        <dependent_on_field/>
        <display>false</display>
        <dynamic_creation>false</dynamic_creation>
        <dynamic_creation_script/>
        <dynamic_default_value/>
        <dynamic_ref_qual/>
        <element>current</element>
        <element_reference>false</element_reference>
        <foreign_database/>
        <function_definition/>
        <function_field>false</function_field>
        <help/>
        <hint/>
        <internal_type display_value="">document_id</internal_type>
        <label>Record</label>
        <mandatory>true</mandatory>
        <max_length>200</max_length>
        <model display_value="Restart in error tasks">fdbf3b312f4270103c5d9facf699b654</model>
        <model_id>fdbf3b312f4270103c5d9facf699b654</model_id>
        <model_table>sys_hub_flow</model_table>
        <name>var__m_sys_hub_flow_input_fdbf3b312f4270103c5d9facf699b654</name>
        <next_element/>
        <order>100</order>
        <primary>false</primary>
        <read_only>false</read_only>
        <read_roles/>
        <reference/>
        <reference_cascade_rule/>
        <reference_floats>false</reference_floats>
        <reference_key/>
        <reference_qual/>
        <reference_qual_condition/>
        <reference_type/>
        <sizeclass/>
        <spell_check>false</spell_check>
        <staged>false</staged>
        <sys_class_name>sys_hub_flow_input</sys_class_name>
        <sys_created_by>admin</sys_created_by>
        <sys_created_on>2021-08-19 14:47:01</sys_created_on>
        <sys_id>5c60cc022f4270103c5d9facf699b6b0</sys_id>
        <sys_mod_count>0</sys_mod_count>
        <sys_name/>
        <sys_package/>
        <sys_policy/>
        <sys_scope display_value="ProActive Workflows &amp; Scheduling">073851e22fe130103c5d9facf699b6d9</sys_scope>
        <sys_update_name/>
        <sys_updated_by>admin</sys_updated_by>
        <sys_updated_on>2021-08-19 14:47:01</sys_updated_on>
        <table_reference>false</table_reference>
        <text_index>false</text_index>
        <unique>false</unique>
        <use_dependent_field>false</use_dependent_field>
        <use_dynamic_default>false</use_dynamic_default>
        <use_reference_qualifier>simple</use_reference_qualifier>
        <virtual>false</virtual>
        <widget/>
        <write_roles/>
        <xml_view>false</xml_view>
    </sys_hub_flow_input>
    <sys_hub_flow_input action="INSERT_OR_UPDATE">
        <active>true</active>
        <array>false</array>
        <array_denormalized>false</array_denormalized>
        <attributes>child_label=FDChangeDetails,child_name=FDChangeDetails,child_type=object,child_type_label=Object,co_type_name=FD4d5cdcd7394630103cfeab95407c4ec5,element_mapping_provider=com.glide.flow_design.action.data.FlowDesignVariableMapper,pwd2droppable=true,uiType=array.object,uiTypeLabel=Array.Object</attributes>
        <audit>false</audit>
        <calculation><![CDATA[(function calculatedFieldValue(current) {

	// Add your code here
	return '';  // return the calculated value

})(current);]]></calculation>
        <choice/>
        <choice_field/>
        <choice_table/>
        <column_label/>
        <comments/>
        <create_roles/>
        <default_value/>
        <defaultsort/>
        <delete_roles/>
        <dependent/>
        <dependent_on_field/>
        <display>false</display>
        <dynamic_creation>false</dynamic_creation>
        <dynamic_creation_script/>
        <dynamic_default_value/>
        <dynamic_ref_qual/>
        <element>changed_fields</element>
        <element_reference>false</element_reference>
        <foreign_database/>
        <function_definition/>
        <function_field>false</function_field>
        <help/>
        <hint/>
        <internal_type display_value="String">string</internal_type>
        <label>Changed Fields</label>
        <mandatory>false</mandatory>
        <max_length>4000</max_length>
        <model display_value="Restart in error tasks">fdbf3b312f4270103c5d9facf699b654</model>
        <model_id>fdbf3b312f4270103c5d9facf699b654</model_id>
        <model_table>sys_hub_flow</model_table>
        <name>var__m_sys_hub_flow_input_fdbf3b312f4270103c5d9facf699b654</name>
        <next_element/>
        <order>100</order>
        <primary>false</primary>
        <read_only>false</read_only>
        <read_roles/>
        <reference/>
        <reference_cascade_rule/>
        <reference_floats>false</reference_floats>
        <reference_key/>
        <reference_qual/>
        <reference_qual_condition/>
        <reference_type/>
        <sizeclass/>
        <spell_check>false</spell_check>
        <staged>false</staged>
        <sys_class_name>sys_hub_flow_input</sys_class_name>
        <sys_created_by>admin</sys_created_by>
        <sys_created_on>2021-08-19 14:47:01</sys_created_on>
        <sys_id>686040422f4270103c5d9facf699b62e</sys_id>
        <sys_mod_count>1</sys_mod_count>
        <sys_name/>
        <sys_package/>
        <sys_policy/>
        <sys_scope display_value="ProActive Workflows &amp; Scheduling">073851e22fe130103c5d9facf699b6d9</sys_scope>
        <sys_update_name/>
        <sys_updated_by>admin</sys_updated_by>
        <sys_updated_on>2021-08-23 14:01:31</sys_updated_on>
        <table_reference>false</table_reference>
        <text_index>false</text_index>
        <unique>false</unique>
        <use_dependent_field>false</use_dependent_field>
        <use_dynamic_default>false</use_dynamic_default>
        <use_reference_qualifier>simple</use_reference_qualifier>
        <virtual>false</virtual>
        <widget/>
        <write_roles/>
        <xml_view>false</xml_view>
    </sys_hub_flow_input>
    <sys_hub_flow_input action="INSERT_OR_UPDATE">
        <active>true</active>
        <array>false</array>
        <array_denormalized>false</array_denormalized>
        <attributes>element_mapping_provider=com.glide.flow_design.action.data.FlowDesignVariableMapper,test_input_hidden=true,uiType=table_name,uiTypeLabel=Table Name</attributes>
        <audit>false</audit>
        <calculation><![CDATA[(function calculatedFieldValue(current) {

	// Add your code here
	return '';  // return the calculated value

})(current);]]></calculation>
        <choice/>
        <choice_field/>
        <choice_table/>
        <column_label/>
        <comments/>
        <create_roles/>
        <default_value/>
        <defaultsort/>
        <delete_roles/>
        <dependent/>
        <dependent_on_field/>
        <display>false</display>
        <dynamic_creation>false</dynamic_creation>
        <dynamic_creation_script/>
        <dynamic_default_value/>
        <dynamic_ref_qual/>
        <element>table_name</element>
        <element_reference>false</element_reference>
        <foreign_database/>
        <function_definition/>
        <function_field>false</function_field>
        <help/>
        <hint/>
        <internal_type display_value="">table_name</internal_type>
        <label>Table Name</label>
        <mandatory>false</mandatory>
        <max_length>200</max_length>
        <model display_value="Restart in error tasks">fdbf3b312f4270103c5d9facf699b654</model>
        <model_id>fdbf3b312f4270103c5d9facf699b654</model_id>
        <model_table>sys_hub_flow</model_table>
        <name>var__m_sys_hub_flow_input_fdbf3b312f4270103c5d9facf699b654</name>
        <next_element/>
        <order>101</order>
        <primary>false</primary>
        <read_only>false</read_only>
        <read_roles/>
        <reference/>
        <reference_cascade_rule/>
        <reference_floats>false</reference_floats>
        <reference_key/>
        <reference_qual/>
        <reference_qual_condition/>
        <reference_type/>
        <sizeclass/>
        <spell_check>false</spell_check>
        <staged>false</staged>
        <sys_class_name>sys_hub_flow_input</sys_class_name>
        <sys_created_by>admin</sys_created_by>
        <sys_created_on>2021-08-19 14:47:01</sys_created_on>
        <sys_id>a46040422f4270103c5d9facf699b634</sys_id>
        <sys_mod_count>0</sys_mod_count>
        <sys_name/>
        <sys_package/>
        <sys_policy/>
        <sys_scope display_value="ProActive Workflows &amp; Scheduling">073851e22fe130103c5d9facf699b6d9</sys_scope>
        <sys_update_name/>
        <sys_updated_by>admin</sys_updated_by>
        <sys_updated_on>2021-08-19 14:47:01</sys_updated_on>
        <table_reference>false</table_reference>
        <text_index>false</text_index>
        <unique>false</unique>
        <use_dependent_field>false</use_dependent_field>
        <use_dynamic_default>false</use_dynamic_default>
        <use_reference_qualifier>simple</use_reference_qualifier>
        <virtual>false</virtual>
        <widget/>
        <write_roles/>
        <xml_view>false</xml_view>
    </sys_hub_flow_input>
    <sys_hub_action_instance action="delete_multiple" query="flow=fdbf3b312f4270103c5d9facf699b654^sys_idNOT INd55c101b2f4630103c5d9facf699b603"/>
    <sys_hub_action_instance action="INSERT_OR_UPDATE">
        <action_inputs/>
        <action_type display_value="Restart in error tasks">66eb98d72f4630103c5d9facf699b601</action_type>
        <action_type_parent/>
        <comment/>
        <compiled_snapshot/>
        <display_text/>
        <flow display_value="Restart in error tasks">fdbf3b312f4270103c5d9facf699b654</flow>
        <order>1</order>
        <parent_ui_id/>
        <sys_class_name>sys_hub_action_instance</sys_class_name>
        <sys_created_by>admin</sys_created_by>
        <sys_created_on>2021-08-23 14:01:32</sys_created_on>
        <sys_id>d55c101b2f4630103c5d9facf699b603</sys_id>
        <sys_mod_count>2</sys_mod_count>
        <sys_scope display_value="ProActive Workflows &amp; Scheduling">073851e22fe130103c5d9facf699b6d9</sys_scope>
        <sys_updated_by>admin</sys_updated_by>
        <sys_updated_on>2021-08-23 14:01:32</sys_updated_on>
        <ui_id>f75fe4d0-36db-4b02-b7c9-63b9107482a3</ui_id>
    </sys_hub_action_instance>
    <sys_variable_value action="delete_multiple" query="document_key=d55c101b2f4630103c5d9facf699b603"/>
    <sys_variable_value action="INSERT_OR_UPDATE">
        <document>sys_hub_action_instance</document>
        <document_key>d55c101b2f4630103c5d9facf699b603</document_key>
        <order>1</order>
        <sys_class_name>sys_variable_value</sys_class_name>
        <sys_created_by>admin</sys_created_by>
        <sys_created_on>2021-08-23 14:01:32</sys_created_on>
        <sys_id>515c101b2f4630103c5d9facf699b606</sys_id>
        <sys_mod_count>0</sys_mod_count>
        <sys_updated_by>admin</sys_updated_by>
        <sys_updated_on>2021-08-23 14:01:32</sys_updated_on>
        <value>2a7ee25117b712448a96efd710c53a7b10700e82a7ee25117b712448a98000</value>
        <variable display_value="sessionid">66eb98d72f4630103c5d9facf699b604</variable>
    </sys_variable_value>
    <sys_variable_value action="INSERT_OR_UPDATE">
        <document>sys_hub_action_instance</document>
        <document_key>d55c101b2f4630103c5d9facf699b603</document_key>
        <order>2</order>
        <sys_class_name>sys_variable_value</sys_class_name>
        <sys_created_by>admin</sys_created_by>
        <sys_created_on>2021-08-23 14:01:32</sys_created_on>
        <sys_id>9d5c101b2f4630103c5d9facf699b605</sys_id>
        <sys_mod_count>0</sys_mod_count>
        <sys_updated_by>admin</sys_updated_by>
        <sys_updated_on>2021-08-23 14:01:32</sys_updated_on>
        <value>8</value>
        <variable display_value="jobId">aeeb98d72f4630103c5d9facf699b619</variable>
    </sys_variable_value>
    <sys_documentation action="delete_multiple" query="name=var__m_sys_hub_flow_input_fdbf3b312f4270103c5d9facf699b654^sys_idNOT IN206040422f4270103c5d9facf699b633,ac6040422f4270103c5d9facf699b62c,ec6040422f4270103c5d9facf699b644"/>
    <sys_documentation action="INSERT_OR_UPDATE">
        <element>changed_fields</element>
        <help/>
        <hint/>
        <label>Changed Fields</label>
        <language>en</language>
        <name>var__m_sys_hub_flow_input_fdbf3b312f4270103c5d9facf699b654</name>
        <plural/>
        <sys_class_name>sys_documentation</sys_class_name>
        <sys_created_by>admin</sys_created_by>
        <sys_created_on>2021-08-19 14:47:01</sys_created_on>
        <sys_id>206040422f4270103c5d9facf699b633</sys_id>
        <sys_mod_count>0</sys_mod_count>
        <sys_name/>
        <sys_package display_value="ProActive Workflows &amp; Scheduling" source="x_661207_proacti_0">073851e22fe130103c5d9facf699b6d9</sys_package>
        <sys_policy/>
        <sys_scope display_value="ProActive Workflows &amp; Scheduling">073851e22fe130103c5d9facf699b6d9</sys_scope>
        <sys_update_name/>
        <sys_updated_by>admin</sys_updated_by>
        <sys_updated_on>2021-08-19 14:47:01</sys_updated_on>
        <url/>
        <url_target/>
    </sys_documentation>
    <sys_documentation action="INSERT_OR_UPDATE">
        <element>current</element>
        <help/>
        <hint/>
        <label>Record</label>
        <language>en</language>
        <name>var__m_sys_hub_flow_input_fdbf3b312f4270103c5d9facf699b654</name>
        <plural/>
        <sys_class_name>sys_documentation</sys_class_name>
        <sys_created_by>admin</sys_created_by>
        <sys_created_on>2021-08-19 14:47:01</sys_created_on>
        <sys_id>ac6040422f4270103c5d9facf699b62c</sys_id>
        <sys_mod_count>0</sys_mod_count>
        <sys_name/>
        <sys_package display_value="ProActive Workflows &amp; Scheduling" source="x_661207_proacti_0">073851e22fe130103c5d9facf699b6d9</sys_package>
        <sys_policy/>
        <sys_scope display_value="ProActive Workflows &amp; Scheduling">073851e22fe130103c5d9facf699b6d9</sys_scope>
        <sys_update_name/>
        <sys_updated_by>admin</sys_updated_by>
        <sys_updated_on>2021-08-19 14:47:01</sys_updated_on>
        <url/>
        <url_target/>
    </sys_documentation>
    <sys_documentation action="INSERT_OR_UPDATE">
        <element>table_name</element>
        <help/>
        <hint/>
        <label>Table Name</label>
        <language>en</language>
        <name>var__m_sys_hub_flow_input_fdbf3b312f4270103c5d9facf699b654</name>
        <plural/>
        <sys_class_name>sys_documentation</sys_class_name>
        <sys_created_by>admin</sys_created_by>
        <sys_created_on>2021-08-19 14:47:01</sys_created_on>
        <sys_id>ec6040422f4270103c5d9facf699b644</sys_id>
        <sys_mod_count>0</sys_mod_count>
        <sys_name/>
        <sys_package display_value="ProActive Workflows &amp; Scheduling" source="x_661207_proacti_0">073851e22fe130103c5d9facf699b6d9</sys_package>
        <sys_policy/>
        <sys_scope display_value="ProActive Workflows &amp; Scheduling">073851e22fe130103c5d9facf699b6d9</sys_scope>
        <sys_update_name/>
        <sys_updated_by>admin</sys_updated_by>
        <sys_updated_on>2021-08-19 14:47:01</sys_updated_on>
        <url/>
        <url_target/>
    </sys_documentation>
</record_update>
