<?xml version="1.0" encoding="UTF-8"?><record_update table="sys_rest_message_fn_parameters">
    <sys_rest_message_fn_parameters action="INSERT_OR_UPDATE">
        <name>workflow</name>
        <rest_message_function display_value="Deploy Linux VM with Configuration File">ceec25f02fb130103c5d9facf699b656</rest_message_function>
        <sys_class_name>sys_rest_message_fn_parameters</sys_class_name>
        <sys_created_by>admin</sys_created_by>
        <sys_created_on>2021-08-03 15:17:31</sys_created_on>
        <sys_id>00ed6df02fb130103c5d9facf699b621</sys_id>
        <sys_mod_count>2</sys_mod_count>
        <sys_name>workflow</sys_name>
        <sys_package display_value="ProActive Workflows &amp; Scheduling" source="x_661207_proacti_0">073851e22fe130103c5d9facf699b6d9</sys_package>
        <sys_policy/>
        <sys_scope display_value="ProActive Workflows &amp; Scheduling">073851e22fe130103c5d9facf699b6d9</sys_scope>
        <sys_update_name>sys_rest_message_fn_parameters_00ed6df02fb130103c5d9facf699b621</sys_update_name>
        <sys_updated_by>admin</sys_updated_by>
        <sys_updated_on>2021-08-04 10:54:57</sys_updated_on>
        <type>string</type>
        <value>FNB_Linux_VM_Creation_With_Config_File</value>
    </sys_rest_message_fn_parameters>
</record_update>
