<?xml version="1.0" encoding="UTF-8"?><record_update table="sys_auth_profile_basic">
    <sys_auth_profile_basic action="INSERT_OR_UPDATE">
        <name>Alex F</name>
        <password>6jn2FfKaMh2g45MUohSXxA==</password>
        <sys_class_name>sys_auth_profile_basic</sys_class_name>
        <sys_created_by>admin</sys_created_by>
        <sys_created_on>2021-07-27 14:26:41</sys_created_on>
        <sys_id>be1f9de62fe130103c5d9facf699b61f</sys_id>
        <sys_mod_count>0</sys_mod_count>
        <sys_name>Alex F</sys_name>
        <sys_package display_value="ProActive Workflows &amp; Scheduling" source="x_661207_proacti_0">073851e22fe130103c5d9facf699b6d9</sys_package>
        <sys_policy/>
        <sys_scope display_value="ProActive Workflows &amp; Scheduling">073851e22fe130103c5d9facf699b6d9</sys_scope>
        <sys_update_name>sys_auth_profile_basic_be1f9de62fe130103c5d9facf699b61f</sys_update_name>
        <sys_updated_by>admin</sys_updated_by>
        <sys_updated_on>2021-07-27 14:26:41</sys_updated_on>
        <username>falessi</username>
    </sys_auth_profile_basic>
</record_update>
