<?xml version="1.0" encoding="UTF-8"?><record_update table="sys_ux_composite_datasource">
    <sys_ux_composite_datasource action="INSERT_OR_UPDATE">
        <active>true</active>
        <condition table="sc_2_sc">active=true^EQ<item endquery="false" field="active" goto="false" newquery="false" operator="=" or="false" value="true"/>
            <item endquery="true" field="" goto="false" newquery="false" operator="=" or="false" value=""/>
        </condition>
        <encoded_query_script/>
        <name>Custom Portal Catalog Item page - Related Items Datasource</name>
        <sort_by>sys_created_on</sort_by>
        <sys_class_name>sys_ux_composite_datasource</sys_class_name>
        <sys_created_by>system</sys_created_by>
        <sys_created_on>2021-08-19 11:32:30</sys_created_on>
        <sys_id>52d3d3714fce3010770ab921f44598f4</sys_id>
        <sys_mod_count>0</sys_mod_count>
        <sys_name>Custom Portal Catalog Item page - Related Items Datasource</sys_name>
        <sys_package display_value="ProActive Workflows &amp; Scheduling" source="x_661207_proacti_0">073851e22fe130103c5d9facf699b6d9</sys_package>
        <sys_policy/>
        <sys_scope display_value="ProActive Workflows &amp; Scheduling">073851e22fe130103c5d9facf699b6d9</sys_scope>
        <sys_update_name>sys_ux_composite_datasource_52d3d3714fce3010770ab921f44598f4</sys_update_name>
        <sys_updated_by>system</sys_updated_by>
        <sys_updated_on>2021-08-19 11:32:30</sys_updated_on>
        <table>sc_2_sc</table>
    </sys_ux_composite_datasource>
</record_update>
