<?xml version="1.0" encoding="UTF-8"?><record_update table="sys_ux_composite_data_template_predicate">
    <sys_ux_composite_data_template_predicate action="INSERT_OR_UPDATE">
        <active>true</active>
        <condition table="task">active=true^EQ<item endquery="false" field="active" goto="false" newquery="false" operator="=" or="false" value="true"/>
            <item endquery="true" field="" goto="false" newquery="false" operator="=" or="false" value=""/>
        </condition>
        <custom_condition/>
        <custom_field_list/>
        <field_list>due_date,short_description,number,opened_by</field_list>
        <name>My Requests (task) predicate</name>
        <order/>
        <predicate_bundle display_value="My Requests (task) bundle">dad3d371c3ce30106c08df9e9c119df6</predicate_bundle>
        <required_roles/>
        <sys_class_name>sys_ux_composite_data_template_predicate</sys_class_name>
        <sys_created_by>system</sys_created_by>
        <sys_created_on>2021-08-19 11:32:33</sys_created_on>
        <sys_id>9ad3d37178ce3010ba1e9a9404f794f6</sys_id>
        <sys_mod_count>0</sys_mod_count>
        <sys_name>My Requests (task) predicate</sys_name>
        <sys_package display_value="ProActive Workflows &amp; Scheduling" source="x_661207_proacti_0">073851e22fe130103c5d9facf699b6d9</sys_package>
        <sys_policy/>
        <sys_scope display_value="ProActive Workflows &amp; Scheduling">073851e22fe130103c5d9facf699b6d9</sys_scope>
        <sys_update_name>sys_ux_composite_data_template_predicate_9ad3d37178ce3010ba1e9a9404f794f6</sys_update_name>
        <sys_updated_by>system</sys_updated_by>
        <sys_updated_on>2021-08-19 11:32:33</sys_updated_on>
        <table>task</table>
        <ux_template display_value="My Requests (task) template">56d3d371ddce3010d87cdd0308cb20f5</ux_template>
    </sys_ux_composite_data_template_predicate>
</record_update>
