<?xml version="1.0" encoding="UTF-8"?><record_update table="sys_ux_client_script">
    <sys_ux_client_script action="INSERT_OR_UPDATE">
        <includes/>
        <macroponent display_value="Landing Page">5ed3d371d1ce30109ab3a194530e13ff</macroponent>
        <name>Card click redirection for My requests</name>
        <required_translations>[ ]</required_translations>
        <script><![CDATA[function handler({
    api,
    event,
    imports
}) {
    const {
        setState,
        emit
    } = api;

    const table = event.payload.table;
    const sysId = event.payload.sysId;
    const route = "record_request";

    if (table === "sc_req_item") {
        emit('NAV_ITEM_SELECTED', {
            route,
            fields: {
                table,
                sysId
            }
        });
    } else if(table == "incident"){
        emit('NAV_ITEM_SELECTED', {
            route,
            fields: {
                table: "incident",
                sysId
            }
        });
    }
    else{
        emit('NAV_ITEM_SELECTED', {
            route,
            fields: {
                table: "task",
                sysId
            }
        });
    }
}]]></script>
        <script_api_version>2.0.0</script_api_version>
        <sys_class_name>sys_ux_client_script</sys_class_name>
        <sys_created_by>system</sys_created_by>
        <sys_created_on>2021-08-19 11:32:32</sys_created_on>
        <sys_id>52d3d37188ce30101a4e6357d34ff2e4</sys_id>
        <sys_mod_count>0</sys_mod_count>
        <sys_name>Card click redirection for My requests</sys_name>
        <sys_package display_value="ProActive Workflows &amp; Scheduling" source="x_661207_proacti_0">073851e22fe130103c5d9facf699b6d9</sys_package>
        <sys_policy/>
        <sys_scope display_value="ProActive Workflows &amp; Scheduling">073851e22fe130103c5d9facf699b6d9</sys_scope>
        <sys_update_name>sys_ux_client_script_52d3d37188ce30101a4e6357d34ff2e4</sys_update_name>
        <sys_updated_by>system</sys_updated_by>
        <sys_updated_on>2021-08-19 11:32:32</sys_updated_on>
    </sys_ux_client_script>
</record_update>
