<?xml version="1.0" encoding="UTF-8"?><record_update table="sys_ux_applicability_m2m_screen">
    <sys_ux_applicability_m2m_screen action="INSERT_OR_UPDATE">
        <active>true</active>
        <applicability display_value="Public">92d3d37117ce3010dc3c1ecb6fef40e1</applicability>
        <order>0</order>
        <screen display_value="Login Default">52d3d371b4ce30103f4b5fd22a4937fe</screen>
        <sys_class_name>sys_ux_applicability_m2m_screen</sys_class_name>
        <sys_created_by>system</sys_created_by>
        <sys_created_on>2021-08-19 11:32:30</sys_created_on>
        <sys_id>9ed3d3716fce3010765f2580556eb6e0</sys_id>
        <sys_mod_count>0</sys_mod_count>
        <sys_name/>
        <sys_package display_value="ProActive Workflows &amp; Scheduling" source="x_661207_proacti_0">073851e22fe130103c5d9facf699b6d9</sys_package>
        <sys_policy/>
        <sys_scope display_value="ProActive Workflows &amp; Scheduling">073851e22fe130103c5d9facf699b6d9</sys_scope>
        <sys_update_name>sys_ux_applicability_m2m_screen_9ed3d3716fce3010765f2580556eb6e0</sys_update_name>
        <sys_updated_by>system</sys_updated_by>
        <sys_updated_on>2021-08-19 11:32:30</sys_updated_on>
    </sys_ux_applicability_m2m_screen>
</record_update>
