<?xml version="1.0" encoding="UTF-8"?><record_update table="sys_security_acl_role">
    <sys_security_acl_role action="INSERT_OR_UPDATE">
        <sys_class_name>sys_security_acl_role</sys_class_name>
        <sys_created_by>system</sys_created_by>
        <sys_created_on>2021-08-19 11:32:34</sys_created_on>
        <sys_id>40e357712fce30103c5d9facf699b6cd</sys_id>
        <sys_mod_count>0</sys_mod_count>
        <sys_name>82d3d3712fce30103c5d9facf699b6c4.x_661207_proacti_0.vm_deployment_user</sys_name>
        <sys_package display_value="ProActive Workflows &amp; Scheduling" source="x_661207_proacti_0">073851e22fe130103c5d9facf699b6d9</sys_package>
        <sys_policy/>
        <sys_scope display_value="ProActive Workflows &amp; Scheduling">073851e22fe130103c5d9facf699b6d9</sys_scope>
        <sys_security_acl display_value="82d3d3712fce30103c5d9facf699b6c4">9ad3d371f0ce301080ffdb48f04043fc</sys_security_acl>
        <sys_update_name>sys_security_acl_role_40e357712fce30103c5d9facf699b6cd</sys_update_name>
        <sys_updated_by>system</sys_updated_by>
        <sys_updated_on>2021-08-19 11:32:34</sys_updated_on>
        <sys_user_role display_value="x_661207_proacti_0.vm_deployment_user" name="x_661207_proacti_0.vm_deployment_user">0d751daf2f2570103c5d9facf699b631</sys_user_role>
        <transaction_id/>
    </sys_security_acl_role>
</record_update>
