<?xml version="1.0" encoding="UTF-8"?><record_update sys_domain="global" table="sys_ux_addon_event_mapping">
    <sys_ux_addon_event_mapping action="INSERT_OR_UPDATE">
        <active>true</active>
        <description/>
        <name>Popular articles event mapping</name>
        <parent_macroponent display_value="Landing Page">5ed3d371d1ce30109ab3a194530e13ff</parent_macroponent>
        <source_da display_value="navigation">d46f400473211010c342d5fdbdf6a7cf</source_da>
        <source_element_id>data_row_3</source_element_id>
        <sys_class_name>sys_ux_addon_event_mapping</sys_class_name>
        <sys_created_by>system</sys_created_by>
        <sys_created_on>2021-08-19 11:32:33</sys_created_on>
        <sys_domain>global</sys_domain>
        <sys_domain_path>/</sys_domain_path>
        <sys_id>1ad3d371d3ce30107aba87a7a18ca6e0</sys_id>
        <sys_mod_count>0</sys_mod_count>
        <sys_name>Popular articles event mapping</sys_name>
        <sys_overrides/>
        <sys_package display_value="ProActive Workflows &amp; Scheduling" source="x_661207_proacti_0">073851e22fe130103c5d9facf699b6d9</sys_package>
        <sys_policy/>
        <sys_scope display_value="ProActive Workflows &amp; Scheduling">073851e22fe130103c5d9facf699b6d9</sys_scope>
        <sys_update_name>sys_ux_addon_event_mapping_1ad3d371d3ce30107aba87a7a18ca6e0</sys_update_name>
        <sys_updated_by>system</sys_updated_by>
        <sys_updated_on>2021-08-19 11:32:33</sys_updated_on>
        <target_event display_value="Popular articles">5ad3d3710dce30104b3abf7e8f535ee0</target_event>
        <target_payload_mapping>{
  "type": "MAP_CONTAINER",
  "container": {
    "sysId": {
      "type": "EVENT_PAYLOAD_BINDING",
      "binding": {
        "address": [
          "sysId"
        ]
      }
    },
    "table": {
      "type": "EVENT_PAYLOAD_BINDING",
      "binding": {
        "address": [
          "table"
        ]
      }
    }
  }
}</target_payload_mapping>
    </sys_ux_addon_event_mapping>
</record_update>
