<?xml version="1.0" encoding="UTF-8"?><record_update table="sys_security_acl">
    <sys_security_acl action="INSERT_OR_UPDATE">
        <active>true</active>
        <admin_overrides>true</admin_overrides>
        <advanced>false</advanced>
        <condition/>
        <description>Used to restrict access to the custom portal pages</description>
        <name>x.661207.job-submission.*</name>
        <operation display_value="read">read</operation>
        <script/>
        <sys_class_name>sys_security_acl</sys_class_name>
        <sys_created_by>system</sys_created_by>
        <sys_created_on>2021-08-19 11:32:30</sys_created_on>
        <sys_id>8ed3d3712fce30103c5d9facf699b6c4</sys_id>
        <sys_mod_count>0</sys_mod_count>
        <sys_name>x.661207.job-submission.*</sys_name>
        <sys_package display_value="ProActive Workflows &amp; Scheduling" source="x_661207_proacti_0">073851e22fe130103c5d9facf699b6d9</sys_package>
        <sys_policy/>
        <sys_scope display_value="ProActive Workflows &amp; Scheduling">073851e22fe130103c5d9facf699b6d9</sys_scope>
        <sys_update_name>sys_security_acl_8ed3d3712fce30103c5d9facf699b6c4</sys_update_name>
        <sys_updated_by>system</sys_updated_by>
        <sys_updated_on>2021-08-19 11:32:30</sys_updated_on>
        <type display_value="ux_route">b9eb8a1b873303002941b53046cb1234</type>
    </sys_security_acl>
</record_update>
