<?xml version="1.0" encoding="UTF-8"?><record_update table="sp_container">
    <sp_container action="DELETE">
        <background_color/>
        <background_image/>
        <background_style>default</background_style>
        <bootstrap_alt>false</bootstrap_alt>
        <class_name/>
        <container_class_name/>
        <name>Job submission - Container 2</name>
        <order>2</order>
        <sp_page display_value="job_submission">6353b79e2f1630103c5d9facf699b6e9</sp_page>
        <subheader>false</subheader>
        <sys_class_name>sp_container</sys_class_name>
        <sys_created_by>admin</sys_created_by>
        <sys_created_on>2021-09-02 13:22:49</sys_created_on>
        <sys_id>6b53b7de2f1630103c5d9facf699b6e8</sys_id>
        <sys_mod_count>1</sys_mod_count>
        <sys_name>Job submission - Container 2</sys_name>
        <sys_package display_value="ProActive Workflows &amp; Scheduling" source="x_661207_proacti_0">073851e22fe130103c5d9facf699b6d9</sys_package>
        <sys_policy/>
        <sys_scope display_value="ProActive Workflows &amp; Scheduling">073851e22fe130103c5d9facf699b6d9</sys_scope>
        <sys_update_name>sp_container_6b53b7de2f1630103c5d9facf699b6e8</sys_update_name>
        <sys_updated_by>admin</sys_updated_by>
        <sys_updated_on>2021-09-02 13:23:24</sys_updated_on>
        <title/>
        <width>container</width>
    </sp_container>
    <sys_update_version action="INSERT_OR_UPDATE">
        <action>DELETE</action>
        <application display_value="ProActive Workflows &amp; Scheduling">073851e22fe130103c5d9facf699b6d9</application>
        <file_path/>
        <instance_id>4aa0f5fbdba0770049eac5970596191a</instance_id>
        <instance_name>dev79618</instance_name>
        <name>sp_container_6b53b7de2f1630103c5d9facf699b6e8</name>
        <payload><![CDATA[<?xml version="1.0" encoding="UTF-8"?><record_update table="sp_container"><sp_container action="INSERT_OR_UPDATE"><background_color/><background_image/><background_style>default</background_style><bootstrap_alt>false</bootstrap_alt><class_name/><container_class_name/><name>Job submission - Container 2</name><order>2</order><sp_page display_value="job_submission">6353b79e2f1630103c5d9facf699b6e9</sp_page><subheader>false</subheader><sys_class_name>sp_container</sys_class_name><sys_created_by>admin</sys_created_by><sys_created_on>2021-09-02 13:22:49</sys_created_on><sys_id>6b53b7de2f1630103c5d9facf699b6e8</sys_id><sys_mod_count>1</sys_mod_count><sys_name>Job submission - Container 2</sys_name><sys_package display_value="ProActive Workflows &amp; Scheduling" source="x_661207_proacti_0">073851e22fe130103c5d9facf699b6d9</sys_package><sys_policy/><sys_scope display_value="ProActive Workflows &amp; Scheduling">073851e22fe130103c5d9facf699b6d9</sys_scope><sys_update_name>sp_container_6b53b7de2f1630103c5d9facf699b6e8</sys_update_name><sys_updated_by>admin</sys_updated_by><sys_updated_on>2021-09-02 13:23:24</sys_updated_on><title/><width>container</width></sp_container></record_update>]]></payload>
        <payload_hash>-741224297</payload_hash>
        <record_name>Job submission - Container 2</record_name>
        <reverted_from/>
        <source>0b3851e22fe130103c5d9facf699b6db</source>
        <source_table>sys_update_set</source_table>
        <state>previous</state>
        <sys_created_by>admin</sys_created_by>
        <sys_created_on>2021-09-02 13:23:24</sys_created_on>
        <sys_id>c883f3de2f1630103c5d9facf699b61a</sys_id>
        <sys_mod_count>0</sys_mod_count>
        <sys_recorded_at>17ba6ada98c0000001</sys_recorded_at>
        <sys_updated_by>admin</sys_updated_by>
        <sys_updated_on>2021-09-02 13:23:24</sys_updated_on>
        <type>Container</type>
        <update_guid>0483f3de171630109d5d4314bfc1151a</update_guid>
        <update_guid_history>0483f3de171630109d5d4314bfc1151a:-741224297,eb53b7deec163010938b884df466e3ea:-466700712</update_guid_history>
    </sys_update_version>
    <sys_metadata_delete action="INSERT_OR_UPDATE">
        <sys_audit_delete display_value="Job submission - Container 2">d4937bde2f1630103c5d9facf699b656</sys_audit_delete>
        <sys_class_name>sys_metadata_delete</sys_class_name>
        <sys_created_by>admin</sys_created_by>
        <sys_created_on>2021-09-02 13:23:40</sys_created_on>
        <sys_db_object display_value="" name="sp_container">sp_container</sys_db_object>
        <sys_id>1170d995871844e8a202e34931809d90</sys_id>
        <sys_metadata>6b53b7de2f1630103c5d9facf699b6e8</sys_metadata>
        <sys_mod_count>0</sys_mod_count>
        <sys_name>Job submission - Container 2</sys_name>
        <sys_package display_value="ProActive Workflows &amp; Scheduling" source="x_661207_proacti_0">073851e22fe130103c5d9facf699b6d9</sys_package>
        <sys_parent/>
        <sys_policy/>
        <sys_scope display_value="ProActive Workflows &amp; Scheduling">073851e22fe130103c5d9facf699b6d9</sys_scope>
        <sys_scope_delete display_value="">027723d347444b5d893c74fa450d5261</sys_scope_delete>
        <sys_update_name>sp_container_6b53b7de2f1630103c5d9facf699b6e8</sys_update_name>
        <sys_update_version display_value="sp_container_6b53b7de2f1630103c5d9facf699b6e8">c883f3de2f1630103c5d9facf699b61a</sys_update_version>
        <sys_updated_by>admin</sys_updated_by>
        <sys_updated_on>2021-09-02 13:23:40</sys_updated_on>
    </sys_metadata_delete>
</record_update>
