<?xml version="1.0" encoding="UTF-8"?><record_update table="sp_column">
    <sp_column action="DELETE">
        <class_name/>
        <order>1</order>
        <size>12</size>
        <size_lg/>
        <size_sm/>
        <size_xs/>
        <sp_row display_value="1">7c83b7de2f1630103c5d9facf699b6ec</sp_row>
        <sys_class_name>sp_column</sys_class_name>
        <sys_created_by>admin</sys_created_by>
        <sys_created_on>2021-09-02 13:23:26</sys_created_on>
        <sys_id>b483b7de2f1630103c5d9facf699b6ef</sys_id>
        <sys_mod_count>0</sys_mod_count>
        <sys_name>1</sys_name>
        <sys_package display_value="ProActive Workflows &amp; Scheduling" source="x_661207_proacti_0">073851e22fe130103c5d9facf699b6d9</sys_package>
        <sys_policy/>
        <sys_scope display_value="ProActive Workflows &amp; Scheduling">073851e22fe130103c5d9facf699b6d9</sys_scope>
        <sys_update_name>sp_column_b483b7de2f1630103c5d9facf699b6ef</sys_update_name>
        <sys_updated_by>admin</sys_updated_by>
        <sys_updated_on>2021-09-02 13:23:26</sys_updated_on>
    </sp_column>
    <sys_update_version action="INSERT_OR_UPDATE">
        <action>DELETE</action>
        <application display_value="ProActive Workflows &amp; Scheduling">073851e22fe130103c5d9facf699b6d9</application>
        <file_path/>
        <instance_id>4aa0f5fbdba0770049eac5970596191a</instance_id>
        <instance_name>dev79618</instance_name>
        <name>sp_column_b483b7de2f1630103c5d9facf699b6ef</name>
        <payload><![CDATA[<?xml version="1.0" encoding="UTF-8"?><record_update table="sp_column"><sp_column action="INSERT_OR_UPDATE"><class_name/><order>1</order><size>12</size><size_lg/><size_sm/><size_xs/><sp_row display_value="1">7c83b7de2f1630103c5d9facf699b6ec</sp_row><sys_class_name>sp_column</sys_class_name><sys_created_by>admin</sys_created_by><sys_created_on>2021-09-02 13:23:26</sys_created_on><sys_id>b483b7de2f1630103c5d9facf699b6ef</sys_id><sys_mod_count>0</sys_mod_count><sys_name>1</sys_name><sys_package display_value="ProActive Workflows &amp; Scheduling" source="x_661207_proacti_0">073851e22fe130103c5d9facf699b6d9</sys_package><sys_policy/><sys_scope display_value="ProActive Workflows &amp; Scheduling">073851e22fe130103c5d9facf699b6d9</sys_scope><sys_update_name>sp_column_b483b7de2f1630103c5d9facf699b6ef</sys_update_name><sys_updated_by>admin</sys_updated_by><sys_updated_on>2021-09-02 13:23:26</sys_updated_on></sp_column></record_update>]]></payload>
        <payload_hash>980594645</payload_hash>
        <record_name>1</record_name>
        <reverted_from/>
        <source>0b3851e22fe130103c5d9facf699b6db</source>
        <source_table>sys_update_set</source_table>
        <state>previous</state>
        <sys_created_by>admin</sys_created_by>
        <sys_created_on>2021-09-02 13:23:26</sys_created_on>
        <sys_id>3883b7de2f1630103c5d9facf699b6f1</sys_id>
        <sys_mod_count>0</sys_mod_count>
        <sys_recorded_at>17ba6adb3e40000001</sys_recorded_at>
        <sys_updated_by>admin</sys_updated_by>
        <sys_updated_on>2021-09-02 13:23:26</sys_updated_on>
        <type>Column</type>
        <update_guid>7083b7de7a163010489b4d9e15055cf1</update_guid>
        <update_guid_history>7083b7de7a163010489b4d9e15055cf1:980594645</update_guid_history>
    </sys_update_version>
    <sys_metadata_delete action="INSERT_OR_UPDATE">
        <sys_audit_delete display_value="1">4e8377de2f1630103c5d9facf699b69d</sys_audit_delete>
        <sys_class_name>sys_metadata_delete</sys_class_name>
        <sys_created_by>admin</sys_created_by>
        <sys_created_on>2021-09-02 13:23:32</sys_created_on>
        <sys_db_object display_value="" name="sp_column">sp_column</sys_db_object>
        <sys_id>84d8c41572b140e4a3d3759dc14a0010</sys_id>
        <sys_metadata>b483b7de2f1630103c5d9facf699b6ef</sys_metadata>
        <sys_mod_count>0</sys_mod_count>
        <sys_name>1</sys_name>
        <sys_package display_value="ProActive Workflows &amp; Scheduling" source="x_661207_proacti_0">073851e22fe130103c5d9facf699b6d9</sys_package>
        <sys_parent/>
        <sys_policy/>
        <sys_scope display_value="ProActive Workflows &amp; Scheduling">073851e22fe130103c5d9facf699b6d9</sys_scope>
        <sys_scope_delete display_value="">027723d347444b5d893c74fa450d5261</sys_scope_delete>
        <sys_update_name>sp_column_b483b7de2f1630103c5d9facf699b6ef</sys_update_name>
        <sys_update_version display_value="sp_column_b483b7de2f1630103c5d9facf699b6ef">3883b7de2f1630103c5d9facf699b6f1</sys_update_version>
        <sys_updated_by>admin</sys_updated_by>
        <sys_updated_on>2021-09-02 13:23:32</sys_updated_on>
    </sys_metadata_delete>
</record_update>
