<?xml version="1.0" encoding="UTF-8"?><record_update table="sp_column">
    <sp_column action="DELETE">
        <class_name/>
        <order>2</order>
        <size>2</size>
        <size_lg/>
        <size_sm/>
        <size_xs/>
        <sp_row display_value="1">cb833bde2f1630103c5d9facf699b6c1</sp_row>
        <sys_class_name>sp_column</sys_class_name>
        <sys_created_by>admin</sys_created_by>
        <sys_created_on>2021-09-02 13:23:36</sys_created_on>
        <sys_id>4b833bde2f1630103c5d9facf699b6c5</sys_id>
        <sys_mod_count>0</sys_mod_count>
        <sys_name>2</sys_name>
        <sys_package display_value="ProActive Workflows &amp; Scheduling" source="x_661207_proacti_0">073851e22fe130103c5d9facf699b6d9</sys_package>
        <sys_policy/>
        <sys_scope display_value="ProActive Workflows &amp; Scheduling">073851e22fe130103c5d9facf699b6d9</sys_scope>
        <sys_update_name>sp_column_4b833bde2f1630103c5d9facf699b6c5</sys_update_name>
        <sys_updated_by>admin</sys_updated_by>
        <sys_updated_on>2021-09-02 13:23:36</sys_updated_on>
    </sp_column>
    <sys_update_version action="INSERT_OR_UPDATE">
        <action>DELETE</action>
        <application display_value="ProActive Workflows &amp; Scheduling">073851e22fe130103c5d9facf699b6d9</application>
        <file_path/>
        <instance_id>4aa0f5fbdba0770049eac5970596191a</instance_id>
        <instance_name>dev79618</instance_name>
        <name>sp_column_4b833bde2f1630103c5d9facf699b6c5</name>
        <payload><![CDATA[<?xml version="1.0" encoding="UTF-8"?><record_update table="sp_column"><sp_column action="INSERT_OR_UPDATE"><class_name/><order>2</order><size>2</size><size_lg/><size_sm/><size_xs/><sp_row display_value="1">cb833bde2f1630103c5d9facf699b6c1</sp_row><sys_class_name>sp_column</sys_class_name><sys_created_by>admin</sys_created_by><sys_created_on>2021-09-02 13:23:36</sys_created_on><sys_id>4b833bde2f1630103c5d9facf699b6c5</sys_id><sys_mod_count>0</sys_mod_count><sys_name>2</sys_name><sys_package display_value="ProActive Workflows &amp; Scheduling" source="x_661207_proacti_0">073851e22fe130103c5d9facf699b6d9</sys_package><sys_policy/><sys_scope display_value="ProActive Workflows &amp; Scheduling">073851e22fe130103c5d9facf699b6d9</sys_scope><sys_update_name>sp_column_4b833bde2f1630103c5d9facf699b6c5</sys_update_name><sys_updated_by>admin</sys_updated_by><sys_updated_on>2021-09-02 13:23:36</sys_updated_on></sp_column></record_update>]]></payload>
        <payload_hash>1897059065</payload_hash>
        <record_name>2</record_name>
        <reverted_from/>
        <source>0b3851e22fe130103c5d9facf699b6db</source>
        <source_table>sys_update_set</source_table>
        <state>previous</state>
        <sys_created_by>admin</sys_created_by>
        <sys_created_on>2021-09-02 13:23:36</sys_created_on>
        <sys_id>43833bde2f1630103c5d9facf699b6c7</sys_id>
        <sys_mod_count>0</sys_mod_count>
        <sys_recorded_at>17ba6add9d50000001</sys_recorded_at>
        <sys_updated_by>admin</sys_updated_by>
        <sys_updated_on>2021-09-02 13:23:36</sys_updated_on>
        <type>Column</type>
        <update_guid>8b833bde06163010d17f08640381f3c6</update_guid>
        <update_guid_history>8b833bde06163010d17f08640381f3c6:1897059065</update_guid_history>
    </sys_update_version>
    <sys_metadata_delete action="INSERT_OR_UPDATE">
        <sys_audit_delete display_value="2">04937bde2f1630103c5d9facf699b640</sys_audit_delete>
        <sys_class_name>sys_metadata_delete</sys_class_name>
        <sys_created_by>admin</sys_created_by>
        <sys_created_on>2021-09-02 13:23:40</sys_created_on>
        <sys_db_object display_value="" name="sp_column">sp_column</sys_db_object>
        <sys_id>2299ba7b4da74e00b13235b8b2f25e90</sys_id>
        <sys_metadata>4b833bde2f1630103c5d9facf699b6c5</sys_metadata>
        <sys_mod_count>0</sys_mod_count>
        <sys_name>2</sys_name>
        <sys_package display_value="ProActive Workflows &amp; Scheduling" source="x_661207_proacti_0">073851e22fe130103c5d9facf699b6d9</sys_package>
        <sys_parent/>
        <sys_policy/>
        <sys_scope display_value="ProActive Workflows &amp; Scheduling">073851e22fe130103c5d9facf699b6d9</sys_scope>
        <sys_scope_delete display_value="">027723d347444b5d893c74fa450d5261</sys_scope_delete>
        <sys_update_name>sp_column_4b833bde2f1630103c5d9facf699b6c5</sys_update_name>
        <sys_update_version display_value="sp_column_4b833bde2f1630103c5d9facf699b6c5">43833bde2f1630103c5d9facf699b6c7</sys_update_version>
        <sys_updated_by>admin</sys_updated_by>
        <sys_updated_on>2021-09-02 13:23:40</sys_updated_on>
    </sys_metadata_delete>
</record_update>
