<?xml version="1.0" encoding="UTF-8"?><record_update table="sp_instance">
    <sp_instance action="DELETE">
        <active>true</active>
        <class_name/>
        <color>default</color>
        <css/>
        <glyph/>
        <id/>
        <order>1</order>
        <roles/>
        <short_description/>
        <size>md</size>
        <sp_column display_value="1">8e843bde2f1630103c5d9facf699b6d3</sp_column>
        <sp_widget display_value="Search Nav">81299142cb21020000f8d856634c9cc1</sp_widget>
        <sys_class_name>sp_instance</sys_class_name>
        <sys_created_by>admin</sys_created_by>
        <sys_created_on>2021-09-02 13:28:41</sys_created_on>
        <sys_id>65b43fde2f1630103c5d9facf699b6f2</sys_id>
        <sys_mod_count>0</sys_mod_count>
        <sys_name/>
        <sys_package display_value="ProActive Workflows &amp; Scheduling" source="x_661207_proacti_0">073851e22fe130103c5d9facf699b6d9</sys_package>
        <sys_policy/>
        <sys_scope display_value="ProActive Workflows &amp; Scheduling">073851e22fe130103c5d9facf699b6d9</sys_scope>
        <sys_update_name>sp_instance_65b43fde2f1630103c5d9facf699b6f2</sys_update_name>
        <sys_updated_by>admin</sys_updated_by>
        <sys_updated_on>2021-09-02 13:28:41</sys_updated_on>
        <title/>
        <url/>
        <widget_parameters/>
    </sp_instance>
    <sys_translated_text action="DELETE" query="documentkey=65b43fde2f1630103c5d9facf699b6f2"/>
    <sys_update_version action="INSERT_OR_UPDATE">
        <action>DELETE</action>
        <application display_value="ProActive Workflows &amp; Scheduling">073851e22fe130103c5d9facf699b6d9</application>
        <file_path/>
        <instance_id>4aa0f5fbdba0770049eac5970596191a</instance_id>
        <instance_name>dev79618</instance_name>
        <name>sp_instance_65b43fde2f1630103c5d9facf699b6f2</name>
        <payload><![CDATA[<?xml version="1.0" encoding="UTF-8"?><record_update table="sp_instance"><sp_instance action="INSERT_OR_UPDATE"><active>true</active><class_name/><color>default</color><css/><glyph/><id/><order>1</order><roles/><short_description/><size>md</size><sp_column display_value="1">8e843bde2f1630103c5d9facf699b6d3</sp_column><sp_widget display_value="Search Nav">81299142cb21020000f8d856634c9cc1</sp_widget><sys_class_name>sp_instance</sys_class_name><sys_created_by>admin</sys_created_by><sys_created_on>2021-09-02 13:28:41</sys_created_on><sys_id>65b43fde2f1630103c5d9facf699b6f2</sys_id><sys_mod_count>0</sys_mod_count><sys_name/><sys_package display_value="ProActive Workflows &amp; Scheduling" source="x_661207_proacti_0">073851e22fe130103c5d9facf699b6d9</sys_package><sys_policy/><sys_scope display_value="ProActive Workflows &amp; Scheduling">073851e22fe130103c5d9facf699b6d9</sys_scope><sys_update_name>sp_instance_65b43fde2f1630103c5d9facf699b6f2</sys_update_name><sys_updated_by>admin</sys_updated_by><sys_updated_on>2021-09-02 13:28:41</sys_updated_on><title/><url/><widget_parameters/></sp_instance><sys_translated_text action="delete_multiple" query="documentkey=65b43fde2f1630103c5d9facf699b6f2"/></record_update>]]></payload>
        <payload_hash>-1618713694</payload_hash>
        <record_name/>
        <reverted_from/>
        <source>0b3851e22fe130103c5d9facf699b6db</source>
        <source_table>sys_update_set</source_table>
        <state>previous</state>
        <sys_created_by>admin</sys_created_by>
        <sys_created_on>2021-09-02 13:28:41</sys_created_on>
        <sys_id>65b43fde2f1630103c5d9facf699b6f5</sys_id>
        <sys_mod_count>0</sys_mod_count>
        <sys_recorded_at>17ba6b282c90000001</sys_recorded_at>
        <sys_updated_by>admin</sys_updated_by>
        <sys_updated_on>2021-09-02 13:28:41</sys_updated_on>
        <type>Instance</type>
        <update_guid>adb43fde9b1630100ed02f1dbf3244f4</update_guid>
        <update_guid_history>adb43fde9b1630100ed02f1dbf3244f4:-1618713694</update_guid_history>
    </sys_update_version>
    <sys_metadata_delete action="INSERT_OR_UPDATE">
        <sys_audit_delete display_value="">58f477122f5630103c5d9facf699b667</sys_audit_delete>
        <sys_class_name>sys_metadata_delete</sys_class_name>
        <sys_created_by>admin</sys_created_by>
        <sys_created_on>2021-09-02 13:29:42</sys_created_on>
        <sys_db_object display_value="" name="sp_instance">sp_instance</sys_db_object>
        <sys_id>1cf9972458ce45f484040b4164ac32e1</sys_id>
        <sys_metadata>65b43fde2f1630103c5d9facf699b6f2</sys_metadata>
        <sys_mod_count>0</sys_mod_count>
        <sys_name/>
        <sys_package display_value="ProActive Workflows &amp; Scheduling" source="x_661207_proacti_0">073851e22fe130103c5d9facf699b6d9</sys_package>
        <sys_parent/>
        <sys_policy/>
        <sys_scope display_value="ProActive Workflows &amp; Scheduling">073851e22fe130103c5d9facf699b6d9</sys_scope>
        <sys_scope_delete display_value="">027723d347444b5d893c74fa450d5261</sys_scope_delete>
        <sys_update_name>sp_instance_65b43fde2f1630103c5d9facf699b6f2</sys_update_name>
        <sys_update_version display_value="sp_instance_65b43fde2f1630103c5d9facf699b6f2">65b43fde2f1630103c5d9facf699b6f5</sys_update_version>
        <sys_updated_by>admin</sys_updated_by>
        <sys_updated_on>2021-09-02 13:29:42</sys_updated_on>
    </sys_metadata_delete>
</record_update>
