<?xml version="1.0" encoding="UTF-8"?><record_update table="sp_instance">
    <sp_instance action="DELETE">
        <active>true</active>
        <class_name/>
        <color>default</color>
        <css/>
        <glyph/>
        <id/>
        <order>1</order>
        <roles/>
        <short_description/>
        <size>md</size>
        <sp_column display_value="1">8e843bde2f1630103c5d9facf699b6d3</sp_column>
        <sp_widget display_value="Form">fd1f4ec347730200ba13a5554ee490c0</sp_widget>
        <sys_class_name>sp_instance</sys_class_name>
        <sys_created_by>admin</sys_created_by>
        <sys_created_on>2021-09-02 13:29:44</sys_created_on>
        <sys_id>89f4f7122f5630103c5d9facf699b6d7</sys_id>
        <sys_mod_count>2</sys_mod_count>
        <sys_name/>
        <sys_package display_value="ProActive Workflows &amp; Scheduling" source="x_661207_proacti_0">073851e22fe130103c5d9facf699b6d9</sys_package>
        <sys_policy/>
        <sys_scope display_value="ProActive Workflows &amp; Scheduling">073851e22fe130103c5d9facf699b6d9</sys_scope>
        <sys_update_name>sp_instance_89f4f7122f5630103c5d9facf699b6d7</sys_update_name>
        <sys_updated_by>admin</sys_updated_by>
        <sys_updated_on>2021-09-02 13:30:00</sys_updated_on>
        <title/>
        <url/>
        <widget_parameters><![CDATA[{
	"disableUIActions": {
		"value": "",
		"displayValue": ""
	},
	"showFormView": {
		"value": "false",
		"displayValue": "false"
	},
	"omitHeaderOptions": {
		"value": "",
		"displayValue": ""
	}
}]]></widget_parameters>
    </sp_instance>
    <sys_translated_text action="DELETE" query="documentkey=89f4f7122f5630103c5d9facf699b6d7"/>
    <sys_update_version action="INSERT_OR_UPDATE">
        <action>DELETE</action>
        <application display_value="ProActive Workflows &amp; Scheduling">073851e22fe130103c5d9facf699b6d9</application>
        <file_path/>
        <instance_id>4aa0f5fbdba0770049eac5970596191a</instance_id>
        <instance_name>dev79618</instance_name>
        <name>sp_instance_89f4f7122f5630103c5d9facf699b6d7</name>
        <payload>&lt;?xml version="1.0" encoding="UTF-8"?&gt;&lt;record_update table="sp_instance"&gt;&lt;sp_instance action="INSERT_OR_UPDATE"&gt;&lt;active&gt;true&lt;/active&gt;&lt;class_name/&gt;&lt;color&gt;default&lt;/color&gt;&lt;css/&gt;&lt;glyph/&gt;&lt;id/&gt;&lt;order&gt;1&lt;/order&gt;&lt;roles/&gt;&lt;short_description/&gt;&lt;size&gt;md&lt;/size&gt;&lt;sp_column display_value="1"&gt;8e843bde2f1630103c5d9facf699b6d3&lt;/sp_column&gt;&lt;sp_widget display_value="Form"&gt;fd1f4ec347730200ba13a5554ee490c0&lt;/sp_widget&gt;&lt;sys_class_name&gt;sp_instance&lt;/sys_class_name&gt;&lt;sys_created_by&gt;admin&lt;/sys_created_by&gt;&lt;sys_created_on&gt;2021-09-02 13:29:44&lt;/sys_created_on&gt;&lt;sys_id&gt;89f4f7122f5630103c5d9facf699b6d7&lt;/sys_id&gt;&lt;sys_mod_count&gt;2&lt;/sys_mod_count&gt;&lt;sys_name/&gt;&lt;sys_package display_value="ProActive Workflows &amp;amp; Scheduling" source="x_661207_proacti_0"&gt;073851e22fe130103c5d9facf699b6d9&lt;/sys_package&gt;&lt;sys_policy/&gt;&lt;sys_scope display_value="ProActive Workflows &amp;amp; Scheduling"&gt;073851e22fe130103c5d9facf699b6d9&lt;/sys_scope&gt;&lt;sys_update_name&gt;sp_instance_89f4f7122f5630103c5d9facf699b6d7&lt;/sys_update_name&gt;&lt;sys_updated_by&gt;admin&lt;/sys_updated_by&gt;&lt;sys_updated_on&gt;2021-09-02 13:30:00&lt;/sys_updated_on&gt;&lt;title/&gt;&lt;url/&gt;&lt;widget_parameters&gt;&lt;![CDATA[{
	"disableUIActions": {
		"value": "",
		"displayValue": ""
	},
	"showFormView": {
		"value": "false",
		"displayValue": "false"
	},
	"omitHeaderOptions": {
		"value": "",
		"displayValue": ""
	}
}]]&gt;&lt;/widget_parameters&gt;&lt;/sp_instance&gt;&lt;sys_translated_text action="delete_multiple" query="documentkey=89f4f7122f5630103c5d9facf699b6d7"/&gt;&lt;/record_update&gt;</payload>
        <payload_hash>-175942636</payload_hash>
        <record_name/>
        <reverted_from/>
        <source>0b3851e22fe130103c5d9facf699b6db</source>
        <source_table>sys_update_set</source_table>
        <state>previous</state>
        <sys_created_by>admin</sys_created_by>
        <sys_created_on>2021-09-02 13:30:00</sys_created_on>
        <sys_id>3c053b122f5630103c5d9facf699b69e</sys_id>
        <sys_mod_count>0</sys_mod_count>
        <sys_recorded_at>17ba6b3b4f30000001</sys_recorded_at>
        <sys_updated_by>admin</sys_updated_by>
        <sys_updated_on>2021-09-02 13:30:00</sys_updated_on>
        <type>Instance</type>
        <update_guid>b4053b124a5630108a5dfded7bfdf39e</update_guid>
        <update_guid_history>b4053b124a5630108a5dfded7bfdf39e:-175942636,13f43b12ab563010b2f224a5dbea854a:762957922,45f4f712b6563010082bc24bc11b66d9:-2108872024</update_guid_history>
    </sys_update_version>
    <sys_metadata_delete action="INSERT_OR_UPDATE">
        <sys_audit_delete display_value="">4ce63b122f5630103c5d9facf699b6a3</sys_audit_delete>
        <sys_class_name>sys_metadata_delete</sys_class_name>
        <sys_created_by>admin</sys_created_by>
        <sys_created_on>2021-09-02 13:38:08</sys_created_on>
        <sys_db_object display_value="" name="sp_instance">sp_instance</sys_db_object>
        <sys_id>72ca671237f843a2b2b33aa9bd68bca4</sys_id>
        <sys_metadata>89f4f7122f5630103c5d9facf699b6d7</sys_metadata>
        <sys_mod_count>0</sys_mod_count>
        <sys_name/>
        <sys_package display_value="ProActive Workflows &amp; Scheduling" source="x_661207_proacti_0">073851e22fe130103c5d9facf699b6d9</sys_package>
        <sys_parent/>
        <sys_policy/>
        <sys_scope display_value="ProActive Workflows &amp; Scheduling">073851e22fe130103c5d9facf699b6d9</sys_scope>
        <sys_scope_delete display_value="">027723d347444b5d893c74fa450d5261</sys_scope_delete>
        <sys_update_name>sp_instance_89f4f7122f5630103c5d9facf699b6d7</sys_update_name>
        <sys_update_version display_value="sp_instance_89f4f7122f5630103c5d9facf699b6d7">3c053b122f5630103c5d9facf699b69e</sys_update_version>
        <sys_updated_by>admin</sys_updated_by>
        <sys_updated_on>2021-09-02 13:38:08</sys_updated_on>
    </sys_metadata_delete>
</record_update>
