<?xml version="1.0" encoding="UTF-8"?><record_update table="sp_row">
    <sp_row action="DELETE">
        <class_name/>
        <order>1</order>
        <sp_column/>
        <sp_container display_value="Job submission - Container 2">6b53b7de2f1630103c5d9facf699b6e8</sp_container>
        <sys_class_name>sp_row</sys_class_name>
        <sys_created_by>admin</sys_created_by>
        <sys_created_on>2021-09-02 13:23:26</sys_created_on>
        <sys_id>7c83b7de2f1630103c5d9facf699b6ec</sys_id>
        <sys_mod_count>0</sys_mod_count>
        <sys_name>1</sys_name>
        <sys_package display_value="ProActive Workflows &amp; Scheduling" source="x_661207_proacti_0">073851e22fe130103c5d9facf699b6d9</sys_package>
        <sys_policy/>
        <sys_scope display_value="ProActive Workflows &amp; Scheduling">073851e22fe130103c5d9facf699b6d9</sys_scope>
        <sys_update_name>sp_row_7c83b7de2f1630103c5d9facf699b6ec</sys_update_name>
        <sys_updated_by>admin</sys_updated_by>
        <sys_updated_on>2021-09-02 13:23:26</sys_updated_on>
    </sp_row>
    <sys_update_version action="INSERT_OR_UPDATE">
        <action>DELETE</action>
        <application display_value="ProActive Workflows &amp; Scheduling">073851e22fe130103c5d9facf699b6d9</application>
        <file_path/>
        <instance_id>4aa0f5fbdba0770049eac5970596191a</instance_id>
        <instance_name>dev79618</instance_name>
        <name>sp_row_7c83b7de2f1630103c5d9facf699b6ec</name>
        <payload><![CDATA[<?xml version="1.0" encoding="UTF-8"?><record_update table="sp_row"><sp_row action="INSERT_OR_UPDATE"><class_name/><order>1</order><sp_column/><sp_container display_value="Job submission - Container 2">6b53b7de2f1630103c5d9facf699b6e8</sp_container><sys_class_name>sp_row</sys_class_name><sys_created_by>admin</sys_created_by><sys_created_on>2021-09-02 13:23:26</sys_created_on><sys_id>7c83b7de2f1630103c5d9facf699b6ec</sys_id><sys_mod_count>0</sys_mod_count><sys_name>1</sys_name><sys_package display_value="ProActive Workflows &amp; Scheduling" source="x_661207_proacti_0">073851e22fe130103c5d9facf699b6d9</sys_package><sys_policy/><sys_scope display_value="ProActive Workflows &amp; Scheduling">073851e22fe130103c5d9facf699b6d9</sys_scope><sys_update_name>sp_row_7c83b7de2f1630103c5d9facf699b6ec</sys_update_name><sys_updated_by>admin</sys_updated_by><sys_updated_on>2021-09-02 13:23:26</sys_updated_on></sp_row></record_update>]]></payload>
        <payload_hash>161900135</payload_hash>
        <record_name>1</record_name>
        <reverted_from/>
        <source>0b3851e22fe130103c5d9facf699b6db</source>
        <source_table>sys_update_set</source_table>
        <state>previous</state>
        <sys_created_by>admin</sys_created_by>
        <sys_created_on>2021-09-02 13:23:26</sys_created_on>
        <sys_id>3083b7de2f1630103c5d9facf699b6ef</sys_id>
        <sys_mod_count>0</sys_mod_count>
        <sys_recorded_at>17ba6adb3a40000001</sys_recorded_at>
        <sys_updated_by>admin</sys_updated_by>
        <sys_updated_on>2021-09-02 13:23:26</sys_updated_on>
        <type>Row</type>
        <update_guid>7883b7de2e16301043e61de5df1eb8ee</update_guid>
        <update_guid_history>7883b7de2e16301043e61de5df1eb8ee:161900135</update_guid_history>
    </sys_update_version>
    <sys_metadata_delete action="INSERT_OR_UPDATE">
        <sys_audit_delete display_value="1">0e8377de2f1630103c5d9facf699b6a3</sys_audit_delete>
        <sys_class_name>sys_metadata_delete</sys_class_name>
        <sys_created_by>admin</sys_created_by>
        <sys_created_on>2021-09-02 13:23:32</sys_created_on>
        <sys_db_object display_value="" name="sp_row">sp_row</sys_db_object>
        <sys_id>0c2e525170fe43e080cd04bed8c20b59</sys_id>
        <sys_metadata>7c83b7de2f1630103c5d9facf699b6ec</sys_metadata>
        <sys_mod_count>0</sys_mod_count>
        <sys_name>1</sys_name>
        <sys_package display_value="ProActive Workflows &amp; Scheduling" source="x_661207_proacti_0">073851e22fe130103c5d9facf699b6d9</sys_package>
        <sys_parent/>
        <sys_policy/>
        <sys_scope display_value="ProActive Workflows &amp; Scheduling">073851e22fe130103c5d9facf699b6d9</sys_scope>
        <sys_scope_delete display_value="">027723d347444b5d893c74fa450d5261</sys_scope_delete>
        <sys_update_name>sp_row_7c83b7de2f1630103c5d9facf699b6ec</sys_update_name>
        <sys_update_version display_value="sp_row_7c83b7de2f1630103c5d9facf699b6ec">3083b7de2f1630103c5d9facf699b6ef</sys_update_version>
        <sys_updated_by>admin</sys_updated_by>
        <sys_updated_on>2021-09-02 13:23:32</sys_updated_on>
    </sys_metadata_delete>
</record_update>
