<?xml version="1.0" encoding="UTF-8"?><record_update table="sp_row">
    <sp_row action="DELETE">
        <class_name/>
        <order>1</order>
        <sp_column/>
        <sp_container display_value="Job submission - Container 2">6b53b7de2f1630103c5d9facf699b6e8</sp_container>
        <sys_class_name>sp_row</sys_class_name>
        <sys_created_by>admin</sys_created_by>
        <sys_created_on>2021-09-02 13:23:36</sys_created_on>
        <sys_id>cb833bde2f1630103c5d9facf699b6c1</sys_id>
        <sys_mod_count>0</sys_mod_count>
        <sys_name>1</sys_name>
        <sys_package display_value="ProActive Workflows &amp; Scheduling" source="x_661207_proacti_0">073851e22fe130103c5d9facf699b6d9</sys_package>
        <sys_policy/>
        <sys_scope display_value="ProActive Workflows &amp; Scheduling">073851e22fe130103c5d9facf699b6d9</sys_scope>
        <sys_update_name>sp_row_cb833bde2f1630103c5d9facf699b6c1</sys_update_name>
        <sys_updated_by>admin</sys_updated_by>
        <sys_updated_on>2021-09-02 13:23:36</sys_updated_on>
    </sp_row>
    <sys_update_version action="INSERT_OR_UPDATE">
        <action>DELETE</action>
        <application display_value="ProActive Workflows &amp; Scheduling">073851e22fe130103c5d9facf699b6d9</application>
        <file_path/>
        <instance_id>4aa0f5fbdba0770049eac5970596191a</instance_id>
        <instance_name>dev79618</instance_name>
        <name>sp_row_cb833bde2f1630103c5d9facf699b6c1</name>
        <payload><![CDATA[<?xml version="1.0" encoding="UTF-8"?><record_update table="sp_row"><sp_row action="INSERT_OR_UPDATE"><class_name/><order>1</order><sp_column/><sp_container display_value="Job submission - Container 2">6b53b7de2f1630103c5d9facf699b6e8</sp_container><sys_class_name>sp_row</sys_class_name><sys_created_by>admin</sys_created_by><sys_created_on>2021-09-02 13:23:36</sys_created_on><sys_id>cb833bde2f1630103c5d9facf699b6c1</sys_id><sys_mod_count>0</sys_mod_count><sys_name>1</sys_name><sys_package display_value="ProActive Workflows &amp; Scheduling" source="x_661207_proacti_0">073851e22fe130103c5d9facf699b6d9</sys_package><sys_policy/><sys_scope display_value="ProActive Workflows &amp; Scheduling">073851e22fe130103c5d9facf699b6d9</sys_scope><sys_update_name>sp_row_cb833bde2f1630103c5d9facf699b6c1</sys_update_name><sys_updated_by>admin</sys_updated_by><sys_updated_on>2021-09-02 13:23:36</sys_updated_on></sp_row></record_update>]]></payload>
        <payload_hash>161900135</payload_hash>
        <record_name>1</record_name>
        <reverted_from/>
        <source>0b3851e22fe130103c5d9facf699b6db</source>
        <source_table>sys_update_set</source_table>
        <state>previous</state>
        <sys_created_by>admin</sys_created_by>
        <sys_created_on>2021-09-02 13:23:36</sys_created_on>
        <sys_id>87833bde2f1630103c5d9facf699b6c3</sys_id>
        <sys_mod_count>0</sys_mod_count>
        <sys_recorded_at>17ba6add88b0000001</sys_recorded_at>
        <sys_updated_by>admin</sys_updated_by>
        <sys_updated_on>2021-09-02 13:23:36</sys_updated_on>
        <type>Row</type>
        <update_guid>cf833bde8d16301068ab0b9e6fa5e9c2</update_guid>
        <update_guid_history>cf833bde8d16301068ab0b9e6fa5e9c2:161900135</update_guid_history>
    </sys_update_version>
    <sys_metadata_delete action="INSERT_OR_UPDATE">
        <sys_audit_delete display_value="1">48937bde2f1630103c5d9facf699b653</sys_audit_delete>
        <sys_class_name>sys_metadata_delete</sys_class_name>
        <sys_created_by>admin</sys_created_by>
        <sys_created_on>2021-09-02 13:23:40</sys_created_on>
        <sys_db_object display_value="" name="sp_row">sp_row</sys_db_object>
        <sys_id>2335dfb81fa342038d877b52f6d8bd89</sys_id>
        <sys_metadata>cb833bde2f1630103c5d9facf699b6c1</sys_metadata>
        <sys_mod_count>0</sys_mod_count>
        <sys_name>1</sys_name>
        <sys_package display_value="ProActive Workflows &amp; Scheduling" source="x_661207_proacti_0">073851e22fe130103c5d9facf699b6d9</sys_package>
        <sys_parent/>
        <sys_policy/>
        <sys_scope display_value="ProActive Workflows &amp; Scheduling">073851e22fe130103c5d9facf699b6d9</sys_scope>
        <sys_scope_delete display_value="">027723d347444b5d893c74fa450d5261</sys_scope_delete>
        <sys_update_name>sp_row_cb833bde2f1630103c5d9facf699b6c1</sys_update_name>
        <sys_update_version display_value="sp_row_cb833bde2f1630103c5d9facf699b6c1">87833bde2f1630103c5d9facf699b6c3</sys_update_version>
        <sys_updated_by>admin</sys_updated_by>
        <sys_updated_on>2021-09-02 13:23:40</sys_updated_on>
    </sys_metadata_delete>
</record_update>
