<?xml version="1.0" encoding="UTF-8"?><record_update table="sys_rest_message_fn_param_defs">
    <sys_rest_message_fn_param_defs action="DELETE">
        <name>username</name>
        <order>100</order>
        <rest_message_function display_value="Default GET">2fba19262fe130103c5d9facf699b661</rest_message_function>
        <sys_class_name>sys_rest_message_fn_param_defs</sys_class_name>
        <sys_created_by>admin</sys_created_by>
        <sys_created_on>2021-07-27 14:20:08</sys_created_on>
        <sys_id>02eb9d262fe130103c5d9facf699b68b</sys_id>
        <sys_mod_count>1</sys_mod_count>
        <sys_name>username</sys_name>
        <sys_package display_value="ProActive Workflows &amp; Scheduling" source="x_661207_proacti_0">073851e22fe130103c5d9facf699b6d9</sys_package>
        <sys_policy/>
        <sys_scope display_value="ProActive Workflows &amp; Scheduling">073851e22fe130103c5d9facf699b6d9</sys_scope>
        <sys_update_name>sys_rest_message_fn_param_defs_02eb9d262fe130103c5d9facf699b68b</sys_update_name>
        <sys_updated_by>admin</sys_updated_by>
        <sys_updated_on>2021-07-27 15:14:44</sys_updated_on>
        <value>${username}</value>
    </sys_rest_message_fn_param_defs>
    <sys_update_version action="INSERT_OR_UPDATE">
        <action>DELETE</action>
        <application display_value="ProActive Workflows &amp; Scheduling">073851e22fe130103c5d9facf699b6d9</application>
        <file_path/>
        <instance_id>4aa0f5fbdba0770049eac5970596191a</instance_id>
        <instance_name>dev79618</instance_name>
        <name>sys_rest_message_fn_param_defs_02eb9d262fe130103c5d9facf699b68b</name>
        <payload><![CDATA[<?xml version="1.0" encoding="UTF-8"?><record_update table="sys_rest_message_fn_param_defs"><sys_rest_message_fn_param_defs action="INSERT_OR_UPDATE"><name>username</name><order>100</order><rest_message_function display_value="Default GET">2fba19262fe130103c5d9facf699b661</rest_message_function><sys_class_name>sys_rest_message_fn_param_defs</sys_class_name><sys_created_by>admin</sys_created_by><sys_created_on>2021-07-27 14:20:08</sys_created_on><sys_id>02eb9d262fe130103c5d9facf699b68b</sys_id><sys_mod_count>1</sys_mod_count><sys_name>username</sys_name><sys_package display_value="ProActive Workflows &amp; Scheduling" source="x_661207_proacti_0">073851e22fe130103c5d9facf699b6d9</sys_package><sys_policy/><sys_scope display_value="ProActive Workflows &amp; Scheduling">073851e22fe130103c5d9facf699b6d9</sys_scope><sys_update_name>sys_rest_message_fn_param_defs_02eb9d262fe130103c5d9facf699b68b</sys_update_name><sys_updated_by>admin</sys_updated_by><sys_updated_on>2021-07-27 15:14:44</sys_updated_on><value>${username}</value></sys_rest_message_fn_param_defs></record_update>]]></payload>
        <payload_hash>-1519338256</payload_hash>
        <record_name>username</record_name>
        <reverted_from/>
        <source>0b3851e22fe130103c5d9facf699b6db</source>
        <source_table>sys_update_set</source_table>
        <state>previous</state>
        <sys_created_by>admin</sys_created_by>
        <sys_created_on>2021-07-27 15:14:44</sys_created_on>
        <sys_id>9a2a61262f2130103c5d9facf699b64e</sys_id>
        <sys_mod_count>0</sys_mod_count>
        <sys_recorded_at>17ae8884d1f0000001</sys_recorded_at>
        <sys_updated_by>admin</sys_updated_by>
        <sys_updated_on>2021-07-27 15:14:44</sys_updated_on>
        <type>HTTP Query Parameters</type>
        <update_guid>922a6126342130107b7c584d0d7f704e</update_guid>
        <update_guid_history>922a6126342130107b7c584d0d7f704e:-1519338256,6aad5da6a2e13010c8f1876dae79c5f7:-1182319951</update_guid_history>
    </sys_update_version>
    <sys_metadata_delete action="INSERT_OR_UPDATE">
        <sys_audit_delete/>
        <sys_class_name>sys_metadata_delete</sys_class_name>
        <sys_created_by>admin</sys_created_by>
        <sys_created_on>2021-07-27 15:39:49</sys_created_on>
        <sys_db_object display_value="" name="sys_rest_message_fn_param_defs">sys_rest_message_fn_param_defs</sys_db_object>
        <sys_id>0c17335c7a33446ea5fa08806226f944</sys_id>
        <sys_metadata>02eb9d262fe130103c5d9facf699b68b</sys_metadata>
        <sys_mod_count>0</sys_mod_count>
        <sys_name>username</sys_name>
        <sys_package display_value="ProActive Workflows &amp; Scheduling" source="x_661207_proacti_0">073851e22fe130103c5d9facf699b6d9</sys_package>
        <sys_parent display_value="Login">2fba19262fe130103c5d9facf699b661</sys_parent>
        <sys_policy/>
        <sys_scope display_value="ProActive Workflows &amp; Scheduling">073851e22fe130103c5d9facf699b6d9</sys_scope>
        <sys_scope_delete display_value="">027723d347444b5d893c74fa450d5261</sys_scope_delete>
        <sys_update_name>sys_rest_message_fn_param_defs_02eb9d262fe130103c5d9facf699b68b</sys_update_name>
        <sys_update_version display_value="sys_rest_message_fn_param_defs_02eb9d262fe130103c5d9facf699b68b">9a2a61262f2130103c5d9facf699b64e</sys_update_version>
        <sys_updated_by>admin</sys_updated_by>
        <sys_updated_on>2021-07-27 15:39:49</sys_updated_on>
    </sys_metadata_delete>
</record_update>
