<?xml version="1.0" encoding="UTF-8"?><record_update table="sys_rest_message_fn_param_defs">
    <sys_rest_message_fn_param_defs action="DELETE">
        <name>NUMBER_OF_PING</name>
        <order>100</order>
        <rest_message_function display_value="Submit job">c4cc441f2fa530103c5d9facf699b6f5</rest_message_function>
        <sys_class_name>sys_rest_message_fn_param_defs</sys_class_name>
        <sys_created_by>admin</sys_created_by>
        <sys_created_on>2021-07-29 16:36:58</sys_created_on>
        <sys_id>b5ad88db2fa530103c5d9facf699b6d5</sys_id>
        <sys_mod_count>0</sys_mod_count>
        <sys_name>NUMBER_OF_PING</sys_name>
        <sys_package display_value="ProActive Workflows &amp; Scheduling" source="x_661207_proacti_0">073851e22fe130103c5d9facf699b6d9</sys_package>
        <sys_policy/>
        <sys_scope display_value="ProActive Workflows &amp; Scheduling">073851e22fe130103c5d9facf699b6d9</sys_scope>
        <sys_update_name>sys_rest_message_fn_param_defs_b5ad88db2fa530103c5d9facf699b6d5</sys_update_name>
        <sys_updated_by>admin</sys_updated_by>
        <sys_updated_on>2021-07-29 16:36:58</sys_updated_on>
        <value>8</value>
    </sys_rest_message_fn_param_defs>
    <sys_update_version action="INSERT_OR_UPDATE">
        <action>DELETE</action>
        <application display_value="ProActive Workflows &amp; Scheduling">073851e22fe130103c5d9facf699b6d9</application>
        <file_path/>
        <instance_id>4aa0f5fbdba0770049eac5970596191a</instance_id>
        <instance_name>dev79618</instance_name>
        <name>sys_rest_message_fn_param_defs_b5ad88db2fa530103c5d9facf699b6d5</name>
        <payload><![CDATA[<?xml version="1.0" encoding="UTF-8"?><record_update table="sys_rest_message_fn_param_defs"><sys_rest_message_fn_param_defs action="INSERT_OR_UPDATE"><name>NUMBER_OF_PING</name><order>100</order><rest_message_function display_value="Submit job">c4cc441f2fa530103c5d9facf699b6f5</rest_message_function><sys_class_name>sys_rest_message_fn_param_defs</sys_class_name><sys_created_by>admin</sys_created_by><sys_created_on>2021-07-29 16:36:58</sys_created_on><sys_id>b5ad88db2fa530103c5d9facf699b6d5</sys_id><sys_mod_count>0</sys_mod_count><sys_name>NUMBER_OF_PING</sys_name><sys_package display_value="ProActive Workflows &amp; Scheduling" source="x_661207_proacti_0">073851e22fe130103c5d9facf699b6d9</sys_package><sys_policy/><sys_scope display_value="ProActive Workflows &amp; Scheduling">073851e22fe130103c5d9facf699b6d9</sys_scope><sys_update_name>sys_rest_message_fn_param_defs_b5ad88db2fa530103c5d9facf699b6d5</sys_update_name><sys_updated_by>admin</sys_updated_by><sys_updated_on>2021-07-29 16:36:58</sys_updated_on><value>8</value></sys_rest_message_fn_param_defs></record_update>]]></payload>
        <payload_hash>-2056869731</payload_hash>
        <record_name>NUMBER_OF_PING</record_name>
        <reverted_from/>
        <source>0b3851e22fe130103c5d9facf699b6db</source>
        <source_table>sys_update_set</source_table>
        <state>previous</state>
        <sys_created_by>admin</sys_created_by>
        <sys_created_on>2021-07-29 16:36:58</sys_created_on>
        <sys_id>6620189f2fa530103c5d9facf699b6dc</sys_id>
        <sys_mod_count>0</sys_mod_count>
        <sys_recorded_at>17af3204e3d0000001</sys_recorded_at>
        <sys_updated_by>admin</sys_updated_by>
        <sys_updated_on>2021-07-29 16:36:58</sys_updated_on>
        <type>HTTP Query Parameters</type>
        <update_guid>ae20189fc4a5301059ec1897826d2cdb</update_guid>
        <update_guid_history>ae20189fc4a5301059ec1897826d2cdb:-2056869731</update_guid_history>
    </sys_update_version>
    <sys_metadata_delete action="INSERT_OR_UPDATE">
        <sys_audit_delete/>
        <sys_class_name>sys_metadata_delete</sys_class_name>
        <sys_created_by>admin</sys_created_by>
        <sys_created_on>2021-07-29 17:25:23</sys_created_on>
        <sys_db_object display_value="" name="sys_rest_message_fn_param_defs">sys_rest_message_fn_param_defs</sys_db_object>
        <sys_id>0b8716d03148456780f18cd444c11aa1</sys_id>
        <sys_metadata>b5ad88db2fa530103c5d9facf699b6d5</sys_metadata>
        <sys_mod_count>0</sys_mod_count>
        <sys_name>NUMBER_OF_PING</sys_name>
        <sys_package display_value="ProActive Workflows &amp; Scheduling" source="x_661207_proacti_0">073851e22fe130103c5d9facf699b6d9</sys_package>
        <sys_parent display_value="Deploy Linux VM with parameters">c4cc441f2fa530103c5d9facf699b6f5</sys_parent>
        <sys_policy/>
        <sys_scope display_value="ProActive Workflows &amp; Scheduling">073851e22fe130103c5d9facf699b6d9</sys_scope>
        <sys_scope_delete display_value="">027723d347444b5d893c74fa450d5261</sys_scope_delete>
        <sys_update_name>sys_rest_message_fn_param_defs_b5ad88db2fa530103c5d9facf699b6d5</sys_update_name>
        <sys_update_version display_value="sys_rest_message_fn_param_defs_b5ad88db2fa530103c5d9facf699b6d5">6620189f2fa530103c5d9facf699b6dc</sys_update_version>
        <sys_updated_by>admin</sys_updated_by>
        <sys_updated_on>2021-07-29 17:25:23</sys_updated_on>
    </sys_metadata_delete>
</record_update>
