<?xml version="1.0" encoding="UTF-8"?><record_update table="sys_rest_message">
    <sys_rest_message action="DELETE">
        <access>public</access>
        <authentication_type>no_authentication</authentication_type>
        <basic_auth_password/>
        <basic_auth_profile/>
        <basic_auth_user/>
        <description>Submits a job in ProActive</description>
        <name>PA Submit Job</name>
        <oauth2_profile/>
        <protocol_name/>
        <rest_endpoint>https://${domain}/rest/scheduler/submit</rest_endpoint>
        <sys_class_name>sys_rest_message</sys_class_name>
        <sys_created_by>admin</sys_created_by>
        <sys_created_on>2021-07-28 09:50:05</sys_created_on>
        <sys_id>7648617e2fa130103c5d9facf699b68f</sys_id>
        <sys_mod_count>0</sys_mod_count>
        <sys_name>PA Submit Job</sys_name>
        <sys_package display_value="ProActive Workflows &amp; Scheduling" source="x_661207_proacti_0">073851e22fe130103c5d9facf699b6d9</sys_package>
        <sys_policy/>
        <sys_scope display_value="ProActive Workflows &amp; Scheduling">073851e22fe130103c5d9facf699b6d9</sys_scope>
        <sys_update_name>sys_rest_message_7648617e2fa130103c5d9facf699b68f</sys_update_name>
        <sys_updated_by>admin</sys_updated_by>
        <sys_updated_on>2021-07-28 09:50:05</sys_updated_on>
        <use_basic_auth>false</use_basic_auth>
        <use_mutual_auth>false</use_mutual_auth>
    </sys_rest_message>
    <sys_update_version action="INSERT_OR_UPDATE">
        <action>DELETE</action>
        <application display_value="ProActive Workflows &amp; Scheduling">073851e22fe130103c5d9facf699b6d9</application>
        <file_path/>
        <instance_id>4aa0f5fbdba0770049eac5970596191a</instance_id>
        <instance_name>dev79618</instance_name>
        <name>sys_rest_message_7648617e2fa130103c5d9facf699b68f</name>
        <payload><![CDATA[<?xml version="1.0" encoding="UTF-8"?><record_update table="sys_rest_message"><sys_rest_message action="INSERT_OR_UPDATE"><access>public</access><authentication_type>no_authentication</authentication_type><basic_auth_password/><basic_auth_profile/><basic_auth_user/><description>Submits a job in ProActive</description><name>PA Submit Job</name><oauth2_profile/><protocol_name/><rest_endpoint>https://${domain}/rest/scheduler/submit</rest_endpoint><sys_class_name>sys_rest_message</sys_class_name><sys_created_by>admin</sys_created_by><sys_created_on>2021-07-28 09:50:05</sys_created_on><sys_id>7648617e2fa130103c5d9facf699b68f</sys_id><sys_mod_count>0</sys_mod_count><sys_name>PA Submit Job</sys_name><sys_package display_value="ProActive Workflows &amp; Scheduling" source="x_661207_proacti_0">073851e22fe130103c5d9facf699b6d9</sys_package><sys_policy/><sys_scope display_value="ProActive Workflows &amp; Scheduling">073851e22fe130103c5d9facf699b6d9</sys_scope><sys_update_name>sys_rest_message_7648617e2fa130103c5d9facf699b68f</sys_update_name><sys_updated_by>admin</sys_updated_by><sys_updated_on>2021-07-28 09:50:05</sys_updated_on><use_basic_auth>false</use_basic_auth><use_mutual_auth>false</use_mutual_auth></sys_rest_message></record_update>]]></payload>
        <payload_hash>2134839760</payload_hash>
        <record_name>PA Submit Job</record_name>
        <reverted_from/>
        <source>0b3851e22fe130103c5d9facf699b6db</source>
        <source_table>sys_update_set</source_table>
        <state>previous</state>
        <sys_created_by>admin</sys_created_by>
        <sys_created_on>2021-07-28 09:50:05</sys_created_on>
        <sys_id>9c7921be2fa130103c5d9facf699b69b</sys_id>
        <sys_mod_count>0</sys_mod_count>
        <sys_recorded_at>17aec856df40000001</sys_recorded_at>
        <sys_updated_by>admin</sys_updated_by>
        <sys_updated_on>2021-07-28 09:50:05</sys_updated_on>
        <type>REST Message</type>
        <update_guid>d47921be7ba13010be3ee885c29cf09b</update_guid>
        <update_guid_history>d47921be7ba13010be3ee885c29cf09b:2134839760</update_guid_history>
    </sys_update_version>
    <sys_metadata_delete action="INSERT_OR_UPDATE">
        <sys_audit_delete/>
        <sys_class_name>sys_metadata_delete</sys_class_name>
        <sys_created_by>admin</sys_created_by>
        <sys_created_on>2021-07-29 16:21:46</sys_created_on>
        <sys_db_object display_value="" name="sys_rest_message">sys_rest_message</sys_db_object>
        <sys_id>1348f1863bf04a0081baa66a40ebb1a1</sys_id>
        <sys_metadata>7648617e2fa130103c5d9facf699b68f</sys_metadata>
        <sys_mod_count>0</sys_mod_count>
        <sys_name>PA Submit Job</sys_name>
        <sys_package display_value="ProActive Workflows &amp; Scheduling" source="x_661207_proacti_0">073851e22fe130103c5d9facf699b6d9</sys_package>
        <sys_parent/>
        <sys_policy/>
        <sys_scope display_value="ProActive Workflows &amp; Scheduling">073851e22fe130103c5d9facf699b6d9</sys_scope>
        <sys_scope_delete display_value="">027723d347444b5d893c74fa450d5261</sys_scope_delete>
        <sys_update_name>sys_rest_message_7648617e2fa130103c5d9facf699b68f</sys_update_name>
        <sys_update_version display_value="sys_rest_message_7648617e2fa130103c5d9facf699b68f">9c7921be2fa130103c5d9facf699b69b</sys_update_version>
        <sys_updated_by>admin</sys_updated_by>
        <sys_updated_on>2021-07-29 16:21:46</sys_updated_on>
    </sys_metadata_delete>
</record_update>
