<?xml version="1.0" encoding="UTF-8"?><record_update sys_domain="global" table="sys_ui_module">
    <sys_ui_module action="DELETE">
        <active>true</active>
        <application display_value="ddd">e38831b72f4230103c5d9facf699b640</application>
        <filter/>
        <name>ProActive servers</name>
        <order/>
        <path/>
        <path_relative_to_root>false</path_relative_to_root>
        <roles>x_661207_proacti_0.proactive_server_user</roles>
        <sys_class_name>sys_ui_module</sys_class_name>
        <sys_created_by>admin</sys_created_by>
        <sys_created_on>2021-08-25 10:01:26</sys_created_on>
        <sys_domain>global</sys_domain>
        <sys_domain_path>/</sys_domain_path>
        <sys_id>e38831b72f4230103c5d9facf699b643</sys_id>
        <sys_mod_count>0</sys_mod_count>
        <sys_name>ProActive servers</sys_name>
        <sys_package display_value="ProActive Workflows &amp; Scheduling" source="x_661207_proacti_0">073851e22fe130103c5d9facf699b6d9</sys_package>
        <sys_policy/>
        <sys_scope display_value="ProActive Workflows &amp; Scheduling">073851e22fe130103c5d9facf699b6d9</sys_scope>
        <sys_update_name>sys_ui_module_e38831b72f4230103c5d9facf699b643</sys_update_name>
        <sys_updated_by>admin</sys_updated_by>
        <sys_updated_on>2021-08-25 10:01:26</sys_updated_on>
        <table>x_661207_proacti_0_proactive_server</table>
        <uncancelable>false</uncancelable>
        <view_name/>
    </sys_ui_module>
    <sys_update_version action="INSERT_OR_UPDATE">
        <action>DELETE</action>
        <application display_value="ProActive Workflows &amp; Scheduling">073851e22fe130103c5d9facf699b6d9</application>
        <file_path/>
        <instance_id>4aa0f5fbdba0770049eac5970596191a</instance_id>
        <instance_name>dev79618</instance_name>
        <name>sys_ui_module_e38831b72f4230103c5d9facf699b643</name>
        <payload><![CDATA[<?xml version="1.0" encoding="UTF-8"?><record_update sys_domain="global" table="sys_ui_module"><sys_ui_module action="INSERT_OR_UPDATE"><active>true</active><application display_value="ddd">e38831b72f4230103c5d9facf699b640</application><filter/><name>ProActive servers</name><order/><path/><path_relative_to_root>false</path_relative_to_root><roles>x_661207_proacti_0.proactive_server_user</roles><sys_class_name>sys_ui_module</sys_class_name><sys_created_by>admin</sys_created_by><sys_created_on>2021-08-25 10:01:26</sys_created_on><sys_domain>global</sys_domain><sys_domain_path>/</sys_domain_path><sys_id>e38831b72f4230103c5d9facf699b643</sys_id><sys_mod_count>0</sys_mod_count><sys_name>ProActive servers</sys_name><sys_package display_value="ProActive Workflows &amp; Scheduling" source="x_661207_proacti_0">073851e22fe130103c5d9facf699b6d9</sys_package><sys_policy/><sys_scope display_value="ProActive Workflows &amp; Scheduling">073851e22fe130103c5d9facf699b6d9</sys_scope><sys_update_name>sys_ui_module_e38831b72f4230103c5d9facf699b643</sys_update_name><sys_updated_by>admin</sys_updated_by><sys_updated_on>2021-08-25 10:01:26</sys_updated_on><table>x_661207_proacti_0_proactive_server</table><uncancelable>false</uncancelable><view_name/></sys_ui_module></record_update>]]></payload>
        <payload_hash>1711066601</payload_hash>
        <record_name>ProActive servers</record_name>
        <reverted_from/>
        <source>0b3851e22fe130103c5d9facf699b6db</source>
        <source_table>sys_update_set</source_table>
        <state>previous</state>
        <sys_created_by>admin</sys_created_by>
        <sys_created_on>2021-08-25 10:01:26</sys_created_on>
        <sys_id>a38831b72f4230103c5d9facf699b646</sys_id>
        <sys_mod_count>0</sys_mod_count>
        <sys_recorded_at>17b7cc1e19d0000001</sys_recorded_at>
        <sys_updated_by>admin</sys_updated_by>
        <sys_updated_on>2021-08-25 10:01:26</sys_updated_on>
        <type>Module</type>
        <update_guid>eb8831b73b4230102dba4e50033b9d45</update_guid>
        <update_guid_history>eb8831b73b4230102dba4e50033b9d45:1711066601</update_guid_history>
    </sys_update_version>
    <sys_metadata_delete action="INSERT_OR_UPDATE">
        <sys_audit_delete/>
        <sys_class_name>sys_metadata_delete</sys_class_name>
        <sys_created_by>admin</sys_created_by>
        <sys_created_on>2021-08-25 10:04:47</sys_created_on>
        <sys_db_object display_value="" name="sys_ui_module">sys_ui_module</sys_db_object>
        <sys_id>3ef4d3eb27bb49ca898a99d860285fe4</sys_id>
        <sys_metadata>e38831b72f4230103c5d9facf699b643</sys_metadata>
        <sys_mod_count>0</sys_mod_count>
        <sys_name>ProActive servers</sys_name>
        <sys_package display_value="ProActive Workflows &amp; Scheduling" source="x_661207_proacti_0">073851e22fe130103c5d9facf699b6d9</sys_package>
        <sys_parent/>
        <sys_policy/>
        <sys_scope display_value="ProActive Workflows &amp; Scheduling">073851e22fe130103c5d9facf699b6d9</sys_scope>
        <sys_scope_delete display_value="">027723d347444b5d893c74fa450d5261</sys_scope_delete>
        <sys_update_name>sys_ui_module_e38831b72f4230103c5d9facf699b643</sys_update_name>
        <sys_update_version display_value="sys_ui_module_e38831b72f4230103c5d9facf699b643">a38831b72f4230103c5d9facf699b646</sys_update_version>
        <sys_updated_by>admin</sys_updated_by>
        <sys_updated_on>2021-08-25 10:04:47</sys_updated_on>
    </sys_metadata_delete>
</record_update>
