<?xml version="1.0" encoding="UTF-8"?><record_update table="sys_rest_message_fn_headers">
    <sys_rest_message_fn_headers action="DELETE">
        <name>content-disposition</name>
        <rest_message_function display_value="Submit job from file">4585dc612fd230103c5d9facf699b671</rest_message_function>
        <sys_class_name>sys_rest_message_fn_headers</sys_class_name>
        <sys_created_by>admin</sys_created_by>
        <sys_created_on>2021-09-01 16:20:48</sys_created_on>
        <sys_id>8942930a2f12b0103c5d9facf699b621</sys_id>
        <sys_mod_count>0</sys_mod_count>
        <sys_name>content-disposition</sys_name>
        <sys_package display_value="ProActive Workflows &amp; Scheduling" source="x_661207_proacti_0">073851e22fe130103c5d9facf699b6d9</sys_package>
        <sys_policy/>
        <sys_scope display_value="ProActive Workflows &amp; Scheduling">073851e22fe130103c5d9facf699b6d9</sys_scope>
        <sys_update_name>sys_rest_message_fn_headers_8942930a2f12b0103c5d9facf699b621</sys_update_name>
        <sys_updated_by>admin</sys_updated_by>
        <sys_updated_on>2021-09-01 16:20:48</sys_updated_on>
        <value>form-data; name="file"; filename="Hello World.xml"</value>
    </sys_rest_message_fn_headers>
    <sys_update_version action="INSERT_OR_UPDATE">
        <action>DELETE</action>
        <application display_value="ProActive Workflows &amp; Scheduling">073851e22fe130103c5d9facf699b6d9</application>
        <file_path/>
        <instance_id>4aa0f5fbdba0770049eac5970596191a</instance_id>
        <instance_name>dev79618</instance_name>
        <name>sys_rest_message_fn_headers_8942930a2f12b0103c5d9facf699b621</name>
        <payload><![CDATA[<?xml version="1.0" encoding="UTF-8"?><record_update table="sys_rest_message_fn_headers"><sys_rest_message_fn_headers action="INSERT_OR_UPDATE"><name>content-disposition</name><rest_message_function display_value="Submit job from file">4585dc612fd230103c5d9facf699b671</rest_message_function><sys_class_name>sys_rest_message_fn_headers</sys_class_name><sys_created_by>admin</sys_created_by><sys_created_on>2021-09-01 16:20:48</sys_created_on><sys_id>8942930a2f12b0103c5d9facf699b621</sys_id><sys_mod_count>0</sys_mod_count><sys_name>content-disposition</sys_name><sys_package display_value="ProActive Workflows &amp; Scheduling" source="x_661207_proacti_0">073851e22fe130103c5d9facf699b6d9</sys_package><sys_policy/><sys_scope display_value="ProActive Workflows &amp; Scheduling">073851e22fe130103c5d9facf699b6d9</sys_scope><sys_update_name>sys_rest_message_fn_headers_8942930a2f12b0103c5d9facf699b621</sys_update_name><sys_updated_by>admin</sys_updated_by><sys_updated_on>2021-09-01 16:20:48</sys_updated_on><value>form-data; name="file"; filename="Hello World.xml"</value></sys_rest_message_fn_headers></record_update>]]></payload>
        <payload_hash>751685758</payload_hash>
        <record_name>content-disposition</record_name>
        <reverted_from/>
        <source>0b3851e22fe130103c5d9facf699b6db</source>
        <source_table>sys_update_set</source_table>
        <state>previous</state>
        <sys_created_by>admin</sys_created_by>
        <sys_created_on>2021-09-01 16:20:48</sys_created_on>
        <sys_id>998257c62f12b0103c5d9facf699b6fd</sys_id>
        <sys_mod_count>0</sys_mod_count>
        <sys_recorded_at>17ba229b8da0000001</sys_recorded_at>
        <sys_updated_by>admin</sys_updated_by>
        <sys_updated_on>2021-09-01 16:20:48</sys_updated_on>
        <type>HTTP Headers</type>
        <update_guid>c18257c63112b010aa6c5176ecb343fd</update_guid>
        <update_guid_history>c18257c63112b010aa6c5176ecb343fd:751685758</update_guid_history>
    </sys_update_version>
    <sys_metadata_delete action="INSERT_OR_UPDATE">
        <sys_audit_delete/>
        <sys_class_name>sys_metadata_delete</sys_class_name>
        <sys_created_by>admin</sys_created_by>
        <sys_created_on>2021-09-01 16:21:37</sys_created_on>
        <sys_db_object display_value="" name="sys_rest_message_fn_headers">sys_rest_message_fn_headers</sys_db_object>
        <sys_id>ac76b25ab1b84b769548445b9a49da44</sys_id>
        <sys_metadata>8942930a2f12b0103c5d9facf699b621</sys_metadata>
        <sys_mod_count>0</sys_mod_count>
        <sys_name>content-disposition</sys_name>
        <sys_package display_value="ProActive Workflows &amp; Scheduling" source="x_661207_proacti_0">073851e22fe130103c5d9facf699b6d9</sys_package>
        <sys_parent display_value="Submit job from file">4585dc612fd230103c5d9facf699b671</sys_parent>
        <sys_policy/>
        <sys_scope display_value="ProActive Workflows &amp; Scheduling">073851e22fe130103c5d9facf699b6d9</sys_scope>
        <sys_scope_delete display_value="">027723d347444b5d893c74fa450d5261</sys_scope_delete>
        <sys_update_name>sys_rest_message_fn_headers_8942930a2f12b0103c5d9facf699b621</sys_update_name>
        <sys_update_version display_value="sys_rest_message_fn_headers_8942930a2f12b0103c5d9facf699b621">998257c62f12b0103c5d9facf699b6fd</sys_update_version>
        <sys_updated_by>admin</sys_updated_by>
        <sys_updated_on>2021-09-01 16:21:37</sys_updated_on>
    </sys_metadata_delete>
</record_update>
