<?xml version="1.0" encoding="UTF-8"?><record_update sys_domain="global" table="sys_hub_flow">
    <sys_hub_flow action="DELETE">
        <access>public</access>
        <acls/>
        <active>false</active>
        <annotation/>
        <callable_by_client_api>false</callable_by_client_api>
        <category/>
        <compiler_build/>
        <copied_from/>
        <copied_from_name/>
        <description/>
        <internal_name>testflo</internal_name>
        <label_cache>[]</label_cache>
        <latest_snapshot/>
        <master_snapshot/>
        <name>testFlo</name>
        <natlang/>
        <outputs/>
        <remote_trigger_id/>
        <run_as>user</run_as>
        <run_with_roles/>
        <sc_callable>false</sc_callable>
        <show_draft_actions>false</show_draft_actions>
        <show_triggered_flows>false</show_triggered_flows>
        <status>draft</status>
        <sys_class_name>sys_hub_flow</sys_class_name>
        <sys_created_by>admin</sys_created_by>
        <sys_created_on>2021-08-23 08:33:20</sys_created_on>
        <sys_domain>global</sys_domain>
        <sys_domain_path>/</sys_domain_path>
        <sys_id>f13117072f8230103c5d9facf699b629</sys_id>
        <sys_mod_count>0</sys_mod_count>
        <sys_name>testFlo</sys_name>
        <sys_overrides/>
        <sys_package display_value="ProActive Workflows &amp; Scheduling" source="x_661207_proacti_0">073851e22fe130103c5d9facf699b6d9</sys_package>
        <sys_policy/>
        <sys_scope display_value="ProActive Workflows &amp; Scheduling">073851e22fe130103c5d9facf699b6d9</sys_scope>
        <sys_update_name>sys_hub_flow_f13117072f8230103c5d9facf699b629</sys_update_name>
        <sys_updated_by>admin</sys_updated_by>
        <sys_updated_on>2021-08-23 08:33:20</sys_updated_on>
        <type>flow</type>
    </sys_hub_flow>
    <sys_translated_text action="DELETE" query="documentkey=f13117072f8230103c5d9facf699b629"/>
    <sys_variable_value action="DELETE" query="document_key=f13117072f8230103c5d9facf699b629"/>
    <sys_flow_cat_variable_model action="DELETE" query="id=f13117072f8230103c5d9facf699b629^sys_idNOT INf53117072f8230103c5d9facf699b62c"/>
    <sys_flow_cat_variable_model action="DELETE">
        <id>f13117072f8230103c5d9facf699b629</id>
        <name>testFlo</name>
        <sys_created_by>admin</sys_created_by>
        <sys_created_on>2021-08-23 08:33:20</sys_created_on>
        <sys_id>f53117072f8230103c5d9facf699b62c</sys_id>
        <sys_mod_count>0</sys_mod_count>
        <sys_scope/>
        <sys_updated_by>admin</sys_updated_by>
        <sys_updated_on>2021-08-23 08:33:20</sys_updated_on>
    </sys_flow_cat_variable_model>
    <sys_update_version action="INSERT_OR_UPDATE">
        <action>DELETE</action>
        <application display_value="ProActive Workflows &amp; Scheduling">073851e22fe130103c5d9facf699b6d9</application>
        <file_path/>
        <instance_id>4aa0f5fbdba0770049eac5970596191a</instance_id>
        <instance_name>dev79618</instance_name>
        <name>sys_hub_flow_f13117072f8230103c5d9facf699b629</name>
        <payload><![CDATA[<?xml version="1.0" encoding="UTF-8"?><record_update sys_domain="global" table="sys_hub_flow"><sys_hub_flow action="INSERT_OR_UPDATE"><access>public</access><acls/><active>false</active><annotation/><callable_by_client_api>false</callable_by_client_api><category/><compiler_build/><copied_from/><copied_from_name/><description/><internal_name>testflo</internal_name><label_cache>[]</label_cache><latest_snapshot/><master_snapshot/><name>testFlo</name><natlang/><outputs/><remote_trigger_id/><run_as>user</run_as><run_with_roles/><sc_callable>false</sc_callable><show_draft_actions>false</show_draft_actions><show_triggered_flows>false</show_triggered_flows><status>draft</status><sys_class_name>sys_hub_flow</sys_class_name><sys_created_by>admin</sys_created_by><sys_created_on>2021-08-23 08:33:20</sys_created_on><sys_domain>global</sys_domain><sys_domain_path>/</sys_domain_path><sys_id>f13117072f8230103c5d9facf699b629</sys_id><sys_mod_count>0</sys_mod_count><sys_name>testFlo</sys_name><sys_overrides/><sys_package display_value="ProActive Workflows &amp; Scheduling" source="x_661207_proacti_0">073851e22fe130103c5d9facf699b6d9</sys_package><sys_policy/><sys_scope display_value="ProActive Workflows &amp; Scheduling">073851e22fe130103c5d9facf699b6d9</sys_scope><sys_update_name>sys_hub_flow_f13117072f8230103c5d9facf699b629</sys_update_name><sys_updated_by>admin</sys_updated_by><sys_updated_on>2021-08-23 08:33:20</sys_updated_on><type>flow</type></sys_hub_flow><sys_translated_text action="delete_multiple" query="documentkey=f13117072f8230103c5d9facf699b629"/><sys_variable_value action="delete_multiple" query="document_key=f13117072f8230103c5d9facf699b629"/><sys_flow_cat_variable_model action="delete_multiple" query="id=f13117072f8230103c5d9facf699b629^sys_idNOT INf53117072f8230103c5d9facf699b62c"/><sys_flow_cat_variable_model action="INSERT_OR_UPDATE"><id>f13117072f8230103c5d9facf699b629</id><name>testFlo</name><sys_created_by>admin</sys_created_by><sys_created_on>2021-08-23 08:33:20</sys_created_on><sys_id>f53117072f8230103c5d9facf699b62c</sys_id><sys_mod_count>0</sys_mod_count><sys_scope/><sys_updated_by>admin</sys_updated_by><sys_updated_on>2021-08-23 08:33:20</sys_updated_on></sys_flow_cat_variable_model></record_update>]]></payload>
        <payload_hash>294041826</payload_hash>
        <record_name>testFlo</record_name>
        <reverted_from/>
        <source>0b3851e22fe130103c5d9facf699b6db</source>
        <source_table>sys_update_set</source_table>
        <state>previous</state>
        <sys_created_by>admin</sys_created_by>
        <sys_created_on>2021-08-23 08:33:21</sys_created_on>
        <sys_id>fd3117072f8230103c5d9facf699b6f7</sys_id>
        <sys_mod_count>0</sys_mod_count>
        <sys_recorded_at>17b722485170000001</sys_recorded_at>
        <sys_updated_by>admin</sys_updated_by>
        <sys_updated_on>2021-08-23 08:33:21</sys_updated_on>
        <type>Flow</type>
        <update_guid>f5311707898230108d8d2d6b7b256c30</update_guid>
        <update_guid_history>f5311707898230108d8d2d6b7b256c30:294041826</update_guid_history>
    </sys_update_version>
    <sys_metadata_delete action="INSERT_OR_UPDATE">
        <sys_audit_delete/>
        <sys_class_name>sys_metadata_delete</sys_class_name>
        <sys_created_by>admin</sys_created_by>
        <sys_created_on>2021-08-23 14:04:54</sys_created_on>
        <sys_db_object display_value="" name="sys_hub_flow">sys_hub_flow</sys_db_object>
        <sys_id>11c630a19e6e4a1c846c5f49d1e596a1</sys_id>
        <sys_metadata>f13117072f8230103c5d9facf699b629</sys_metadata>
        <sys_mod_count>0</sys_mod_count>
        <sys_name>testFlo</sys_name>
        <sys_package display_value="ProActive Workflows &amp; Scheduling" source="x_661207_proacti_0">073851e22fe130103c5d9facf699b6d9</sys_package>
        <sys_parent/>
        <sys_policy/>
        <sys_scope display_value="ProActive Workflows &amp; Scheduling">073851e22fe130103c5d9facf699b6d9</sys_scope>
        <sys_scope_delete display_value="">027723d347444b5d893c74fa450d5261</sys_scope_delete>
        <sys_update_name>sys_hub_flow_f13117072f8230103c5d9facf699b629</sys_update_name>
        <sys_update_version display_value="sys_hub_flow_f13117072f8230103c5d9facf699b629">fd3117072f8230103c5d9facf699b6f7</sys_update_version>
        <sys_updated_by>admin</sys_updated_by>
        <sys_updated_on>2021-08-23 14:04:54</sys_updated_on>
    </sys_metadata_delete>
</record_update>
