<?xml version="1.0" encoding="UTF-8"?><record_update table="sys_rest_message_fn_headers">
    <sys_rest_message_fn_headers action="DELETE">
        <name>Content-Type</name>
        <rest_message_function display_value="Submit job to Scheduler">d313b5ff2f0230103c5d9facf699b623</rest_message_function>
        <sys_class_name>sys_rest_message_fn_headers</sys_class_name>
        <sys_created_by>admin</sys_created_by>
        <sys_created_on>2021-08-25 13:20:13</sys_created_on>
        <sys_id>c3d522772fc230103c5d9facf699b676</sys_id>
        <sys_mod_count>0</sys_mod_count>
        <sys_name>Content-Type</sys_name>
        <sys_package display_value="ProActive Workflows &amp; Scheduling" source="x_661207_proacti_0">073851e22fe130103c5d9facf699b6d9</sys_package>
        <sys_policy/>
        <sys_scope display_value="ProActive Workflows &amp; Scheduling">073851e22fe130103c5d9facf699b6d9</sys_scope>
        <sys_update_name>sys_rest_message_fn_headers_c3d522772fc230103c5d9facf699b676</sys_update_name>
        <sys_updated_by>admin</sys_updated_by>
        <sys_updated_on>2021-08-25 13:20:13</sys_updated_on>
        <value>multipart/form-data</value>
    </sys_rest_message_fn_headers>
    <sys_update_version action="INSERT_OR_UPDATE">
        <action>DELETE</action>
        <application display_value="ProActive Workflows &amp; Scheduling">073851e22fe130103c5d9facf699b6d9</application>
        <file_path/>
        <instance_id>4aa0f5fbdba0770049eac5970596191a</instance_id>
        <instance_name>dev79618</instance_name>
        <name>sys_rest_message_fn_headers_c3d522772fc230103c5d9facf699b676</name>
        <payload><![CDATA[<?xml version="1.0" encoding="UTF-8"?><record_update table="sys_rest_message_fn_headers"><sys_rest_message_fn_headers action="INSERT_OR_UPDATE"><name>Content-Type</name><rest_message_function display_value="Submit job to Scheduler">d313b5ff2f0230103c5d9facf699b623</rest_message_function><sys_class_name>sys_rest_message_fn_headers</sys_class_name><sys_created_by>admin</sys_created_by><sys_created_on>2021-08-25 13:20:13</sys_created_on><sys_id>c3d522772fc230103c5d9facf699b676</sys_id><sys_mod_count>0</sys_mod_count><sys_name>Content-Type</sys_name><sys_package display_value="ProActive Workflows &amp; Scheduling" source="x_661207_proacti_0">073851e22fe130103c5d9facf699b6d9</sys_package><sys_policy/><sys_scope display_value="ProActive Workflows &amp; Scheduling">073851e22fe130103c5d9facf699b6d9</sys_scope><sys_update_name>sys_rest_message_fn_headers_c3d522772fc230103c5d9facf699b676</sys_update_name><sys_updated_by>admin</sys_updated_by><sys_updated_on>2021-08-25 13:20:13</sys_updated_on><value>multipart/form-data</value></sys_rest_message_fn_headers></record_update>]]></payload>
        <payload_hash>348527921</payload_hash>
        <record_name>Content-Type</record_name>
        <reverted_from/>
        <source>0b3851e22fe130103c5d9facf699b6db</source>
        <source_table>sys_update_set</source_table>
        <state>previous</state>
        <sys_created_by>admin</sys_created_by>
        <sys_created_on>2021-08-25 13:20:13</sys_created_on>
        <sys_id>2f06a6772fc230103c5d9facf699b660</sys_id>
        <sys_mod_count>0</sys_mod_count>
        <sys_recorded_at>17b7d77e0830000001</sys_recorded_at>
        <sys_updated_by>admin</sys_updated_by>
        <sys_updated_on>2021-08-25 13:20:13</sys_updated_on>
        <type>HTTP Headers</type>
        <update_guid>6706a67796c2301096bfdfb4ae06fa60</update_guid>
        <update_guid_history>6706a67796c2301096bfdfb4ae06fa60:348527921</update_guid_history>
    </sys_update_version>
    <sys_metadata_delete action="INSERT_OR_UPDATE">
        <sys_audit_delete/>
        <sys_class_name>sys_metadata_delete</sys_class_name>
        <sys_created_by>admin</sys_created_by>
        <sys_created_on>2021-08-25 13:25:17</sys_created_on>
        <sys_db_object display_value="" name="sys_rest_message_fn_headers">sys_rest_message_fn_headers</sys_db_object>
        <sys_id>1cec9c644d244c44a5bf64795a8cf690</sys_id>
        <sys_metadata>c3d522772fc230103c5d9facf699b676</sys_metadata>
        <sys_mod_count>0</sys_mod_count>
        <sys_name>Content-Type</sys_name>
        <sys_package display_value="ProActive Workflows &amp; Scheduling" source="x_661207_proacti_0">073851e22fe130103c5d9facf699b6d9</sys_package>
        <sys_parent display_value="Submit job to Scheduler from url">d313b5ff2f0230103c5d9facf699b623</sys_parent>
        <sys_policy/>
        <sys_scope display_value="ProActive Workflows &amp; Scheduling">073851e22fe130103c5d9facf699b6d9</sys_scope>
        <sys_scope_delete display_value="">027723d347444b5d893c74fa450d5261</sys_scope_delete>
        <sys_update_name>sys_rest_message_fn_headers_c3d522772fc230103c5d9facf699b676</sys_update_name>
        <sys_update_version display_value="sys_rest_message_fn_headers_c3d522772fc230103c5d9facf699b676">2f06a6772fc230103c5d9facf699b660</sys_update_version>
        <sys_updated_by>admin</sys_updated_by>
        <sys_updated_on>2021-08-25 13:25:17</sys_updated_on>
    </sys_metadata_delete>
</record_update>
