<?xml version="1.0" encoding="UTF-8"?><record_update sys_domain="global" table="sys_hub_flow">
    <sys_hub_flow action="DELETE">
        <access>public</access>
        <acls/>
        <active>false</active>
        <annotation/>
        <callable_by_client_api>false</callable_by_client_api>
        <category/>
        <compiler_build/>
        <copied_from/>
        <copied_from_name/>
        <description/>
        <internal_name>anotherflow</internal_name>
        <label_cache>[]</label_cache>
        <latest_snapshot/>
        <master_snapshot/>
        <name>AnotherFlow</name>
        <natlang/>
        <outputs/>
        <remote_trigger_id/>
        <run_as>user</run_as>
        <run_with_roles/>
        <sc_callable>false</sc_callable>
        <show_draft_actions>false</show_draft_actions>
        <show_triggered_flows>false</show_triggered_flows>
        <status>draft</status>
        <sys_class_name>sys_hub_flow</sys_class_name>
        <sys_created_by>admin</sys_created_by>
        <sys_created_on>2021-08-18 13:00:52</sys_created_on>
        <sys_domain>global</sys_domain>
        <sys_domain_path>/</sys_domain_path>
        <sys_id>bf7e1a212f8230103c5d9facf699b6e9</sys_id>
        <sys_mod_count>0</sys_mod_count>
        <sys_name>AnotherFlow</sys_name>
        <sys_overrides/>
        <sys_package display_value="ProActive Workflows &amp; Scheduling" source="x_661207_proacti_0">073851e22fe130103c5d9facf699b6d9</sys_package>
        <sys_policy/>
        <sys_scope display_value="ProActive Workflows &amp; Scheduling">073851e22fe130103c5d9facf699b6d9</sys_scope>
        <sys_update_name>sys_hub_flow_bf7e1a212f8230103c5d9facf699b6e9</sys_update_name>
        <sys_updated_by>admin</sys_updated_by>
        <sys_updated_on>2021-08-18 13:00:52</sys_updated_on>
        <type>flow</type>
    </sys_hub_flow>
    <sys_translated_text action="DELETE" query="documentkey=bf7e1a212f8230103c5d9facf699b6e9"/>
    <sys_variable_value action="DELETE" query="document_key=bf7e1a212f8230103c5d9facf699b6e9"/>
    <sys_flow_cat_variable_model action="DELETE" query="id=bf7e1a212f8230103c5d9facf699b6e9^sys_idNOT IN337e9ee12f8230103c5d9facf699b6e5"/>
    <sys_flow_cat_variable_model action="DELETE">
        <id>bf7e1a212f8230103c5d9facf699b6e9</id>
        <name>AnotherFlow</name>
        <sys_created_by>admin</sys_created_by>
        <sys_created_on>2021-08-18 13:00:52</sys_created_on>
        <sys_id>337e9ee12f8230103c5d9facf699b6e5</sys_id>
        <sys_mod_count>0</sys_mod_count>
        <sys_scope/>
        <sys_updated_by>admin</sys_updated_by>
        <sys_updated_on>2021-08-18 13:00:52</sys_updated_on>
    </sys_flow_cat_variable_model>
    <sys_update_version action="INSERT_OR_UPDATE">
        <action>DELETE</action>
        <application display_value="ProActive Workflows &amp; Scheduling">073851e22fe130103c5d9facf699b6d9</application>
        <file_path/>
        <instance_id>4aa0f5fbdba0770049eac5970596191a</instance_id>
        <instance_name>dev79618</instance_name>
        <name>sys_hub_flow_bf7e1a212f8230103c5d9facf699b6e9</name>
        <payload><![CDATA[<?xml version="1.0" encoding="UTF-8"?><record_update sys_domain="global" table="sys_hub_flow"><sys_hub_flow action="INSERT_OR_UPDATE"><access>public</access><acls/><active>false</active><annotation/><callable_by_client_api>false</callable_by_client_api><category/><compiler_build/><copied_from/><copied_from_name/><description/><internal_name>anotherflow</internal_name><label_cache>[]</label_cache><latest_snapshot/><master_snapshot/><name>AnotherFlow</name><natlang/><outputs/><remote_trigger_id/><run_as>user</run_as><run_with_roles/><sc_callable>false</sc_callable><show_draft_actions>false</show_draft_actions><show_triggered_flows>false</show_triggered_flows><status>draft</status><sys_class_name>sys_hub_flow</sys_class_name><sys_created_by>admin</sys_created_by><sys_created_on>2021-08-18 13:00:52</sys_created_on><sys_domain>global</sys_domain><sys_domain_path>/</sys_domain_path><sys_id>bf7e1a212f8230103c5d9facf699b6e9</sys_id><sys_mod_count>0</sys_mod_count><sys_name>AnotherFlow</sys_name><sys_overrides/><sys_package display_value="ProActive Workflows &amp; Scheduling" source="x_661207_proacti_0">073851e22fe130103c5d9facf699b6d9</sys_package><sys_policy/><sys_scope display_value="ProActive Workflows &amp; Scheduling">073851e22fe130103c5d9facf699b6d9</sys_scope><sys_update_name>sys_hub_flow_bf7e1a212f8230103c5d9facf699b6e9</sys_update_name><sys_updated_by>admin</sys_updated_by><sys_updated_on>2021-08-18 13:00:52</sys_updated_on><type>flow</type></sys_hub_flow><sys_translated_text action="delete_multiple" query="documentkey=bf7e1a212f8230103c5d9facf699b6e9"/><sys_variable_value action="delete_multiple" query="document_key=bf7e1a212f8230103c5d9facf699b6e9"/><sys_flow_cat_variable_model action="delete_multiple" query="id=bf7e1a212f8230103c5d9facf699b6e9^sys_idNOT IN337e9ee12f8230103c5d9facf699b6e5"/><sys_flow_cat_variable_model action="INSERT_OR_UPDATE"><id>bf7e1a212f8230103c5d9facf699b6e9</id><name>AnotherFlow</name><sys_created_by>admin</sys_created_by><sys_created_on>2021-08-18 13:00:52</sys_created_on><sys_id>337e9ee12f8230103c5d9facf699b6e5</sys_id><sys_mod_count>0</sys_mod_count><sys_scope/><sys_updated_by>admin</sys_updated_by><sys_updated_on>2021-08-18 13:00:52</sys_updated_on></sys_flow_cat_variable_model></record_update>]]></payload>
        <payload_hash>-818163650</payload_hash>
        <record_name>AnotherFlow</record_name>
        <reverted_from/>
        <source>0b3851e22fe130103c5d9facf699b6db</source>
        <source_table>sys_update_set</source_table>
        <state>previous</state>
        <sys_created_by>admin</sys_created_by>
        <sys_created_on>2021-08-18 13:00:52</sys_created_on>
        <sys_id>3b7e9ee12f8230103c5d9facf699b6e9</sys_id>
        <sys_mod_count>0</sys_mod_count>
        <sys_recorded_at>17b5959a5090000001</sys_recorded_at>
        <sys_updated_by>admin</sys_updated_by>
        <sys_updated_on>2021-08-18 13:00:52</sys_updated_on>
        <type>Flow</type>
        <update_guid>737e9ee1108230101629966b281fc0e9</update_guid>
        <update_guid_history>737e9ee1108230101629966b281fc0e9:-818163650</update_guid_history>
    </sys_update_version>
    <sys_metadata_delete action="INSERT_OR_UPDATE">
        <sys_audit_delete/>
        <sys_class_name>sys_metadata_delete</sys_class_name>
        <sys_created_by>admin</sys_created_by>
        <sys_created_on>2021-08-19 14:41:11</sys_created_on>
        <sys_db_object display_value="" name="sys_hub_flow">sys_hub_flow</sys_db_object>
        <sys_id>204b5915c7ca42148a28b90953eaf310</sys_id>
        <sys_metadata>bf7e1a212f8230103c5d9facf699b6e9</sys_metadata>
        <sys_mod_count>0</sys_mod_count>
        <sys_name>AnotherFlow</sys_name>
        <sys_package display_value="ProActive Workflows &amp; Scheduling" source="x_661207_proacti_0">073851e22fe130103c5d9facf699b6d9</sys_package>
        <sys_parent/>
        <sys_policy/>
        <sys_scope display_value="ProActive Workflows &amp; Scheduling">073851e22fe130103c5d9facf699b6d9</sys_scope>
        <sys_scope_delete display_value="">027723d347444b5d893c74fa450d5261</sys_scope_delete>
        <sys_update_name>sys_hub_flow_bf7e1a212f8230103c5d9facf699b6e9</sys_update_name>
        <sys_update_version display_value="sys_hub_flow_bf7e1a212f8230103c5d9facf699b6e9">3b7e9ee12f8230103c5d9facf699b6e9</sys_update_version>
        <sys_updated_by>admin</sys_updated_by>
        <sys_updated_on>2021-08-19 14:41:11</sys_updated_on>
    </sys_metadata_delete>
</record_update>
