<?xml version="1.0" encoding="UTF-8"?><record_update sys_domain="global" table="sys_hub_action_type_definition">
    <sys_hub_action_type_definition action="DELETE">
        <access>package_private</access>
        <acls/>
        <action_template/>
        <active>true</active>
        <annotation>Test an action for PWS integration in servicenow</annotation>
        <callable_by_client_api>false</callable_by_client_api>
        <category/>
        <copied_from/>
        <copied_from_name/>
        <description>Test an action for PWS</description>
        <ih_action>false</ih_action>
        <internal_name>testaction</internal_name>
        <label_cache>[]</label_cache>
        <latest_snapshot>8b5edae12f8230103c5d9facf699b676</latest_snapshot>
        <master_snapshot>20d01e292f4230103c5d9facf699b66d</master_snapshot>
        <name>TestAction</name>
        <natlang/>
        <outputs/>
        <state>published</state>
        <sys_class_name>sys_hub_action_type_definition</sys_class_name>
        <sys_created_by>admin</sys_created_by>
        <sys_created_on>2021-08-17 14:56:50</sys_created_on>
        <sys_domain>global</sys_domain>
        <sys_domain_path>/</sys_domain_path>
        <sys_id>057fa9192f0630103c5d9facf699b6d8</sys_id>
        <sys_mod_count>8</sys_mod_count>
        <sys_name>TestAction</sys_name>
        <sys_overrides/>
        <sys_package display_value="ProActive Workflows &amp; Scheduling" source="x_661207_proacti_0">073851e22fe130103c5d9facf699b6d9</sys_package>
        <sys_policy/>
        <sys_scope display_value="ProActive Workflows &amp; Scheduling">073851e22fe130103c5d9facf699b6d9</sys_scope>
        <sys_update_name>sys_hub_action_type_definition_057fa9192f0630103c5d9facf699b6d8</sys_update_name>
        <sys_updated_by>admin</sys_updated_by>
        <sys_updated_on>2021-08-18 13:00:17</sys_updated_on>
        <system_level>false</system_level>
        <type/>
    </sys_hub_action_type_definition>
    <sys_translated_text action="DELETE" query="documentkey=057fa9192f0630103c5d9facf699b6d8"/>
    <sys_variable_value action="DELETE" query="document_key=057fa9192f0630103c5d9facf699b6d8"/>
    <sys_hub_step_instance action="DELETE" query="action=057fa9192f0630103c5d9facf699b6d8^sys_idNOT IN525e5ae12f8230103c5d9facf699b626"/>
    <sys_hub_step_instance action="DELETE">
        <action display_value="TestAction">057fa9192f0630103c5d9facf699b6d8</action>
        <cid>6580456d-1447-4679-9ad4-edbf14c6abfd</cid>
        <extended_inputs/>
        <extended_outputs/>
        <icon/>
        <inputs/>
        <label>Create Task step</label>
        <order>1</order>
        <outputs/>
        <section/>
        <step_type display_value="Create Task">07973e960b233200cbd9e240e0ea604e</step_type>
        <sys_created_by>admin</sys_created_by>
        <sys_created_on>2021-08-18 13:00:13</sys_created_on>
        <sys_id>525e5ae12f8230103c5d9facf699b626</sys_id>
        <sys_mod_count>0</sys_mod_count>
        <sys_scope display_value="ProActive Workflows &amp; Scheduling">073851e22fe130103c5d9facf699b6d9</sys_scope>
        <sys_updated_by>admin</sys_updated_by>
        <sys_updated_on>2021-08-18 13:00:13</sys_updated_on>
    </sys_hub_step_instance>
    <sys_variable_value action="DELETE" query="document_key=525e5ae12f8230103c5d9facf699b626"/>
    <sys_hub_action_plan action="DELETE" query="action_id=057fa9192f0630103c5d9facf699b6d8^sys_idNOT INf0d01e292f4230103c5d9facf699b67e"/>
    <sys_hub_action_plan action="DELETE">
        <action_id display_value="TestAction">057fa9192f0630103c5d9facf699b6d8</action_id>
        <plan>{"persistor":{"@class":".ChunkingPlanPersistor","table":"sys_hub_action_plan","id":"f0d01e292f4230103c5d9facf699b67e","name":"plan"}}</plan>
        <snapshot>f0d01e292f4230103c5d9facf699b672</snapshot>
        <sys_created_by>admin</sys_created_by>
        <sys_created_on>2021-08-18 12:01:08</sys_created_on>
        <sys_domain>global</sys_domain>
        <sys_domain_path>/</sys_domain_path>
        <sys_id>f0d01e292f4230103c5d9facf699b67e</sys_id>
        <sys_mod_count>0</sys_mod_count>
        <sys_overrides/>
        <sys_scope/>
        <sys_updated_by>admin</sys_updated_by>
        <sys_updated_on>2021-08-18 12:01:08</sys_updated_on>
    </sys_hub_action_plan>
    <sys_hub_action_type_snapshot action="DELETE">
        <access>package_private</access>
        <acls/>
        <action_template/>
        <annotation>Test an action for PWS integration in servicenow</annotation>
        <callable_by_client_api>false</callable_by_client_api>
        <category/>
        <copied_from/>
        <copied_from_name/>
        <description>Test an action for PWS</description>
        <internal_name>testaction</internal_name>
        <label_cache>[]</label_cache>
        <master>true</master>
        <name>TestAction</name>
        <natlang/>
        <outputs/>
        <parent_action display_value="TestAction">057fa9192f0630103c5d9facf699b6d8</parent_action>
        <sys_class_name>sys_hub_action_type_snapshot</sys_class_name>
        <sys_created_by>admin</sys_created_by>
        <sys_created_on>2021-08-18 12:01:07</sys_created_on>
        <sys_domain>global</sys_domain>
        <sys_domain_path>/</sys_domain_path>
        <sys_id>20d01e292f4230103c5d9facf699b66d</sys_id>
        <sys_mod_count>0</sys_mod_count>
        <sys_name/>
        <sys_overrides/>
        <sys_package/>
        <sys_policy/>
        <sys_scope display_value="ProActive Workflows &amp; Scheduling">073851e22fe130103c5d9facf699b6d9</sys_scope>
        <sys_update_name/>
        <sys_updated_by>admin</sys_updated_by>
        <sys_updated_on>2021-08-18 12:01:07</sys_updated_on>
        <system_level>false</system_level>
        <type/>
    </sys_hub_action_type_snapshot>
    <sys_translated_text action="DELETE" query="documentkey=20d01e292f4230103c5d9facf699b66d"/>
    <sys_variable_value action="DELETE" query="document_key=20d01e292f4230103c5d9facf699b66d"/>
    <sys_hub_step_instance action="DELETE" query="action=20d01e292f4230103c5d9facf699b66d^sys_idNOT INcf5edae12f8230103c5d9facf699b656"/>
    <sys_hub_step_instance action="DELETE">
        <action display_value="TestAction">20d01e292f4230103c5d9facf699b66d</action>
        <cid>6580456d-1447-4679-9ad4-edbf14c6abfd</cid>
        <extended_inputs/>
        <extended_outputs/>
        <icon/>
        <inputs/>
        <label>Create Task step</label>
        <order>1</order>
        <outputs/>
        <section/>
        <step_type display_value="Create Task">07973e960b233200cbd9e240e0ea604e</step_type>
        <sys_created_by>admin</sys_created_by>
        <sys_created_on>2021-08-18 13:00:16</sys_created_on>
        <sys_id>cf5edae12f8230103c5d9facf699b656</sys_id>
        <sys_mod_count>0</sys_mod_count>
        <sys_scope display_value="ProActive Workflows &amp; Scheduling">073851e22fe130103c5d9facf699b6d9</sys_scope>
        <sys_updated_by>admin</sys_updated_by>
        <sys_updated_on>2021-08-18 13:00:16</sys_updated_on>
    </sys_hub_step_instance>
    <sys_variable_value action="DELETE" query="document_key=cf5edae12f8230103c5d9facf699b656"/>
    <sys_update_version action="INSERT_OR_UPDATE">
        <action>DELETE</action>
        <application display_value="ProActive Workflows &amp; Scheduling">073851e22fe130103c5d9facf699b6d9</application>
        <file_path/>
        <instance_id>4aa0f5fbdba0770049eac5970596191a</instance_id>
        <instance_name>dev79618</instance_name>
        <name>sys_hub_action_type_definition_057fa9192f0630103c5d9facf699b6d8</name>
        <payload><![CDATA[<?xml version="1.0" encoding="UTF-8"?><record_update sys_domain="global" table="sys_hub_action_type_definition"><sys_hub_action_type_definition action="INSERT_OR_UPDATE"><access>package_private</access><acls/><action_template/><active>true</active><annotation>Test an action for PWS integration in servicenow</annotation><callable_by_client_api>false</callable_by_client_api><category/><copied_from/><copied_from_name/><description>Test an action for PWS</description><ih_action>false</ih_action><internal_name>testaction</internal_name><label_cache>[]</label_cache><latest_snapshot>8b5edae12f8230103c5d9facf699b676</latest_snapshot><master_snapshot>20d01e292f4230103c5d9facf699b66d</master_snapshot><name>TestAction</name><natlang/><outputs/><state>published</state><sys_class_name>sys_hub_action_type_definition</sys_class_name><sys_created_by>admin</sys_created_by><sys_created_on>2021-08-17 14:56:50</sys_created_on><sys_domain>global</sys_domain><sys_domain_path>/</sys_domain_path><sys_id>057fa9192f0630103c5d9facf699b6d8</sys_id><sys_mod_count>8</sys_mod_count><sys_name>TestAction</sys_name><sys_overrides/><sys_package display_value="ProActive Workflows &amp; Scheduling" source="x_661207_proacti_0">073851e22fe130103c5d9facf699b6d9</sys_package><sys_policy/><sys_scope display_value="ProActive Workflows &amp; Scheduling">073851e22fe130103c5d9facf699b6d9</sys_scope><sys_update_name>sys_hub_action_type_definition_057fa9192f0630103c5d9facf699b6d8</sys_update_name><sys_updated_by>admin</sys_updated_by><sys_updated_on>2021-08-18 13:00:17</sys_updated_on><system_level>false</system_level><type/></sys_hub_action_type_definition><sys_translated_text action="delete_multiple" query="documentkey=057fa9192f0630103c5d9facf699b6d8"/><sys_variable_value action="delete_multiple" query="document_key=057fa9192f0630103c5d9facf699b6d8"/><sys_hub_step_instance action="delete_multiple" query="action=057fa9192f0630103c5d9facf699b6d8^sys_idNOT IN525e5ae12f8230103c5d9facf699b626"/><sys_hub_step_instance action="INSERT_OR_UPDATE"><action display_value="TestAction">057fa9192f0630103c5d9facf699b6d8</action><cid>6580456d-1447-4679-9ad4-edbf14c6abfd</cid><extended_inputs/><extended_outputs/><icon/><inputs/><label>Create Task step</label><order>1</order><outputs/><section/><step_type display_value="Create Task">07973e960b233200cbd9e240e0ea604e</step_type><sys_created_by>admin</sys_created_by><sys_created_on>2021-08-18 13:00:13</sys_created_on><sys_id>525e5ae12f8230103c5d9facf699b626</sys_id><sys_mod_count>0</sys_mod_count><sys_scope display_value="ProActive Workflows &amp; Scheduling">073851e22fe130103c5d9facf699b6d9</sys_scope><sys_updated_by>admin</sys_updated_by><sys_updated_on>2021-08-18 13:00:13</sys_updated_on></sys_hub_step_instance><sys_variable_value action="delete_multiple" query="document_key=525e5ae12f8230103c5d9facf699b626"/><sys_hub_action_plan action="delete_multiple" query="action_id=057fa9192f0630103c5d9facf699b6d8^sys_idNOT INf0d01e292f4230103c5d9facf699b67e"/><sys_hub_action_plan action="INSERT_OR_UPDATE"><action_id display_value="TestAction">057fa9192f0630103c5d9facf699b6d8</action_id><plan>{"persistor":{"@class":".ChunkingPlanPersistor","table":"sys_hub_action_plan","id":"f0d01e292f4230103c5d9facf699b67e","name":"plan"}}</plan><snapshot>f0d01e292f4230103c5d9facf699b672</snapshot><sys_created_by>admin</sys_created_by><sys_created_on>2021-08-18 12:01:08</sys_created_on><sys_domain>global</sys_domain><sys_domain_path>/</sys_domain_path><sys_id>f0d01e292f4230103c5d9facf699b67e</sys_id><sys_mod_count>0</sys_mod_count><sys_overrides/><sys_scope/><sys_updated_by>admin</sys_updated_by><sys_updated_on>2021-08-18 12:01:08</sys_updated_on></sys_hub_action_plan><sys_hub_action_type_snapshot action="INSERT_OR_UPDATE"><access>package_private</access><acls/><action_template/><annotation>Test an action for PWS integration in servicenow</annotation><callable_by_client_api>false</callable_by_client_api><category/><copied_from/><copied_from_name/><description>Test an action for PWS</description><internal_name>testaction</internal_name><label_cache>[]</label_cache><master>true</master><name>TestAction</name><natlang/><outputs/><parent_action display_value="TestAction">057fa9192f0630103c5d9facf699b6d8</parent_action><sys_class_name>sys_hub_action_type_snapshot</sys_class_name><sys_created_by>admin</sys_created_by><sys_created_on>2021-08-18 12:01:07</sys_created_on><sys_domain>global</sys_domain><sys_domain_path>/</sys_domain_path><sys_id>20d01e292f4230103c5d9facf699b66d</sys_id><sys_mod_count>0</sys_mod_count><sys_name/><sys_overrides/><sys_package/><sys_policy/><sys_scope display_value="ProActive Workflows &amp; Scheduling">073851e22fe130103c5d9facf699b6d9</sys_scope><sys_update_name/><sys_updated_by>admin</sys_updated_by><sys_updated_on>2021-08-18 12:01:07</sys_updated_on><system_level>false</system_level><type/></sys_hub_action_type_snapshot><sys_translated_text action="delete_multiple" query="documentkey=20d01e292f4230103c5d9facf699b66d"/><sys_variable_value action="delete_multiple" query="document_key=20d01e292f4230103c5d9facf699b66d"/><sys_hub_step_instance action="delete_multiple" query="action=20d01e292f4230103c5d9facf699b66d^sys_idNOT INcf5edae12f8230103c5d9facf699b656"/><sys_hub_step_instance action="INSERT_OR_UPDATE"><action display_value="TestAction">20d01e292f4230103c5d9facf699b66d</action><cid>6580456d-1447-4679-9ad4-edbf14c6abfd</cid><extended_inputs/><extended_outputs/><icon/><inputs/><label>Create Task step</label><order>1</order><outputs/><section/><step_type display_value="Create Task">07973e960b233200cbd9e240e0ea604e</step_type><sys_created_by>admin</sys_created_by><sys_created_on>2021-08-18 13:00:16</sys_created_on><sys_id>cf5edae12f8230103c5d9facf699b656</sys_id><sys_mod_count>0</sys_mod_count><sys_scope display_value="ProActive Workflows &amp; Scheduling">073851e22fe130103c5d9facf699b6d9</sys_scope><sys_updated_by>admin</sys_updated_by><sys_updated_on>2021-08-18 13:00:16</sys_updated_on></sys_hub_step_instance><sys_variable_value action="delete_multiple" query="document_key=cf5edae12f8230103c5d9facf699b656"/></record_update>]]></payload>
        <payload_hash>369113980</payload_hash>
        <record_name>TestAction</record_name>
        <reverted_from/>
        <source>0b3851e22fe130103c5d9facf699b6db</source>
        <source_table>sys_update_set</source_table>
        <state>previous</state>
        <sys_created_by>admin</sys_created_by>
        <sys_created_on>2021-08-18 13:00:18</sys_created_on>
        <sys_id>ab5edae12f8230103c5d9facf699b69f</sys_id>
        <sys_mod_count>0</sys_mod_count>
        <sys_recorded_at>17b5959222b0000001</sys_recorded_at>
        <sys_updated_by>admin</sys_updated_by>
        <sys_updated_on>2021-08-18 13:00:18</sys_updated_on>
        <type>Action Type</type>
        <update_guid>275edae1f182301044930cce22f13a9f</update_guid>
        <update_guid_history>275edae1f182301044930cce22f13a9f:369113980,ba5edae14e823010fb1598b5f07e3450:1377237282,7cd01e299342301057a5194515f1397b:843515323,e8d01e29a7423010d6d520b26eb5bb6a:128456688,057f65d94106301050bdbc5a8e6658a0:1093606139</update_guid_history>
    </sys_update_version>
    <sys_metadata_delete action="INSERT_OR_UPDATE">
        <sys_audit_delete/>
        <sys_class_name>sys_metadata_delete</sys_class_name>
        <sys_created_by>admin</sys_created_by>
        <sys_created_on>2021-08-19 15:01:24</sys_created_on>
        <sys_db_object display_value="" name="sys_hub_action_type_definition">sys_hub_action_type_definition</sys_db_object>
        <sys_id>278948005a354362869a5ae605384d84</sys_id>
        <sys_metadata>057fa9192f0630103c5d9facf699b6d8</sys_metadata>
        <sys_mod_count>0</sys_mod_count>
        <sys_name>TestAction</sys_name>
        <sys_package display_value="ProActive Workflows &amp; Scheduling" source="x_661207_proacti_0">073851e22fe130103c5d9facf699b6d9</sys_package>
        <sys_parent/>
        <sys_policy/>
        <sys_scope display_value="ProActive Workflows &amp; Scheduling">073851e22fe130103c5d9facf699b6d9</sys_scope>
        <sys_scope_delete display_value="">027723d347444b5d893c74fa450d5261</sys_scope_delete>
        <sys_update_name>sys_hub_action_type_definition_057fa9192f0630103c5d9facf699b6d8</sys_update_name>
        <sys_update_version display_value="sys_hub_action_type_definition_057fa9192f0630103c5d9facf699b6d8">ab5edae12f8230103c5d9facf699b69f</sys_update_version>
        <sys_updated_by>admin</sys_updated_by>
        <sys_updated_on>2021-08-19 15:01:24</sys_updated_on>
    </sys_metadata_delete>
</record_update>
