<?xml version="1.0" encoding="UTF-8"?><record_update table="sys_rest_message_fn_headers">
    <sys_rest_message_fn_headers action="DELETE">
        <name>Content-Type</name>
        <rest_message_function display_value="Submit job">c4cc441f2fa530103c5d9facf699b6f5</rest_message_function>
        <sys_class_name>sys_rest_message_fn_headers</sys_class_name>
        <sys_created_by>admin</sys_created_by>
        <sys_created_on>2021-07-29 17:00:15</sys_created_on>
        <sys_id>3d551c132fe530103c5d9facf699b625</sys_id>
        <sys_mod_count>0</sys_mod_count>
        <sys_name>Content-Type</sys_name>
        <sys_package display_value="ProActive Workflows &amp; Scheduling" source="x_661207_proacti_0">073851e22fe130103c5d9facf699b6d9</sys_package>
        <sys_policy/>
        <sys_scope display_value="ProActive Workflows &amp; Scheduling">073851e22fe130103c5d9facf699b6d9</sys_scope>
        <sys_update_name>sys_rest_message_fn_headers_3d551c132fe530103c5d9facf699b625</sys_update_name>
        <sys_updated_by>admin</sys_updated_by>
        <sys_updated_on>2021-07-29 17:00:15</sys_updated_on>
        <value>application/json</value>
    </sys_rest_message_fn_headers>
    <sys_update_version action="INSERT_OR_UPDATE">
        <action>DELETE</action>
        <application display_value="ProActive Workflows &amp; Scheduling">073851e22fe130103c5d9facf699b6d9</application>
        <file_path/>
        <instance_id>4aa0f5fbdba0770049eac5970596191a</instance_id>
        <instance_name>dev79618</instance_name>
        <name>sys_rest_message_fn_headers_3d551c132fe530103c5d9facf699b625</name>
        <payload><![CDATA[<?xml version="1.0" encoding="UTF-8"?><record_update table="sys_rest_message_fn_headers"><sys_rest_message_fn_headers action="INSERT_OR_UPDATE"><name>Content-Type</name><rest_message_function display_value="Submit job">c4cc441f2fa530103c5d9facf699b6f5</rest_message_function><sys_class_name>sys_rest_message_fn_headers</sys_class_name><sys_created_by>admin</sys_created_by><sys_created_on>2021-07-29 17:00:15</sys_created_on><sys_id>3d551c132fe530103c5d9facf699b625</sys_id><sys_mod_count>0</sys_mod_count><sys_name>Content-Type</sys_name><sys_package display_value="ProActive Workflows &amp; Scheduling" source="x_661207_proacti_0">073851e22fe130103c5d9facf699b6d9</sys_package><sys_policy/><sys_scope display_value="ProActive Workflows &amp; Scheduling">073851e22fe130103c5d9facf699b6d9</sys_scope><sys_update_name>sys_rest_message_fn_headers_3d551c132fe530103c5d9facf699b625</sys_update_name><sys_updated_by>admin</sys_updated_by><sys_updated_on>2021-07-29 17:00:15</sys_updated_on><value>application/json</value></sys_rest_message_fn_headers></record_update>]]></payload>
        <payload_hash>1916818742</payload_hash>
        <record_name>Content-Type</record_name>
        <reverted_from/>
        <source>0b3851e22fe130103c5d9facf699b6db</source>
        <source_table>sys_update_set</source_table>
        <state>previous</state>
        <sys_created_by>admin</sys_created_by>
        <sys_created_on>2021-07-29 17:00:15</sys_created_on>
        <sys_id>f375dc532fe530103c5d9facf699b6d3</sys_id>
        <sys_mod_count>0</sys_mod_count>
        <sys_recorded_at>17af335a0700000001</sys_recorded_at>
        <sys_updated_by>admin</sys_updated_by>
        <sys_updated_on>2021-07-29 17:00:15</sys_updated_on>
        <type>HTTP Headers</type>
        <update_guid>3f75dc53dbe53010c40f6fb199dc32d2</update_guid>
        <update_guid_history>3f75dc53dbe53010c40f6fb199dc32d2:1916818742</update_guid_history>
    </sys_update_version>
    <sys_metadata_delete action="INSERT_OR_UPDATE">
        <sys_audit_delete/>
        <sys_class_name>sys_metadata_delete</sys_class_name>
        <sys_created_by>admin</sys_created_by>
        <sys_created_on>2021-07-29 17:12:51</sys_created_on>
        <sys_db_object display_value="" name="sys_rest_message_fn_headers">sys_rest_message_fn_headers</sys_db_object>
        <sys_id>030fa77cf3bf49be8531dd1b21d50724</sys_id>
        <sys_metadata>3d551c132fe530103c5d9facf699b625</sys_metadata>
        <sys_mod_count>0</sys_mod_count>
        <sys_name>Content-Type</sys_name>
        <sys_package display_value="ProActive Workflows &amp; Scheduling" source="x_661207_proacti_0">073851e22fe130103c5d9facf699b6d9</sys_package>
        <sys_parent display_value="Deploy Linux VM with parameters">c4cc441f2fa530103c5d9facf699b6f5</sys_parent>
        <sys_policy/>
        <sys_scope display_value="ProActive Workflows &amp; Scheduling">073851e22fe130103c5d9facf699b6d9</sys_scope>
        <sys_scope_delete display_value="">027723d347444b5d893c74fa450d5261</sys_scope_delete>
        <sys_update_name>sys_rest_message_fn_headers_3d551c132fe530103c5d9facf699b625</sys_update_name>
        <sys_update_version display_value="sys_rest_message_fn_headers_3d551c132fe530103c5d9facf699b625">f375dc532fe530103c5d9facf699b6d3</sys_update_version>
        <sys_updated_by>admin</sys_updated_by>
        <sys_updated_on>2021-07-29 17:12:51</sys_updated_on>
    </sys_metadata_delete>
</record_update>
