<?xml version="1.0" encoding="UTF-8"?><record_update table="sys_security_acl_role">
    <sys_security_acl_role action="DELETE">
        <sys_class_name>sys_security_acl_role</sys_class_name>
        <sys_created_by>admin</sys_created_by>
        <sys_created_on>2021-08-25 10:01:26</sys_created_on>
        <sys_id>7f8831b72f4230103c5d9facf699b669</sys_id>
        <sys_mod_count>0</sys_mod_count>
        <sys_name>x_661207_proacti_0_proactive_server.x_661207_proacti_0.proactive_server_user</sys_name>
        <sys_package display_value="ProActive Workflows &amp; Scheduling" source="x_661207_proacti_0">073851e22fe130103c5d9facf699b6d9</sys_package>
        <sys_policy/>
        <sys_scope display_value="ProActive Workflows &amp; Scheduling">073851e22fe130103c5d9facf699b6d9</sys_scope>
        <sys_security_acl display_value="x_661207_proacti_0_proactive_server">bf8831b72f4230103c5d9facf699b666</sys_security_acl>
        <sys_update_name>sys_security_acl_role_7f8831b72f4230103c5d9facf699b669</sys_update_name>
        <sys_updated_by>admin</sys_updated_by>
        <sys_updated_on>2021-08-25 10:01:26</sys_updated_on>
        <sys_user_role display_value="x_661207_proacti_0.proactive_server_user" name="x_661207_proacti_0.proactive_server_user">93887d372f4230103c5d9facf699b666</sys_user_role>
        <transaction_id/>
    </sys_security_acl_role>
    <sys_update_version action="INSERT_OR_UPDATE">
        <action>DELETE</action>
        <application display_value="ProActive Workflows &amp; Scheduling">073851e22fe130103c5d9facf699b6d9</application>
        <file_path/>
        <instance_id>4aa0f5fbdba0770049eac5970596191a</instance_id>
        <instance_name>dev79618</instance_name>
        <name>sys_security_acl_role_7f8831b72f4230103c5d9facf699b669</name>
        <payload><![CDATA[<?xml version="1.0" encoding="UTF-8"?><record_update table="sys_security_acl_role"><sys_security_acl_role action="INSERT_OR_UPDATE"><sys_class_name>sys_security_acl_role</sys_class_name><sys_created_by>admin</sys_created_by><sys_created_on>2021-08-25 10:01:26</sys_created_on><sys_id>7f8831b72f4230103c5d9facf699b669</sys_id><sys_mod_count>0</sys_mod_count><sys_name>x_661207_proacti_0_proactive_server.x_661207_proacti_0.proactive_server_user</sys_name><sys_package display_value="ProActive Workflows &amp; Scheduling" source="x_661207_proacti_0">073851e22fe130103c5d9facf699b6d9</sys_package><sys_policy/><sys_scope display_value="ProActive Workflows &amp; Scheduling">073851e22fe130103c5d9facf699b6d9</sys_scope><sys_security_acl display_value="x_661207_proacti_0_proactive_server">bf8831b72f4230103c5d9facf699b666</sys_security_acl><sys_update_name>sys_security_acl_role_7f8831b72f4230103c5d9facf699b669</sys_update_name><sys_updated_by>admin</sys_updated_by><sys_updated_on>2021-08-25 10:01:26</sys_updated_on><sys_user_role display_value="x_661207_proacti_0.proactive_server_user" name="x_661207_proacti_0.proactive_server_user">93887d372f4230103c5d9facf699b666</sys_user_role><transaction_id/></sys_security_acl_role></record_update>]]></payload>
        <payload_hash>-1387791450</payload_hash>
        <record_name>x_661207_proacti_0_proactive_server.x_661207_proacti_0.proactive_server_user</record_name>
        <reverted_from/>
        <source>0b3851e22fe130103c5d9facf699b6db</source>
        <source_table>sys_update_set</source_table>
        <state>previous</state>
        <sys_created_by>admin</sys_created_by>
        <sys_created_on>2021-08-25 10:01:26</sys_created_on>
        <sys_id>f78831b72f4230103c5d9facf699b66c</sys_id>
        <sys_mod_count>0</sys_mod_count>
        <sys_recorded_at>17b7cc1e4410000001</sys_recorded_at>
        <sys_updated_by>admin</sys_updated_by>
        <sys_updated_on>2021-08-25 10:01:26</sys_updated_on>
        <type>Access Roles</type>
        <update_guid>338831b7f24230104b10a16c5e10696c</update_guid>
        <update_guid_history>338831b7f24230104b10a16c5e10696c:-1387791450</update_guid_history>
    </sys_update_version>
    <sys_metadata_delete action="INSERT_OR_UPDATE">
        <sys_audit_delete display_value="x_661207_proacti_0_proactive_server.x_661207_proacti_0.proactive_server_user">8859b9b72f4230103c5d9facf699b695</sys_audit_delete>
        <sys_class_name>sys_metadata_delete</sys_class_name>
        <sys_created_by>admin</sys_created_by>
        <sys_created_on>2021-08-25 10:04:44</sys_created_on>
        <sys_db_object display_value="" name="sys_security_acl_role">sys_security_acl_role</sys_db_object>
        <sys_id>0d8058b974624158a5232cdbcfaefcc4</sys_id>
        <sys_metadata>7f8831b72f4230103c5d9facf699b669</sys_metadata>
        <sys_mod_count>0</sys_mod_count>
        <sys_name>x_661207_proacti_0_proactive_server.x_661207_proacti_0.proactive_server_user</sys_name>
        <sys_package display_value="ProActive Workflows &amp; Scheduling" source="x_661207_proacti_0">073851e22fe130103c5d9facf699b6d9</sys_package>
        <sys_parent display_value="">bf8831b72f4230103c5d9facf699b666</sys_parent>
        <sys_policy/>
        <sys_scope display_value="ProActive Workflows &amp; Scheduling">073851e22fe130103c5d9facf699b6d9</sys_scope>
        <sys_scope_delete display_value="">027723d347444b5d893c74fa450d5261</sys_scope_delete>
        <sys_update_name>sys_security_acl_role_7f8831b72f4230103c5d9facf699b669</sys_update_name>
        <sys_update_version display_value="sys_security_acl_role_7f8831b72f4230103c5d9facf699b669">f78831b72f4230103c5d9facf699b66c</sys_update_version>
        <sys_updated_by>admin</sys_updated_by>
        <sys_updated_on>2021-08-25 10:04:44</sys_updated_on>
    </sys_metadata_delete>
</record_update>
