<?xml version="1.0" encoding="UTF-8"?><record_update sys_domain="global" table="sys_hub_action_type_definition">
    <sys_hub_action_type_definition action="DELETE">
        <access>public</access>
        <acls/>
        <action_template/>
        <active>true</active>
        <annotation>Connects to a ProActive server and returns the sessionId</annotation>
        <callable_by_client_api>false</callable_by_client_api>
        <category/>
        <copied_from/>
        <copied_from_name/>
        <description>Connects to a ProActive server and returns the sessionId</description>
        <ih_action>false</ih_action>
        <internal_name>get_session_id</internal_name>
        <label_cache/>
        <latest_snapshot/>
        <master_snapshot/>
        <name>Get session id</name>
        <natlang/>
        <outputs/>
        <state>draft</state>
        <sys_class_name>sys_hub_action_type_definition</sys_class_name>
        <sys_created_by>admin</sys_created_by>
        <sys_created_on>2021-08-19 14:50:08</sys_created_on>
        <sys_domain>global</sys_domain>
        <sys_domain_path>/</sys_domain_path>
        <sys_id>5e1148422f4270103c5d9facf699b691</sys_id>
        <sys_mod_count>0</sys_mod_count>
        <sys_name>Get session id</sys_name>
        <sys_overrides/>
        <sys_package display_value="ProActive Workflows &amp; Scheduling" source="x_661207_proacti_0">073851e22fe130103c5d9facf699b6d9</sys_package>
        <sys_policy/>
        <sys_scope display_value="ProActive Workflows &amp; Scheduling">073851e22fe130103c5d9facf699b6d9</sys_scope>
        <sys_update_name>sys_hub_action_type_definition_5e1148422f4270103c5d9facf699b691</sys_update_name>
        <sys_updated_by>admin</sys_updated_by>
        <sys_updated_on>2021-08-19 14:50:08</sys_updated_on>
        <system_level>false</system_level>
        <type/>
    </sys_hub_action_type_definition>
    <sys_translated_text action="DELETE" query="documentkey=5e1148422f4270103c5d9facf699b691"/>
    <sys_variable_value action="DELETE" query="document_key=5e1148422f4270103c5d9facf699b691"/>
    <sys_update_version action="INSERT_OR_UPDATE">
        <action>DELETE</action>
        <application display_value="ProActive Workflows &amp; Scheduling">073851e22fe130103c5d9facf699b6d9</application>
        <file_path/>
        <instance_id>4aa0f5fbdba0770049eac5970596191a</instance_id>
        <instance_name>dev79618</instance_name>
        <name>sys_hub_action_type_definition_5e1148422f4270103c5d9facf699b691</name>
        <payload><![CDATA[<?xml version="1.0" encoding="UTF-8"?><record_update sys_domain="global" table="sys_hub_action_type_definition"><sys_hub_action_type_definition action="INSERT_OR_UPDATE"><access>public</access><acls/><action_template/><active>true</active><annotation>Connects to a ProActive server and returns the sessionId</annotation><callable_by_client_api>false</callable_by_client_api><category/><copied_from/><copied_from_name/><description>Connects to a ProActive server and returns the sessionId</description><ih_action>false</ih_action><internal_name>get_session_id</internal_name><label_cache/><latest_snapshot/><master_snapshot/><name>Get session id</name><natlang/><outputs/><state>draft</state><sys_class_name>sys_hub_action_type_definition</sys_class_name><sys_created_by>admin</sys_created_by><sys_created_on>2021-08-19 14:50:08</sys_created_on><sys_domain>global</sys_domain><sys_domain_path>/</sys_domain_path><sys_id>5e1148422f4270103c5d9facf699b691</sys_id><sys_mod_count>0</sys_mod_count><sys_name>Get session id</sys_name><sys_overrides/><sys_package display_value="ProActive Workflows &amp; Scheduling" source="x_661207_proacti_0">073851e22fe130103c5d9facf699b6d9</sys_package><sys_policy/><sys_scope display_value="ProActive Workflows &amp; Scheduling">073851e22fe130103c5d9facf699b6d9</sys_scope><sys_update_name>sys_hub_action_type_definition_5e1148422f4270103c5d9facf699b691</sys_update_name><sys_updated_by>admin</sys_updated_by><sys_updated_on>2021-08-19 14:50:08</sys_updated_on><system_level>false</system_level><type/></sys_hub_action_type_definition><sys_translated_text action="delete_multiple" query="documentkey=5e1148422f4270103c5d9facf699b691"/><sys_variable_value action="delete_multiple" query="document_key=5e1148422f4270103c5d9facf699b691"/></record_update>]]></payload>
        <payload_hash>-1627580097</payload_hash>
        <record_name>Get session id</record_name>
        <reverted_from/>
        <source>0b3851e22fe130103c5d9facf699b6db</source>
        <source_table>sys_update_set</source_table>
        <state>previous</state>
        <sys_created_by>admin</sys_created_by>
        <sys_created_on>2021-08-19 14:50:08</sys_created_on>
        <sys_id>521148422f4270103c5d9facf699b697</sys_id>
        <sys_mod_count>0</sys_mod_count>
        <sys_recorded_at>17b5ee40c9f0000001</sys_recorded_at>
        <sys_updated_by>admin</sys_updated_by>
        <sys_updated_on>2021-08-19 14:50:08</sys_updated_on>
        <type>Action Type</type>
        <update_guid>9a11484283427010fe213c8d153f9396</update_guid>
        <update_guid_history>9a11484283427010fe213c8d153f9396:-1627580097</update_guid_history>
    </sys_update_version>
    <sys_metadata_delete action="INSERT_OR_UPDATE">
        <sys_audit_delete/>
        <sys_class_name>sys_metadata_delete</sys_class_name>
        <sys_created_by>admin</sys_created_by>
        <sys_created_on>2021-08-19 15:01:09</sys_created_on>
        <sys_db_object display_value="" name="sys_hub_action_type_definition">sys_hub_action_type_definition</sys_db_object>
        <sys_id>536f2707447344fe843c828b2a601ef9</sys_id>
        <sys_metadata>5e1148422f4270103c5d9facf699b691</sys_metadata>
        <sys_mod_count>0</sys_mod_count>
        <sys_name>Get session id</sys_name>
        <sys_package display_value="ProActive Workflows &amp; Scheduling" source="x_661207_proacti_0">073851e22fe130103c5d9facf699b6d9</sys_package>
        <sys_parent/>
        <sys_policy/>
        <sys_scope display_value="ProActive Workflows &amp; Scheduling">073851e22fe130103c5d9facf699b6d9</sys_scope>
        <sys_scope_delete display_value="">027723d347444b5d893c74fa450d5261</sys_scope_delete>
        <sys_update_name>sys_hub_action_type_definition_5e1148422f4270103c5d9facf699b691</sys_update_name>
        <sys_update_version display_value="sys_hub_action_type_definition_5e1148422f4270103c5d9facf699b691">521148422f4270103c5d9facf699b697</sys_update_version>
        <sys_updated_by>admin</sys_updated_by>
        <sys_updated_on>2021-08-19 15:01:09</sys_updated_on>
    </sys_metadata_delete>
</record_update>
