<?xml version="1.0" encoding="UTF-8"?><record_update sys_domain="global" table="sys_app_module">
    <sys_app_module action="DELETE">
        <active>true</active>
        <application display_value="ddd">278831b72f4230103c5d9facf699b62c</application>
        <assessment/>
        <device_type/>
        <filter/>
        <hint/>
        <homepage/>
        <image/>
        <link_type>LIST</link_type>
        <map_page/>
        <mobile_title>ProActive servers</mobile_title>
        <mobile_view_name>Mobile</mobile_view_name>
        <name>x_661207_proacti_0_proactive_server</name>
        <order/>
        <override_menu_roles>false</override_menu_roles>
        <query/>
        <report/>
        <roles>x_661207_proacti_0.proactive_server_user</roles>
        <sys_class_name>sys_app_module</sys_class_name>
        <sys_created_by>admin</sys_created_by>
        <sys_created_on>2021-08-25 10:01:25</sys_created_on>
        <sys_domain>global</sys_domain>
        <sys_domain_path>/</sys_domain_path>
        <sys_id>278831b72f4230103c5d9facf699b63c</sys_id>
        <sys_mod_count>0</sys_mod_count>
        <sys_name>ProActive servers</sys_name>
        <sys_overrides/>
        <sys_package display_value="ProActive Workflows &amp; Scheduling" source="x_661207_proacti_0">073851e22fe130103c5d9facf699b6d9</sys_package>
        <sys_policy/>
        <sys_scope display_value="ProActive Workflows &amp; Scheduling">073851e22fe130103c5d9facf699b6d9</sys_scope>
        <sys_update_name>sys_app_module_278831b72f4230103c5d9facf699b63c</sys_update_name>
        <sys_updated_by>admin</sys_updated_by>
        <sys_updated_on>2021-08-25 10:01:25</sys_updated_on>
        <timeline_page/>
        <title>ProActive servers</title>
        <uncancelable>false</uncancelable>
        <view_name/>
        <window_name/>
    </sys_app_module>
    <sys_update_version action="INSERT_OR_UPDATE">
        <action>DELETE</action>
        <application display_value="ProActive Workflows &amp; Scheduling">073851e22fe130103c5d9facf699b6d9</application>
        <file_path/>
        <instance_id>4aa0f5fbdba0770049eac5970596191a</instance_id>
        <instance_name>dev79618</instance_name>
        <name>sys_app_module_278831b72f4230103c5d9facf699b63c</name>
        <payload><![CDATA[<?xml version="1.0" encoding="UTF-8"?><record_update sys_domain="global" table="sys_app_module"><sys_app_module action="INSERT_OR_UPDATE"><active>true</active><application display_value="ddd">278831b72f4230103c5d9facf699b62c</application><assessment/><device_type/><filter/><hint/><homepage/><image/><link_type>LIST</link_type><map_page/><mobile_title>ProActive servers</mobile_title><mobile_view_name>Mobile</mobile_view_name><name>x_661207_proacti_0_proactive_server</name><order/><override_menu_roles>false</override_menu_roles><query/><report/><roles>x_661207_proacti_0.proactive_server_user</roles><sys_class_name>sys_app_module</sys_class_name><sys_created_by>admin</sys_created_by><sys_created_on>2021-08-25 10:01:25</sys_created_on><sys_domain>global</sys_domain><sys_domain_path>/</sys_domain_path><sys_id>278831b72f4230103c5d9facf699b63c</sys_id><sys_mod_count>0</sys_mod_count><sys_name>ProActive servers</sys_name><sys_overrides/><sys_package display_value="ProActive Workflows &amp; Scheduling" source="x_661207_proacti_0">073851e22fe130103c5d9facf699b6d9</sys_package><sys_policy/><sys_scope display_value="ProActive Workflows &amp; Scheduling">073851e22fe130103c5d9facf699b6d9</sys_scope><sys_update_name>sys_app_module_278831b72f4230103c5d9facf699b63c</sys_update_name><sys_updated_by>admin</sys_updated_by><sys_updated_on>2021-08-25 10:01:25</sys_updated_on><timeline_page/><title>ProActive servers</title><uncancelable>false</uncancelable><view_name/><window_name/></sys_app_module></record_update>]]></payload>
        <payload_hash>-1744660429</payload_hash>
        <record_name>ProActive servers</record_name>
        <reverted_from/>
        <source>0b3851e22fe130103c5d9facf699b6db</source>
        <source_table>sys_update_set</source_table>
        <state>previous</state>
        <sys_created_by>admin</sys_created_by>
        <sys_created_on>2021-08-25 10:01:25</sys_created_on>
        <sys_id>2b8831b72f4230103c5d9facf699b63f</sys_id>
        <sys_mod_count>0</sys_mod_count>
        <sys_recorded_at>17b7cc1e0cb0000001</sys_recorded_at>
        <sys_updated_by>admin</sys_updated_by>
        <sys_updated_on>2021-08-25 10:01:25</sys_updated_on>
        <type>Module</type>
        <update_guid>638831b7e5423010f66f38d06a36413f</update_guid>
        <update_guid_history>638831b7e5423010f66f38d06a36413f:-1744660429</update_guid_history>
    </sys_update_version>
    <sys_metadata_delete action="INSERT_OR_UPDATE">
        <sys_audit_delete display_value="ProActive servers">9c59b9b72f4230103c5d9facf699b6b3</sys_audit_delete>
        <sys_class_name>sys_metadata_delete</sys_class_name>
        <sys_created_by>admin</sys_created_by>
        <sys_created_on>2021-08-25 10:04:45</sys_created_on>
        <sys_db_object display_value="" name="sys_app_module">sys_app_module</sys_db_object>
        <sys_id>560b2f4ea44541c0b68a0cd4ef2bc784</sys_id>
        <sys_metadata>278831b72f4230103c5d9facf699b63c</sys_metadata>
        <sys_mod_count>0</sys_mod_count>
        <sys_name>ProActive servers</sys_name>
        <sys_package display_value="ProActive Workflows &amp; Scheduling" source="x_661207_proacti_0">073851e22fe130103c5d9facf699b6d9</sys_package>
        <sys_parent/>
        <sys_policy/>
        <sys_scope display_value="ProActive Workflows &amp; Scheduling">073851e22fe130103c5d9facf699b6d9</sys_scope>
        <sys_scope_delete display_value="">027723d347444b5d893c74fa450d5261</sys_scope_delete>
        <sys_update_name>sys_app_module_278831b72f4230103c5d9facf699b63c</sys_update_name>
        <sys_update_version display_value="sys_app_module_278831b72f4230103c5d9facf699b63c">2b8831b72f4230103c5d9facf699b63f</sys_update_version>
        <sys_updated_by>admin</sys_updated_by>
        <sys_updated_on>2021-08-25 10:04:45</sys_updated_on>
    </sys_metadata_delete>
</record_update>
