<?xml version="1.0" encoding="UTF-8"?><record_update table="sys_rest_message_fn_headers">
    <sys_rest_message_fn_headers action="DELETE">
        <name>Content-Disposition</name>
        <rest_message_function display_value="Submit job from file">4585dc612fd230103c5d9facf699b671</rest_message_function>
        <sys_class_name>sys_rest_message_fn_headers</sys_class_name>
        <sys_created_by>admin</sys_created_by>
        <sys_created_on>2021-09-01 16:10:24</sys_created_on>
        <sys_id>42ef8f422f12b0103c5d9facf699b60b</sys_id>
        <sys_mod_count>0</sys_mod_count>
        <sys_name>Content-Disposition</sys_name>
        <sys_package display_value="ProActive Workflows &amp; Scheduling" source="x_661207_proacti_0">073851e22fe130103c5d9facf699b6d9</sys_package>
        <sys_policy/>
        <sys_scope display_value="ProActive Workflows &amp; Scheduling">073851e22fe130103c5d9facf699b6d9</sys_scope>
        <sys_update_name>sys_rest_message_fn_headers_42ef8f422f12b0103c5d9facf699b60b</sys_update_name>
        <sys_updated_by>admin</sys_updated_by>
        <sys_updated_on>2021-09-01 16:10:24</sys_updated_on>
        <value>form-data</value>
    </sys_rest_message_fn_headers>
    <sys_update_version action="INSERT_OR_UPDATE">
        <action>DELETE</action>
        <application display_value="ProActive Workflows &amp; Scheduling">073851e22fe130103c5d9facf699b6d9</application>
        <file_path/>
        <instance_id>4aa0f5fbdba0770049eac5970596191a</instance_id>
        <instance_name>dev79618</instance_name>
        <name>sys_rest_message_fn_headers_42ef8f422f12b0103c5d9facf699b60b</name>
        <payload><![CDATA[<?xml version="1.0" encoding="UTF-8"?><record_update table="sys_rest_message_fn_headers"><sys_rest_message_fn_headers action="INSERT_OR_UPDATE"><name>Content-Disposition</name><rest_message_function display_value="Submit job from file">4585dc612fd230103c5d9facf699b671</rest_message_function><sys_class_name>sys_rest_message_fn_headers</sys_class_name><sys_created_by>admin</sys_created_by><sys_created_on>2021-09-01 16:10:24</sys_created_on><sys_id>42ef8f422f12b0103c5d9facf699b60b</sys_id><sys_mod_count>0</sys_mod_count><sys_name>Content-Disposition</sys_name><sys_package display_value="ProActive Workflows &amp; Scheduling" source="x_661207_proacti_0">073851e22fe130103c5d9facf699b6d9</sys_package><sys_policy/><sys_scope display_value="ProActive Workflows &amp; Scheduling">073851e22fe130103c5d9facf699b6d9</sys_scope><sys_update_name>sys_rest_message_fn_headers_42ef8f422f12b0103c5d9facf699b60b</sys_update_name><sys_updated_by>admin</sys_updated_by><sys_updated_on>2021-09-01 16:10:24</sys_updated_on><value>form-data</value></sys_rest_message_fn_headers></record_update>]]></payload>
        <payload_hash>1120695855</payload_hash>
        <record_name>Content-Disposition</record_name>
        <reverted_from/>
        <source>0b3851e22fe130103c5d9facf699b6db</source>
        <source_table>sys_update_set</source_table>
        <state>previous</state>
        <sys_created_by>admin</sys_created_by>
        <sys_created_on>2021-09-01 16:10:24</sys_created_on>
        <sys_id>b0209f422f12b0103c5d9facf699b60f</sys_id>
        <sys_mod_count>0</sys_mod_count>
        <sys_recorded_at>17ba220338a0000001</sys_recorded_at>
        <sys_updated_by>admin</sys_updated_by>
        <sys_updated_on>2021-09-01 16:10:24</sys_updated_on>
        <type>HTTP Headers</type>
        <update_guid>f8209f42dc12b0101aa335ff3848a20e</update_guid>
        <update_guid_history>f8209f42dc12b0101aa335ff3848a20e:1120695855</update_guid_history>
    </sys_update_version>
    <sys_metadata_delete action="INSERT_OR_UPDATE">
        <sys_audit_delete/>
        <sys_class_name>sys_metadata_delete</sys_class_name>
        <sys_created_by>admin</sys_created_by>
        <sys_created_on>2021-09-01 16:14:40</sys_created_on>
        <sys_db_object display_value="" name="sys_rest_message_fn_headers">sys_rest_message_fn_headers</sys_db_object>
        <sys_id>1a753fe4242f4e8cba0289c9cb429f90</sys_id>
        <sys_metadata>42ef8f422f12b0103c5d9facf699b60b</sys_metadata>
        <sys_mod_count>0</sys_mod_count>
        <sys_name>Content-Disposition</sys_name>
        <sys_package display_value="ProActive Workflows &amp; Scheduling" source="x_661207_proacti_0">073851e22fe130103c5d9facf699b6d9</sys_package>
        <sys_parent display_value="Submit job from file">4585dc612fd230103c5d9facf699b671</sys_parent>
        <sys_policy/>
        <sys_scope display_value="ProActive Workflows &amp; Scheduling">073851e22fe130103c5d9facf699b6d9</sys_scope>
        <sys_scope_delete display_value="">027723d347444b5d893c74fa450d5261</sys_scope_delete>
        <sys_update_name>sys_rest_message_fn_headers_42ef8f422f12b0103c5d9facf699b60b</sys_update_name>
        <sys_update_version display_value="sys_rest_message_fn_headers_42ef8f422f12b0103c5d9facf699b60b">b0209f422f12b0103c5d9facf699b60f</sys_update_version>
        <sys_updated_by>admin</sys_updated_by>
        <sys_updated_on>2021-09-01 16:14:40</sys_updated_on>
    </sys_metadata_delete>
</record_update>
