<?xml version="1.0" encoding="UTF-8"?><record_update table="sys_rest_message_headers">
    <sys_rest_message_headers action="DELETE">
        <name>Content-Type</name>
        <rest_message display_value="PA Login">a03a19262fe130103c5d9facf699b627</rest_message>
        <sys_class_name>sys_rest_message_headers</sys_class_name>
        <sys_created_by>admin</sys_created_by>
        <sys_created_on>2021-07-27 15:46:00</sys_created_on>
        <sys_id>0cc03d2a2f2130103c5d9facf699b663</sys_id>
        <sys_mod_count>0</sys_mod_count>
        <sys_name>Content-Type</sys_name>
        <sys_package display_value="ProActive Workflows &amp; Scheduling" source="x_661207_proacti_0">073851e22fe130103c5d9facf699b6d9</sys_package>
        <sys_policy/>
        <sys_scope display_value="ProActive Workflows &amp; Scheduling">073851e22fe130103c5d9facf699b6d9</sys_scope>
        <sys_update_name>sys_rest_message_headers_0cc03d2a2f2130103c5d9facf699b663</sys_update_name>
        <sys_updated_by>admin</sys_updated_by>
        <sys_updated_on>2021-07-27 15:46:00</sys_updated_on>
        <value>application/x-www-form-urlencoded</value>
    </sys_rest_message_headers>
    <sys_update_version action="INSERT_OR_UPDATE">
        <action>DELETE</action>
        <application display_value="ProActive Workflows &amp; Scheduling">073851e22fe130103c5d9facf699b6d9</application>
        <file_path/>
        <instance_id>4aa0f5fbdba0770049eac5970596191a</instance_id>
        <instance_name>dev79618</instance_name>
        <name>sys_rest_message_headers_0cc03d2a2f2130103c5d9facf699b663</name>
        <payload><![CDATA[<?xml version="1.0" encoding="UTF-8"?><record_update table="sys_rest_message_headers"><sys_rest_message_headers action="INSERT_OR_UPDATE"><name>Content-Type</name><rest_message display_value="PA Login">a03a19262fe130103c5d9facf699b627</rest_message><sys_class_name>sys_rest_message_headers</sys_class_name><sys_created_by>admin</sys_created_by><sys_created_on>2021-07-27 15:46:00</sys_created_on><sys_id>0cc03d2a2f2130103c5d9facf699b663</sys_id><sys_mod_count>0</sys_mod_count><sys_name>Content-Type</sys_name><sys_package display_value="ProActive Workflows &amp; Scheduling" source="x_661207_proacti_0">073851e22fe130103c5d9facf699b6d9</sys_package><sys_policy/><sys_scope display_value="ProActive Workflows &amp; Scheduling">073851e22fe130103c5d9facf699b6d9</sys_scope><sys_update_name>sys_rest_message_headers_0cc03d2a2f2130103c5d9facf699b663</sys_update_name><sys_updated_by>admin</sys_updated_by><sys_updated_on>2021-07-27 15:46:00</sys_updated_on><value>application/x-www-form-urlencoded</value></sys_rest_message_headers></record_update>]]></payload>
        <payload_hash>-626717539</payload_hash>
        <record_name>Content-Type</record_name>
        <reverted_from/>
        <source>0b3851e22fe130103c5d9facf699b6db</source>
        <source_table>sys_update_set</source_table>
        <state>previous</state>
        <sys_created_by>admin</sys_created_by>
        <sys_created_on>2021-07-27 15:46:00</sys_created_on>
        <sys_id>e851792a2f2130103c5d9facf699b6d1</sys_id>
        <sys_mod_count>0</sys_mod_count>
        <sys_recorded_at>17ae8a4ee500000001</sys_recorded_at>
        <sys_updated_by>admin</sys_updated_by>
        <sys_updated_on>2021-07-27 15:46:00</sys_updated_on>
        <type>HTTP Headers</type>
        <update_guid>2451792ae02130109108b869117d8bd1</update_guid>
        <update_guid_history>2451792ae02130109108b869117d8bd1:-626717539</update_guid_history>
    </sys_update_version>
    <sys_metadata_delete action="INSERT_OR_UPDATE">
        <sys_audit_delete/>
        <sys_class_name>sys_metadata_delete</sys_class_name>
        <sys_created_by>admin</sys_created_by>
        <sys_created_on>2021-07-29 16:53:00</sys_created_on>
        <sys_db_object display_value="" name="sys_rest_message_headers">sys_rest_message_headers</sys_db_object>
        <sys_id>a0a2f6a229b5421cb9be2f223b95b910</sys_id>
        <sys_metadata>0cc03d2a2f2130103c5d9facf699b663</sys_metadata>
        <sys_mod_count>0</sys_mod_count>
        <sys_name>Content-Type</sys_name>
        <sys_package display_value="ProActive Workflows &amp; Scheduling" source="x_661207_proacti_0">073851e22fe130103c5d9facf699b6d9</sys_package>
        <sys_parent display_value="ProActive Scheduler">a03a19262fe130103c5d9facf699b627</sys_parent>
        <sys_policy/>
        <sys_scope display_value="ProActive Workflows &amp; Scheduling">073851e22fe130103c5d9facf699b6d9</sys_scope>
        <sys_scope_delete display_value="">027723d347444b5d893c74fa450d5261</sys_scope_delete>
        <sys_update_name>sys_rest_message_headers_0cc03d2a2f2130103c5d9facf699b663</sys_update_name>
        <sys_update_version display_value="sys_rest_message_headers_0cc03d2a2f2130103c5d9facf699b663">e851792a2f2130103c5d9facf699b6d1</sys_update_version>
        <sys_updated_by>admin</sys_updated_by>
        <sys_updated_on>2021-07-29 16:53:00</sys_updated_on>
    </sys_metadata_delete>
</record_update>
