<?xml version="1.0" encoding="UTF-8"?><record_update table="sys_rest_message">
    <sys_rest_message action="DELETE">
        <access>package_private</access>
        <authentication_type>no_authentication</authentication_type>
        <basic_auth_password/>
        <basic_auth_profile/>
        <basic_auth_user/>
        <description/>
        <name>test</name>
        <oauth2_profile/>
        <protocol_name/>
        <rest_endpoint>https://test.com/rest</rest_endpoint>
        <sys_class_name>sys_rest_message</sys_class_name>
        <sys_created_by>admin</sys_created_by>
        <sys_created_on>2021-07-28 09:59:30</sys_created_on>
        <sys_id>ae8ba9be2fa130103c5d9facf699b647</sys_id>
        <sys_mod_count>0</sys_mod_count>
        <sys_name>test</sys_name>
        <sys_package display_value="ProActive Workflows &amp; Scheduling" source="x_661207_proacti_0">073851e22fe130103c5d9facf699b6d9</sys_package>
        <sys_policy/>
        <sys_scope display_value="ProActive Workflows &amp; Scheduling">073851e22fe130103c5d9facf699b6d9</sys_scope>
        <sys_update_name>sys_rest_message_ae8ba9be2fa130103c5d9facf699b647</sys_update_name>
        <sys_updated_by>admin</sys_updated_by>
        <sys_updated_on>2021-07-28 09:59:30</sys_updated_on>
        <use_basic_auth>false</use_basic_auth>
        <use_mutual_auth>false</use_mutual_auth>
    </sys_rest_message>
    <sys_update_version action="INSERT_OR_UPDATE">
        <action>DELETE</action>
        <application display_value="ProActive Workflows &amp; Scheduling">073851e22fe130103c5d9facf699b6d9</application>
        <file_path/>
        <instance_id>4aa0f5fbdba0770049eac5970596191a</instance_id>
        <instance_name>dev79618</instance_name>
        <name>sys_rest_message_ae8ba9be2fa130103c5d9facf699b647</name>
        <payload><![CDATA[<?xml version="1.0" encoding="UTF-8"?><record_update table="sys_rest_message"><sys_rest_message action="INSERT_OR_UPDATE"><access>package_private</access><authentication_type>no_authentication</authentication_type><basic_auth_password/><basic_auth_profile/><basic_auth_user/><description/><name>test</name><oauth2_profile/><protocol_name/><rest_endpoint>https://test.com/rest</rest_endpoint><sys_class_name>sys_rest_message</sys_class_name><sys_created_by>admin</sys_created_by><sys_created_on>2021-07-28 09:59:30</sys_created_on><sys_id>ae8ba9be2fa130103c5d9facf699b647</sys_id><sys_mod_count>0</sys_mod_count><sys_name>test</sys_name><sys_package display_value="ProActive Workflows &amp; Scheduling" source="x_661207_proacti_0">073851e22fe130103c5d9facf699b6d9</sys_package><sys_policy/><sys_scope display_value="ProActive Workflows &amp; Scheduling">073851e22fe130103c5d9facf699b6d9</sys_scope><sys_update_name>sys_rest_message_ae8ba9be2fa130103c5d9facf699b647</sys_update_name><sys_updated_by>admin</sys_updated_by><sys_updated_on>2021-07-28 09:59:30</sys_updated_on><use_basic_auth>false</use_basic_auth><use_mutual_auth>false</use_mutual_auth></sys_rest_message></record_update>]]></payload>
        <payload_hash>730652718</payload_hash>
        <record_name>test</record_name>
        <reverted_from/>
        <source>0b3851e22fe130103c5d9facf699b6db</source>
        <source_table>sys_update_set</source_table>
        <state>previous</state>
        <sys_created_by>admin</sys_created_by>
        <sys_created_on>2021-07-28 09:59:30</sys_created_on>
        <sys_id>1a9ba9fe2fa130103c5d9facf699b60c</sys_id>
        <sys_mod_count>0</sys_mod_count>
        <sys_recorded_at>17aec8e0e370000001</sys_recorded_at>
        <sys_updated_by>admin</sys_updated_by>
        <sys_updated_on>2021-07-28 09:59:30</sys_updated_on>
        <type>REST Message</type>
        <update_guid>529ba9feeea13010f8d44a98cf2f110c</update_guid>
        <update_guid_history>529ba9feeea13010f8d44a98cf2f110c:730652718</update_guid_history>
    </sys_update_version>
    <sys_metadata_delete action="INSERT_OR_UPDATE">
        <sys_audit_delete/>
        <sys_class_name>sys_metadata_delete</sys_class_name>
        <sys_created_by>admin</sys_created_by>
        <sys_created_on>2021-07-28 09:59:47</sys_created_on>
        <sys_db_object display_value="" name="sys_rest_message">sys_rest_message</sys_db_object>
        <sys_id>53000603f71f4b01aa7f1d4fbb85de01</sys_id>
        <sys_metadata>ae8ba9be2fa130103c5d9facf699b647</sys_metadata>
        <sys_mod_count>0</sys_mod_count>
        <sys_name>test</sys_name>
        <sys_package display_value="ProActive Workflows &amp; Scheduling" source="x_661207_proacti_0">073851e22fe130103c5d9facf699b6d9</sys_package>
        <sys_parent/>
        <sys_policy/>
        <sys_scope display_value="ProActive Workflows &amp; Scheduling">073851e22fe130103c5d9facf699b6d9</sys_scope>
        <sys_scope_delete display_value="">027723d347444b5d893c74fa450d5261</sys_scope_delete>
        <sys_update_name>sys_rest_message_ae8ba9be2fa130103c5d9facf699b647</sys_update_name>
        <sys_update_version display_value="sys_rest_message_ae8ba9be2fa130103c5d9facf699b647">1a9ba9fe2fa130103c5d9facf699b60c</sys_update_version>
        <sys_updated_by>admin</sys_updated_by>
        <sys_updated_on>2021-07-28 09:59:47</sys_updated_on>
    </sys_metadata_delete>
</record_update>
