<?xml version="1.0" encoding="UTF-8"?><record_update table="sys_rest_message_fn_headers">
    <sys_rest_message_fn_headers action="DELETE">
        <name>content-disposition</name>
        <rest_message_function display_value="Submit job from file">4585dc612fd230103c5d9facf699b671</rest_message_function>
        <sys_class_name>sys_rest_message_fn_headers</sys_class_name>
        <sys_created_by>admin</sys_created_by>
        <sys_created_on>2021-09-01 15:37:02</sys_created_on>
        <sys_id>34f70f022f12b0103c5d9facf699b6fa</sys_id>
        <sys_mod_count>1</sys_mod_count>
        <sys_name>content-disposition</sys_name>
        <sys_package display_value="ProActive Workflows &amp; Scheduling" source="x_661207_proacti_0">073851e22fe130103c5d9facf699b6d9</sys_package>
        <sys_policy/>
        <sys_scope display_value="ProActive Workflows &amp; Scheduling">073851e22fe130103c5d9facf699b6d9</sys_scope>
        <sys_update_name>sys_rest_message_fn_headers_34f70f022f12b0103c5d9facf699b6fa</sys_update_name>
        <sys_updated_by>admin</sys_updated_by>
        <sys_updated_on>2021-09-01 15:38:17</sys_updated_on>
        <value>attachment; filename="Hello World.xml"</value>
    </sys_rest_message_fn_headers>
    <sys_update_version action="INSERT_OR_UPDATE">
        <action>DELETE</action>
        <application display_value="ProActive Workflows &amp; Scheduling">073851e22fe130103c5d9facf699b6d9</application>
        <file_path/>
        <instance_id>4aa0f5fbdba0770049eac5970596191a</instance_id>
        <instance_name>dev79618</instance_name>
        <name>sys_rest_message_fn_headers_34f70f022f12b0103c5d9facf699b6fa</name>
        <payload><![CDATA[<?xml version="1.0" encoding="UTF-8"?><record_update table="sys_rest_message_fn_headers"><sys_rest_message_fn_headers action="INSERT_OR_UPDATE"><name>content-disposition</name><rest_message_function display_value="Submit job from file">4585dc612fd230103c5d9facf699b671</rest_message_function><sys_class_name>sys_rest_message_fn_headers</sys_class_name><sys_created_by>admin</sys_created_by><sys_created_on>2021-09-01 15:37:02</sys_created_on><sys_id>34f70f022f12b0103c5d9facf699b6fa</sys_id><sys_mod_count>1</sys_mod_count><sys_name>content-disposition</sys_name><sys_package display_value="ProActive Workflows &amp; Scheduling" source="x_661207_proacti_0">073851e22fe130103c5d9facf699b6d9</sys_package><sys_policy/><sys_scope display_value="ProActive Workflows &amp; Scheduling">073851e22fe130103c5d9facf699b6d9</sys_scope><sys_update_name>sys_rest_message_fn_headers_34f70f022f12b0103c5d9facf699b6fa</sys_update_name><sys_updated_by>admin</sys_updated_by><sys_updated_on>2021-09-01 15:38:17</sys_updated_on><value>attachment; filename="Hello World.xml"</value></sys_rest_message_fn_headers></record_update>]]></payload>
        <payload_hash>-829993821</payload_hash>
        <record_name>content-disposition</record_name>
        <reverted_from/>
        <source>0b3851e22fe130103c5d9facf699b6db</source>
        <source_table>sys_update_set</source_table>
        <state>previous</state>
        <sys_created_by>admin</sys_created_by>
        <sys_created_on>2021-09-01 15:38:17</sys_created_on>
        <sys_id>1ac847422f12b0103c5d9facf699b6ee</sys_id>
        <sys_mod_count>0</sys_mod_count>
        <sys_recorded_at>17ba202cc010000001</sys_recorded_at>
        <sys_updated_by>admin</sys_updated_by>
        <sys_updated_on>2021-09-01 15:38:17</sys_updated_on>
        <type>HTTP Headers</type>
        <update_guid>92c847428712b01087685e1abb050dee</update_guid>
        <update_guid_history>92c847428712b01087685e1abb050dee:-829993821,cc88c3cef0de701004d7a6b1955384b7:-2021171933</update_guid_history>
    </sys_update_version>
    <sys_metadata_delete action="INSERT_OR_UPDATE">
        <sys_audit_delete/>
        <sys_class_name>sys_metadata_delete</sys_class_name>
        <sys_created_by>admin</sys_created_by>
        <sys_created_on>2021-09-01 15:39:12</sys_created_on>
        <sys_db_object display_value="" name="sys_rest_message_fn_headers">sys_rest_message_fn_headers</sys_db_object>
        <sys_id>032f05e4b44a429c87f798482e00f909</sys_id>
        <sys_metadata>34f70f022f12b0103c5d9facf699b6fa</sys_metadata>
        <sys_mod_count>0</sys_mod_count>
        <sys_name>content-disposition</sys_name>
        <sys_package display_value="ProActive Workflows &amp; Scheduling" source="x_661207_proacti_0">073851e22fe130103c5d9facf699b6d9</sys_package>
        <sys_parent display_value="Submit job from file">4585dc612fd230103c5d9facf699b671</sys_parent>
        <sys_policy/>
        <sys_scope display_value="ProActive Workflows &amp; Scheduling">073851e22fe130103c5d9facf699b6d9</sys_scope>
        <sys_scope_delete display_value="">027723d347444b5d893c74fa450d5261</sys_scope_delete>
        <sys_update_name>sys_rest_message_fn_headers_34f70f022f12b0103c5d9facf699b6fa</sys_update_name>
        <sys_update_version display_value="sys_rest_message_fn_headers_34f70f022f12b0103c5d9facf699b6fa">1ac847422f12b0103c5d9facf699b6ee</sys_update_version>
        <sys_updated_by>admin</sys_updated_by>
        <sys_updated_on>2021-09-01 15:39:12</sys_updated_on>
    </sys_metadata_delete>
</record_update>
