<?xml version="1.0" encoding="UTF-8"?><record_update table="sys_rest_message_fn_param_defs">
    <sys_rest_message_fn_param_defs action="DELETE">
        <name>sessionid</name>
        <order>100</order>
        <rest_message_function display_value="">5ea1abdb2fed30103c5d9facf699b608</rest_message_function>
        <sys_class_name>sys_rest_message_fn_param_defs</sys_class_name>
        <sys_created_by>admin</sys_created_by>
        <sys_created_on>2021-07-30 07:55:45</sys_created_on>
        <sys_id>26a1631f2fed30103c5d9facf699b6e7</sys_id>
        <sys_mod_count>0</sys_mod_count>
        <sys_name>sessionid</sys_name>
        <sys_package display_value="ProActive Workflows &amp; Scheduling" source="x_661207_proacti_0">073851e22fe130103c5d9facf699b6d9</sys_package>
        <sys_policy/>
        <sys_scope display_value="ProActive Workflows &amp; Scheduling">073851e22fe130103c5d9facf699b6d9</sys_scope>
        <sys_update_name>sys_rest_message_fn_param_defs_26a1631f2fed30103c5d9facf699b6e7</sys_update_name>
        <sys_updated_by>admin</sys_updated_by>
        <sys_updated_on>2021-07-30 07:55:45</sys_updated_on>
        <value>${sessionid}</value>
    </sys_rest_message_fn_param_defs>
    <sys_update_version action="INSERT_OR_UPDATE">
        <action>DELETE</action>
        <application display_value="ProActive Workflows &amp; Scheduling">073851e22fe130103c5d9facf699b6d9</application>
        <file_path/>
        <instance_id>4aa0f5fbdba0770049eac5970596191a</instance_id>
        <instance_name>dev79618</instance_name>
        <name>sys_rest_message_fn_param_defs_26a1631f2fed30103c5d9facf699b6e7</name>
        <payload><![CDATA[<?xml version="1.0" encoding="UTF-8"?><record_update table="sys_rest_message_fn_param_defs"><sys_rest_message_fn_param_defs action="INSERT_OR_UPDATE"><name>sessionid</name><order>100</order><rest_message_function display_value="">5ea1abdb2fed30103c5d9facf699b608</rest_message_function><sys_class_name>sys_rest_message_fn_param_defs</sys_class_name><sys_created_by>admin</sys_created_by><sys_created_on>2021-07-30 07:55:45</sys_created_on><sys_id>26a1631f2fed30103c5d9facf699b6e7</sys_id><sys_mod_count>0</sys_mod_count><sys_name>sessionid</sys_name><sys_package display_value="ProActive Workflows &amp; Scheduling" source="x_661207_proacti_0">073851e22fe130103c5d9facf699b6d9</sys_package><sys_policy/><sys_scope display_value="ProActive Workflows &amp; Scheduling">073851e22fe130103c5d9facf699b6d9</sys_scope><sys_update_name>sys_rest_message_fn_param_defs_26a1631f2fed30103c5d9facf699b6e7</sys_update_name><sys_updated_by>admin</sys_updated_by><sys_updated_on>2021-07-30 07:55:45</sys_updated_on><value>${sessionid}</value></sys_rest_message_fn_param_defs></record_update>]]></payload>
        <payload_hash>726983994</payload_hash>
        <record_name>sessionid</record_name>
        <reverted_from/>
        <source>0b3851e22fe130103c5d9facf699b6db</source>
        <source_table>sys_update_set</source_table>
        <state>previous</state>
        <sys_created_by>admin</sys_created_by>
        <sys_created_on>2021-07-30 07:55:45</sys_created_on>
        <sys_id>91722b1f2fed30103c5d9facf699b67a</sys_id>
        <sys_mod_count>0</sys_mod_count>
        <sys_recorded_at>17af6697b210000001</sys_recorded_at>
        <sys_updated_by>admin</sys_updated_by>
        <sys_updated_on>2021-07-30 07:55:45</sys_updated_on>
        <type>HTTP Query Parameters</type>
        <update_guid>d9722b1fc0ed3010acf846490d864479</update_guid>
        <update_guid_history>d9722b1fc0ed3010acf846490d864479:726983994</update_guid_history>
    </sys_update_version>
    <sys_metadata_delete action="INSERT_OR_UPDATE">
        <sys_audit_delete/>
        <sys_class_name>sys_metadata_delete</sys_class_name>
        <sys_created_by>admin</sys_created_by>
        <sys_created_on>2021-07-30 16:59:21</sys_created_on>
        <sys_db_object display_value="" name="sys_rest_message_fn_param_defs">sys_rest_message_fn_param_defs</sys_db_object>
        <sys_id>28abb1fe127243e08ef6e9ae01923900</sys_id>
        <sys_metadata>26a1631f2fed30103c5d9facf699b6e7</sys_metadata>
        <sys_mod_count>0</sys_mod_count>
        <sys_name>sessionid</sys_name>
        <sys_package display_value="ProActive Workflows &amp; Scheduling" source="x_661207_proacti_0">073851e22fe130103c5d9facf699b6d9</sys_package>
        <sys_parent display_value="Get job full logs">5ea1abdb2fed30103c5d9facf699b608</sys_parent>
        <sys_policy/>
        <sys_scope display_value="ProActive Workflows &amp; Scheduling">073851e22fe130103c5d9facf699b6d9</sys_scope>
        <sys_scope_delete display_value="">027723d347444b5d893c74fa450d5261</sys_scope_delete>
        <sys_update_name>sys_rest_message_fn_param_defs_26a1631f2fed30103c5d9facf699b6e7</sys_update_name>
        <sys_update_version display_value="sys_rest_message_fn_param_defs_26a1631f2fed30103c5d9facf699b6e7">91722b1f2fed30103c5d9facf699b67a</sys_update_version>
        <sys_updated_by>admin</sys_updated_by>
        <sys_updated_on>2021-07-30 16:59:21</sys_updated_on>
    </sys_metadata_delete>
</record_update>
