<?xml version="1.0" encoding="UTF-8"?><record_update table="sys_db_object">
    <sys_db_object action="DELETE">
        <access>public</access>
        <actions_access>false</actions_access>
        <alter_access>false</alter_access>
        <caller_access/>
        <client_scripts_access>false</client_scripts_access>
        <configuration_access>false</configuration_access>
        <create_access>false</create_access>
        <create_access_controls>true</create_access_controls>
        <delete_access>false</delete_access>
        <extension_model/>
        <is_extendable>false</is_extendable>
        <label>ProActive server</label>
        <live_feed_enabled>false</live_feed_enabled>
        <name>x_661207_proacti_0_proactive_server</name>
        <number_ref/>
        <provider_class/>
        <read_access>true</read_access>
        <scriptable_table>false</scriptable_table>
        <super_class/>
        <sys_class_code/>
        <sys_class_name>sys_db_object</sys_class_name>
        <sys_class_path/>
        <sys_created_by>admin</sys_created_by>
        <sys_created_on>2021-08-25 10:01:25</sys_created_on>
        <sys_id>6ce779372f4230103c5d9facf699b600</sys_id>
        <sys_mod_count>0</sys_mod_count>
        <sys_name>ProActive server</sys_name>
        <sys_package display_value="ProActive Workflows &amp; Scheduling" source="x_661207_proacti_0">073851e22fe130103c5d9facf699b6d9</sys_package>
        <sys_policy/>
        <sys_scope display_value="ProActive Workflows &amp; Scheduling">073851e22fe130103c5d9facf699b6d9</sys_scope>
        <sys_update_name>sys_db_object_6ce779372f4230103c5d9facf699b600</sys_update_name>
        <sys_updated_by>admin</sys_updated_by>
        <sys_updated_on>2021-08-25 10:01:25</sys_updated_on>
        <update_access>false</update_access>
        <user_role display_value="x_661207_proacti_0.proactive_server_user" name="x_661207_proacti_0.proactive_server_user">93887d372f4230103c5d9facf699b666</user_role>
        <ws_access>true</ws_access>
    </sys_db_object>
    <sys_update_version action="INSERT_OR_UPDATE">
        <action>DELETE</action>
        <application display_value="ProActive Workflows &amp; Scheduling">073851e22fe130103c5d9facf699b6d9</application>
        <file_path/>
        <instance_id>4aa0f5fbdba0770049eac5970596191a</instance_id>
        <instance_name>dev79618</instance_name>
        <name>sys_db_object_6ce779372f4230103c5d9facf699b600</name>
        <payload><![CDATA[<?xml version="1.0" encoding="UTF-8"?><record_update table="sys_db_object"><sys_db_object action="INSERT_OR_UPDATE"><access>public</access><actions_access>false</actions_access><alter_access>false</alter_access><caller_access/><client_scripts_access>false</client_scripts_access><configuration_access>false</configuration_access><create_access>false</create_access><create_access_controls>true</create_access_controls><delete_access>false</delete_access><extension_model/><is_extendable>false</is_extendable><label>ProActive server</label><live_feed_enabled>false</live_feed_enabled><name>x_661207_proacti_0_proactive_server</name><number_ref/><provider_class/><read_access>true</read_access><scriptable_table>false</scriptable_table><super_class/><sys_class_code/><sys_class_name>sys_db_object</sys_class_name><sys_class_path/><sys_created_by>admin</sys_created_by><sys_created_on>2021-08-25 10:01:25</sys_created_on><sys_id>6ce779372f4230103c5d9facf699b600</sys_id><sys_mod_count>0</sys_mod_count><sys_name>ProActive server</sys_name><sys_package display_value="ProActive Workflows &amp; Scheduling" source="x_661207_proacti_0">073851e22fe130103c5d9facf699b6d9</sys_package><sys_policy/><sys_scope display_value="ProActive Workflows &amp; Scheduling">073851e22fe130103c5d9facf699b6d9</sys_scope><sys_update_name>sys_db_object_6ce779372f4230103c5d9facf699b600</sys_update_name><sys_updated_by>admin</sys_updated_by><sys_updated_on>2021-08-25 10:01:25</sys_updated_on><update_access>false</update_access><user_role display_value="x_661207_proacti_0.proactive_server_user" name="x_661207_proacti_0.proactive_server_user">93887d372f4230103c5d9facf699b666</user_role><ws_access>true</ws_access></sys_db_object></record_update>]]></payload>
        <payload_hash>-1752297055</payload_hash>
        <record_name>ProActive server</record_name>
        <reverted_from/>
        <source>0b3851e22fe130103c5d9facf699b6db</source>
        <source_table>sys_update_set</source_table>
        <state>previous</state>
        <sys_created_by>admin</sys_created_by>
        <sys_created_on>2021-08-25 10:01:27</sys_created_on>
        <sys_id>c89831b72f4230103c5d9facf699b6b7</sys_id>
        <sys_mod_count>0</sys_mod_count>
        <sys_recorded_at>17b7cc1e85b0000001</sys_recorded_at>
        <sys_updated_by>admin</sys_updated_by>
        <sys_updated_on>2021-08-25 10:01:27</sys_updated_on>
        <type>Table</type>
        <update_guid>049831b7094230103bf1ec4269c200b7</update_guid>
        <update_guid_history>049831b7094230103bf1ec4269c200b7:-1752297055</update_guid_history>
    </sys_update_version>
    <sys_metadata_delete action="INSERT_OR_UPDATE">
        <sys_audit_delete/>
        <sys_class_name>sys_metadata_delete</sys_class_name>
        <sys_created_by>admin</sys_created_by>
        <sys_created_on>2021-08-25 10:04:44</sys_created_on>
        <sys_db_object display_value="" name="sys_db_object">sys_db_object</sys_db_object>
        <sys_id>2348a0b1f16d4e0483c3ec19362f0d84</sys_id>
        <sys_metadata>6ce779372f4230103c5d9facf699b600</sys_metadata>
        <sys_mod_count>0</sys_mod_count>
        <sys_name>ProActive server</sys_name>
        <sys_package display_value="ProActive Workflows &amp; Scheduling" source="x_661207_proacti_0">073851e22fe130103c5d9facf699b6d9</sys_package>
        <sys_parent/>
        <sys_policy/>
        <sys_scope display_value="ProActive Workflows &amp; Scheduling">073851e22fe130103c5d9facf699b6d9</sys_scope>
        <sys_scope_delete display_value="">027723d347444b5d893c74fa450d5261</sys_scope_delete>
        <sys_update_name>sys_db_object_6ce779372f4230103c5d9facf699b600</sys_update_name>
        <sys_update_version display_value="sys_db_object_6ce779372f4230103c5d9facf699b600">c89831b72f4230103c5d9facf699b6b7</sys_update_version>
        <sys_updated_by>admin</sys_updated_by>
        <sys_updated_on>2021-08-25 10:04:44</sys_updated_on>
    </sys_metadata_delete>
</record_update>
