<?xml version="1.0" encoding="UTF-8"?><record_update sys_domain="global" table="sys_app_application">
    <sys_app_application action="DELETE">
        <active>true</active>
        <category display_value="Custom Applications">e0355b31ef303000a61d5a3615c0fb78</category>
        <description/>
        <device_type>browser</device_type>
        <hint/>
        <name>ddd</name>
        <order>100</order>
        <roles>x_661207_proacti_0.proactive_server_user</roles>
        <sys_class_name>sys_app_application</sys_class_name>
        <sys_created_by>admin</sys_created_by>
        <sys_created_on>2021-08-25 10:01:25</sys_created_on>
        <sys_domain>global</sys_domain>
        <sys_domain_path>/</sys_domain_path>
        <sys_id>278831b72f4230103c5d9facf699b62c</sys_id>
        <sys_mod_count>0</sys_mod_count>
        <sys_name>ddd</sys_name>
        <sys_overrides/>
        <sys_package display_value="ProActive Workflows &amp; Scheduling" source="x_661207_proacti_0">073851e22fe130103c5d9facf699b6d9</sys_package>
        <sys_policy/>
        <sys_scope display_value="ProActive Workflows &amp; Scheduling">073851e22fe130103c5d9facf699b6d9</sys_scope>
        <sys_update_name>sys_app_application_278831b72f4230103c5d9facf699b62c</sys_update_name>
        <sys_updated_by>admin</sys_updated_by>
        <sys_updated_on>2021-08-25 10:01:25</sys_updated_on>
        <title>ddd</title>
        <view_name/>
    </sys_app_application>
    <sys_update_version action="INSERT_OR_UPDATE">
        <action>DELETE</action>
        <application display_value="ProActive Workflows &amp; Scheduling">073851e22fe130103c5d9facf699b6d9</application>
        <file_path/>
        <instance_id>4aa0f5fbdba0770049eac5970596191a</instance_id>
        <instance_name>dev79618</instance_name>
        <name>sys_app_application_278831b72f4230103c5d9facf699b62c</name>
        <payload><![CDATA[<?xml version="1.0" encoding="UTF-8"?><record_update sys_domain="global" table="sys_app_application"><sys_app_application action="INSERT_OR_UPDATE"><active>true</active><category display_value="Custom Applications">e0355b31ef303000a61d5a3615c0fb78</category><description/><device_type>browser</device_type><hint/><name>ddd</name><order>100</order><roles>x_661207_proacti_0.proactive_server_user</roles><sys_class_name>sys_app_application</sys_class_name><sys_created_by>admin</sys_created_by><sys_created_on>2021-08-25 10:01:25</sys_created_on><sys_domain>global</sys_domain><sys_domain_path>/</sys_domain_path><sys_id>278831b72f4230103c5d9facf699b62c</sys_id><sys_mod_count>0</sys_mod_count><sys_name>ddd</sys_name><sys_overrides/><sys_package display_value="ProActive Workflows &amp; Scheduling" source="x_661207_proacti_0">073851e22fe130103c5d9facf699b6d9</sys_package><sys_policy/><sys_scope display_value="ProActive Workflows &amp; Scheduling">073851e22fe130103c5d9facf699b6d9</sys_scope><sys_update_name>sys_app_application_278831b72f4230103c5d9facf699b62c</sys_update_name><sys_updated_by>admin</sys_updated_by><sys_updated_on>2021-08-25 10:01:25</sys_updated_on><title>ddd</title><view_name/></sys_app_application></record_update>]]></payload>
        <payload_hash>-2018137645</payload_hash>
        <record_name>ddd</record_name>
        <reverted_from/>
        <source>0b3851e22fe130103c5d9facf699b6db</source>
        <source_table>sys_update_set</source_table>
        <state>previous</state>
        <sys_created_by>admin</sys_created_by>
        <sys_created_on>2021-08-25 10:01:25</sys_created_on>
        <sys_id>a78831b72f4230103c5d9facf699b62f</sys_id>
        <sys_mod_count>0</sys_mod_count>
        <sys_recorded_at>17b7cc1e0420000001</sys_recorded_at>
        <sys_updated_by>admin</sys_updated_by>
        <sys_updated_on>2021-08-25 10:01:25</sys_updated_on>
        <type>Application Menu</type>
        <update_guid>ef8831b747423010d45456735328172e</update_guid>
        <update_guid_history>ef8831b747423010d45456735328172e:-2018137645</update_guid_history>
    </sys_update_version>
    <sys_metadata_delete action="INSERT_OR_UPDATE">
        <sys_audit_delete display_value="ddd">7a1c5e082fe230103c5d9facf699b66b</sys_audit_delete>
        <sys_class_name>sys_metadata_delete</sys_class_name>
        <sys_created_by>admin</sys_created_by>
        <sys_created_on>2021-09-07 17:30:55</sys_created_on>
        <sys_db_object display_value="" name="sys_app_application">sys_app_application</sys_db_object>
        <sys_id>34c7d36ed8934d289ab2455df8d66640</sys_id>
        <sys_metadata>278831b72f4230103c5d9facf699b62c</sys_metadata>
        <sys_mod_count>0</sys_mod_count>
        <sys_name>ddd</sys_name>
        <sys_package display_value="ProActive Workflows &amp; Scheduling" source="x_661207_proacti_0">073851e22fe130103c5d9facf699b6d9</sys_package>
        <sys_parent/>
        <sys_policy/>
        <sys_scope display_value="ProActive Workflows &amp; Scheduling">073851e22fe130103c5d9facf699b6d9</sys_scope>
        <sys_scope_delete display_value="">027723d347444b5d893c74fa450d5261</sys_scope_delete>
        <sys_update_name>sys_app_application_278831b72f4230103c5d9facf699b62c</sys_update_name>
        <sys_update_version display_value="sys_app_application_278831b72f4230103c5d9facf699b62c">a78831b72f4230103c5d9facf699b62f</sys_update_version>
        <sys_updated_by>admin</sys_updated_by>
        <sys_updated_on>2021-09-07 17:30:55</sys_updated_on>
    </sys_metadata_delete>
</record_update>
