<?xml version="1.0" encoding="UTF-8"?><record_update sys_domain="global" table="sys_hub_flow">
    <sys_hub_flow action="DELETE">
        <access>public</access>
        <acls/>
        <active>false</active>
        <annotation/>
        <callable_by_client_api>false</callable_by_client_api>
        <category/>
        <compiler_build/>
        <copied_from/>
        <copied_from_name/>
        <description>Testing</description>
        <internal_name>testflow</internal_name>
        <label_cache>[{"name":"b5a8bab9-63de-4176-aa3e-58d96482721a.Incident","label":"1➛Incident","reference":"incident","reference_display":"Incident","type":"document_id","base_type":"document_id","attributes":{"element_mapping_provider":"com.glide.flow_design.action.data.FlowDesignVariableMapper"}},{"name":"3d1e045d-2729-483c-b5f8-78ec46af1aef.Request","label":"1➛Request","reference":"sc_request","reference_display":"Request","type":"document_id","base_type":"document_id","attributes":{"element_mapping_provider":"com.glide.flow_design.action.data.FlowDesignVariableMapper"}}]</label_cache>
        <latest_snapshot/>
        <master_snapshot/>
        <name>TestFlow</name>
        <natlang/>
        <outputs/>
        <remote_trigger_id/>
        <run_as>user</run_as>
        <run_with_roles/>
        <sc_callable>false</sc_callable>
        <show_draft_actions>false</show_draft_actions>
        <show_triggered_flows>false</show_triggered_flows>
        <status>draft</status>
        <sys_class_name>sys_hub_flow</sys_class_name>
        <sys_created_by>admin</sys_created_by>
        <sys_created_on>2021-08-16 16:52:16</sys_created_on>
        <sys_domain>global</sys_domain>
        <sys_domain_path>/</sys_domain_path>
        <sys_id>4640c9412fc630103c5d9facf699b67b</sys_id>
        <sys_mod_count>1</sys_mod_count>
        <sys_name>TestFlow</sys_name>
        <sys_overrides/>
        <sys_package display_value="ProActive Workflows &amp; Scheduling" source="x_661207_proacti_0">073851e22fe130103c5d9facf699b6d9</sys_package>
        <sys_policy/>
        <sys_scope display_value="ProActive Workflows &amp; Scheduling">073851e22fe130103c5d9facf699b6d9</sys_scope>
        <sys_update_name>sys_hub_flow_4640c9412fc630103c5d9facf699b67b</sys_update_name>
        <sys_updated_by>admin</sys_updated_by>
        <sys_updated_on>2021-08-18 11:41:55</sys_updated_on>
        <type>flow</type>
    </sys_hub_flow>
    <sys_translated_text action="DELETE" query="documentkey=4640c9412fc630103c5d9facf699b67b"/>
    <sys_variable_value action="DELETE" query="document_key=4640c9412fc630103c5d9facf699b67b"/>
    <sys_hub_trigger_instance action="DELETE" query="flow=4640c9412fc630103c5d9facf699b67b^sys_idNOT IN936c06652f4230103c5d9facf699b671"/>
    <sys_hub_trigger_instance action="DELETE">
        <comment/>
        <display_text/>
        <flow display_value="TestFlow">4640c9412fc630103c5d9facf699b67b</flow>
        <name>Created</name>
        <remote_sys_id/>
        <sys_created_by>admin</sys_created_by>
        <sys_created_on>2021-08-18 11:41:55</sys_created_on>
        <sys_id>936c06652f4230103c5d9facf699b671</sys_id>
        <sys_mod_count>1</sys_mod_count>
        <sys_scope/>
        <sys_updated_by>admin</sys_updated_by>
        <sys_updated_on>2021-08-18 11:41:55</sys_updated_on>
        <trigger_definition display_value="Created">798916a0c31322002841b63b12d3ae7c</trigger_definition>
        <trigger_inputs/>
        <trigger_outputs/>
        <trigger_type>record_create</trigger_type>
    </sys_hub_trigger_instance>
    <sys_variable_value action="DELETE" query="document_key=936c06652f4230103c5d9facf699b671"/>
    <sys_variable_value action="DELETE">
        <document>sys_hub_trigger_instance</document>
        <document_key>936c06652f4230103c5d9facf699b671</document_key>
        <order>100</order>
        <sys_class_name>sys_variable_value</sys_class_name>
        <sys_created_by>admin</sys_created_by>
        <sys_created_on>2021-08-18 11:41:55</sys_created_on>
        <sys_id>576c06652f4230103c5d9facf699b672</sys_id>
        <sys_mod_count>0</sys_mod_count>
        <sys_updated_by>admin</sys_updated_by>
        <sys_updated_on>2021-08-18 11:41:55</sys_updated_on>
        <value>^EQ</value>
        <variable display_value="Condition">66aadea0c31322002841b63b12d3aebf</variable>
    </sys_variable_value>
    <sys_variable_value action="DELETE">
        <document>sys_hub_trigger_instance</document>
        <document_key>936c06652f4230103c5d9facf699b671</document_key>
        <order>1</order>
        <sys_class_name>sys_variable_value</sys_class_name>
        <sys_created_by>admin</sys_created_by>
        <sys_created_on>2021-08-18 11:41:55</sys_created_on>
        <sys_id>df6c06652f4230103c5d9facf699b672</sys_id>
        <sys_mod_count>0</sys_mod_count>
        <sys_updated_by>admin</sys_updated_by>
        <sys_updated_on>2021-08-18 11:41:55</sys_updated_on>
        <value>x_661207_proacti_0_vm_deployment</value>
        <variable display_value="Table">cfca92e0c31322002841b63b12d3ae00</variable>
    </sys_variable_value>
    <sys_flow_cat_variable_model action="DELETE" query="id=4640c9412fc630103c5d9facf699b67b^sys_idNOT IN8a40c9412fc630103c5d9facf699b67d"/>
    <sys_flow_cat_variable_model action="DELETE">
        <id>4640c9412fc630103c5d9facf699b67b</id>
        <name>TestFlow</name>
        <sys_created_by>admin</sys_created_by>
        <sys_created_on>2021-08-16 16:52:16</sys_created_on>
        <sys_id>8a40c9412fc630103c5d9facf699b67d</sys_id>
        <sys_mod_count>0</sys_mod_count>
        <sys_scope/>
        <sys_updated_by>admin</sys_updated_by>
        <sys_updated_on>2021-08-16 16:52:16</sys_updated_on>
    </sys_flow_cat_variable_model>
    <sys_hub_flow_input action="DELETE" query="model=4640c9412fc630103c5d9facf699b67b^sys_idNOT IN176c06652f4230103c5d9facf699b66b,436c06652f4230103c5d9facf699b662"/>
    <sys_hub_flow_input action="DELETE">
        <active>true</active>
        <array>false</array>
        <array_denormalized>false</array_denormalized>
        <attributes>element_mapping_provider=com.glide.flow_design.action.data.FlowDesignVariableMapper,test_input_hidden=true,uiType=table_name,uiTypeLabel=Table Name</attributes>
        <audit>false</audit>
        <calculation><![CDATA[(function calculatedFieldValue(current) {

	// Add your code here
	return '';  // return the calculated value

})(current);]]></calculation>
        <choice/>
        <choice_field/>
        <choice_table/>
        <column_label/>
        <comments/>
        <create_roles/>
        <default_value/>
        <defaultsort/>
        <delete_roles/>
        <dependent/>
        <dependent_on_field/>
        <display>false</display>
        <dynamic_creation>false</dynamic_creation>
        <dynamic_creation_script/>
        <dynamic_default_value/>
        <dynamic_ref_qual/>
        <element>table_name</element>
        <element_reference>false</element_reference>
        <foreign_database/>
        <function_definition/>
        <function_field>false</function_field>
        <help/>
        <hint/>
        <internal_type display_value="">table_name</internal_type>
        <label>Table Name</label>
        <mandatory>false</mandatory>
        <max_length>200</max_length>
        <model display_value="TestFlow">4640c9412fc630103c5d9facf699b67b</model>
        <model_id>4640c9412fc630103c5d9facf699b67b</model_id>
        <model_table>sys_hub_flow</model_table>
        <name>var__m_sys_hub_flow_input_4640c9412fc630103c5d9facf699b67b</name>
        <next_element/>
        <order>101</order>
        <primary>false</primary>
        <read_only>false</read_only>
        <read_roles/>
        <reference/>
        <reference_cascade_rule/>
        <reference_floats>false</reference_floats>
        <reference_key/>
        <reference_qual/>
        <reference_qual_condition/>
        <reference_type/>
        <sizeclass/>
        <spell_check>false</spell_check>
        <staged>false</staged>
        <sys_class_name>sys_hub_flow_input</sys_class_name>
        <sys_created_by>admin</sys_created_by>
        <sys_created_on>2021-08-18 11:41:55</sys_created_on>
        <sys_id>176c06652f4230103c5d9facf699b66b</sys_id>
        <sys_mod_count>0</sys_mod_count>
        <sys_name/>
        <sys_package/>
        <sys_policy/>
        <sys_scope display_value="ProActive Workflows &amp; Scheduling">073851e22fe130103c5d9facf699b6d9</sys_scope>
        <sys_update_name/>
        <sys_updated_by>admin</sys_updated_by>
        <sys_updated_on>2021-08-18 11:41:55</sys_updated_on>
        <table_reference>false</table_reference>
        <text_index>false</text_index>
        <unique>false</unique>
        <use_dependent_field>false</use_dependent_field>
        <use_dynamic_default>false</use_dynamic_default>
        <use_reference_qualifier>simple</use_reference_qualifier>
        <virtual>false</virtual>
        <widget/>
        <write_roles/>
        <xml_view>false</xml_view>
    </sys_hub_flow_input>
    <sys_hub_flow_input action="DELETE">
        <active>true</active>
        <array>false</array>
        <array_denormalized>false</array_denormalized>
        <attributes>element_mapping_provider=com.glide.flow_design.action.data.FlowDesignVariableMapper,uiType=document_id,uiTypeLabel=Document ID</attributes>
        <audit>false</audit>
        <calculation><![CDATA[(function calculatedFieldValue(current) {

	// Add your code here
	return '';  // return the calculated value

})(current);]]></calculation>
        <choice/>
        <choice_field/>
        <choice_table/>
        <column_label/>
        <comments/>
        <create_roles/>
        <default_value/>
        <defaultsort/>
        <delete_roles/>
        <dependent/>
        <dependent_on_field/>
        <display>false</display>
        <dynamic_creation>false</dynamic_creation>
        <dynamic_creation_script/>
        <dynamic_default_value/>
        <dynamic_ref_qual/>
        <element>current</element>
        <element_reference>false</element_reference>
        <foreign_database/>
        <function_definition/>
        <function_field>false</function_field>
        <help/>
        <hint/>
        <internal_type display_value="">document_id</internal_type>
        <label>Record</label>
        <mandatory>true</mandatory>
        <max_length>200</max_length>
        <model display_value="TestFlow">4640c9412fc630103c5d9facf699b67b</model>
        <model_id>4640c9412fc630103c5d9facf699b67b</model_id>
        <model_table>sys_hub_flow</model_table>
        <name>var__m_sys_hub_flow_input_4640c9412fc630103c5d9facf699b67b</name>
        <next_element/>
        <order>100</order>
        <primary>false</primary>
        <read_only>false</read_only>
        <read_roles/>
        <reference/>
        <reference_cascade_rule/>
        <reference_floats>false</reference_floats>
        <reference_key/>
        <reference_qual/>
        <reference_qual_condition/>
        <reference_type/>
        <sizeclass/>
        <spell_check>false</spell_check>
        <staged>false</staged>
        <sys_class_name>sys_hub_flow_input</sys_class_name>
        <sys_created_by>admin</sys_created_by>
        <sys_created_on>2021-08-18 11:41:54</sys_created_on>
        <sys_id>436c06652f4230103c5d9facf699b662</sys_id>
        <sys_mod_count>0</sys_mod_count>
        <sys_name/>
        <sys_package/>
        <sys_policy/>
        <sys_scope display_value="ProActive Workflows &amp; Scheduling">073851e22fe130103c5d9facf699b6d9</sys_scope>
        <sys_update_name/>
        <sys_updated_by>admin</sys_updated_by>
        <sys_updated_on>2021-08-18 11:41:54</sys_updated_on>
        <table_reference>false</table_reference>
        <text_index>false</text_index>
        <unique>false</unique>
        <use_dependent_field>false</use_dependent_field>
        <use_dynamic_default>false</use_dynamic_default>
        <use_reference_qualifier>simple</use_reference_qualifier>
        <virtual>false</virtual>
        <widget/>
        <write_roles/>
        <xml_view>false</xml_view>
    </sys_hub_flow_input>
    <sys_hub_action_instance action="DELETE" query="flow=4640c9412fc630103c5d9facf699b67b^sys_idNOT IN576c06652f4230103c5d9facf699b677"/>
    <sys_hub_action_instance action="DELETE">
        <action_inputs/>
        <action_type display_value="Create Request">d97d7480737303001038234ffff6a7c2</action_type>
        <action_type_parent/>
        <comment/>
        <compiled_snapshot/>
        <display_text/>
        <flow display_value="TestFlow">4640c9412fc630103c5d9facf699b67b</flow>
        <order>1</order>
        <parent_ui_id/>
        <sys_class_name>sys_hub_action_instance</sys_class_name>
        <sys_created_by>admin</sys_created_by>
        <sys_created_on>2021-08-18 11:41:55</sys_created_on>
        <sys_id>576c06652f4230103c5d9facf699b677</sys_id>
        <sys_mod_count>2</sys_mod_count>
        <sys_scope display_value="ProActive Workflows &amp; Scheduling">073851e22fe130103c5d9facf699b6d9</sys_scope>
        <sys_updated_by>admin</sys_updated_by>
        <sys_updated_on>2021-08-18 11:41:55</sys_updated_on>
        <ui_id>3d1e045d-2729-483c-b5f8-78ec46af1aef</ui_id>
    </sys_hub_action_instance>
    <sys_variable_value action="DELETE" query="document_key=576c06652f4230103c5d9facf699b677"/>
    <sys_documentation action="DELETE" query="name=var__m_sys_hub_flow_input_4640c9412fc630103c5d9facf699b67b^sys_idNOT IN1b6c06652f4230103c5d9facf699b669,db6c06652f4230103c5d9facf699b66e"/>
    <sys_documentation action="DELETE">
        <element>current</element>
        <help/>
        <hint/>
        <label>Record</label>
        <language>en</language>
        <name>var__m_sys_hub_flow_input_4640c9412fc630103c5d9facf699b67b</name>
        <plural/>
        <sys_class_name>sys_documentation</sys_class_name>
        <sys_created_by>admin</sys_created_by>
        <sys_created_on>2021-08-18 11:41:55</sys_created_on>
        <sys_id>1b6c06652f4230103c5d9facf699b669</sys_id>
        <sys_mod_count>0</sys_mod_count>
        <sys_name/>
        <sys_package display_value="ProActive Workflows &amp; Scheduling" source="x_661207_proacti_0">073851e22fe130103c5d9facf699b6d9</sys_package>
        <sys_policy/>
        <sys_scope display_value="ProActive Workflows &amp; Scheduling">073851e22fe130103c5d9facf699b6d9</sys_scope>
        <sys_update_name/>
        <sys_updated_by>admin</sys_updated_by>
        <sys_updated_on>2021-08-18 11:41:55</sys_updated_on>
        <url/>
        <url_target/>
    </sys_documentation>
    <sys_documentation action="DELETE">
        <element>table_name</element>
        <help/>
        <hint/>
        <label>Table Name</label>
        <language>en</language>
        <name>var__m_sys_hub_flow_input_4640c9412fc630103c5d9facf699b67b</name>
        <plural/>
        <sys_class_name>sys_documentation</sys_class_name>
        <sys_created_by>admin</sys_created_by>
        <sys_created_on>2021-08-18 11:41:55</sys_created_on>
        <sys_id>db6c06652f4230103c5d9facf699b66e</sys_id>
        <sys_mod_count>0</sys_mod_count>
        <sys_name/>
        <sys_package display_value="ProActive Workflows &amp; Scheduling" source="x_661207_proacti_0">073851e22fe130103c5d9facf699b6d9</sys_package>
        <sys_policy/>
        <sys_scope display_value="ProActive Workflows &amp; Scheduling">073851e22fe130103c5d9facf699b6d9</sys_scope>
        <sys_update_name/>
        <sys_updated_by>admin</sys_updated_by>
        <sys_updated_on>2021-08-18 11:41:55</sys_updated_on>
        <url/>
        <url_target/>
    </sys_documentation>
    <sys_update_version action="INSERT_OR_UPDATE">
        <action>DELETE</action>
        <application display_value="ProActive Workflows &amp; Scheduling">073851e22fe130103c5d9facf699b6d9</application>
        <file_path/>
        <instance_id>4aa0f5fbdba0770049eac5970596191a</instance_id>
        <instance_name>dev79618</instance_name>
        <name>sys_hub_flow_4640c9412fc630103c5d9facf699b67b</name>
        <payload>&lt;?xml version="1.0" encoding="UTF-8"?&gt;&lt;record_update sys_domain="global" table="sys_hub_flow"&gt;&lt;sys_hub_flow action="INSERT_OR_UPDATE"&gt;&lt;access&gt;public&lt;/access&gt;&lt;acls/&gt;&lt;active&gt;false&lt;/active&gt;&lt;annotation/&gt;&lt;callable_by_client_api&gt;false&lt;/callable_by_client_api&gt;&lt;category/&gt;&lt;compiler_build/&gt;&lt;copied_from/&gt;&lt;copied_from_name/&gt;&lt;description&gt;Testing&lt;/description&gt;&lt;internal_name&gt;testflow&lt;/internal_name&gt;&lt;label_cache&gt;[{"name":"b5a8bab9-63de-4176-aa3e-58d96482721a.Incident","label":"1➛Incident","reference":"incident","reference_display":"Incident","type":"document_id","base_type":"document_id","attributes":{"element_mapping_provider":"com.glide.flow_design.action.data.FlowDesignVariableMapper"}},{"name":"3d1e045d-2729-483c-b5f8-78ec46af1aef.Request","label":"1➛Request","reference":"sc_request","reference_display":"Request","type":"document_id","base_type":"document_id","attributes":{"element_mapping_provider":"com.glide.flow_design.action.data.FlowDesignVariableMapper"}}]&lt;/label_cache&gt;&lt;latest_snapshot/&gt;&lt;master_snapshot/&gt;&lt;name&gt;TestFlow&lt;/name&gt;&lt;natlang/&gt;&lt;outputs/&gt;&lt;remote_trigger_id/&gt;&lt;run_as&gt;user&lt;/run_as&gt;&lt;run_with_roles/&gt;&lt;sc_callable&gt;false&lt;/sc_callable&gt;&lt;show_draft_actions&gt;false&lt;/show_draft_actions&gt;&lt;show_triggered_flows&gt;false&lt;/show_triggered_flows&gt;&lt;status&gt;draft&lt;/status&gt;&lt;sys_class_name&gt;sys_hub_flow&lt;/sys_class_name&gt;&lt;sys_created_by&gt;admin&lt;/sys_created_by&gt;&lt;sys_created_on&gt;2021-08-16 16:52:16&lt;/sys_created_on&gt;&lt;sys_domain&gt;global&lt;/sys_domain&gt;&lt;sys_domain_path&gt;/&lt;/sys_domain_path&gt;&lt;sys_id&gt;4640c9412fc630103c5d9facf699b67b&lt;/sys_id&gt;&lt;sys_mod_count&gt;1&lt;/sys_mod_count&gt;&lt;sys_name&gt;TestFlow&lt;/sys_name&gt;&lt;sys_overrides/&gt;&lt;sys_package display_value="ProActive Workflows &amp;amp; Scheduling" source="x_661207_proacti_0"&gt;073851e22fe130103c5d9facf699b6d9&lt;/sys_package&gt;&lt;sys_policy/&gt;&lt;sys_scope display_value="ProActive Workflows &amp;amp; Scheduling"&gt;073851e22fe130103c5d9facf699b6d9&lt;/sys_scope&gt;&lt;sys_update_name&gt;sys_hub_flow_4640c9412fc630103c5d9facf699b67b&lt;/sys_update_name&gt;&lt;sys_updated_by&gt;admin&lt;/sys_updated_by&gt;&lt;sys_updated_on&gt;2021-08-18 11:41:55&lt;/sys_updated_on&gt;&lt;type&gt;flow&lt;/type&gt;&lt;/sys_hub_flow&gt;&lt;sys_translated_text action="delete_multiple" query="documentkey=4640c9412fc630103c5d9facf699b67b"/&gt;&lt;sys_variable_value action="delete_multiple" query="document_key=4640c9412fc630103c5d9facf699b67b"/&gt;&lt;sys_hub_trigger_instance action="delete_multiple" query="flow=4640c9412fc630103c5d9facf699b67b^sys_idNOT IN936c06652f4230103c5d9facf699b671"/&gt;&lt;sys_hub_trigger_instance action="INSERT_OR_UPDATE"&gt;&lt;comment/&gt;&lt;display_text/&gt;&lt;flow display_value="TestFlow"&gt;4640c9412fc630103c5d9facf699b67b&lt;/flow&gt;&lt;name&gt;Created&lt;/name&gt;&lt;remote_sys_id/&gt;&lt;sys_created_by&gt;admin&lt;/sys_created_by&gt;&lt;sys_created_on&gt;2021-08-18 11:41:55&lt;/sys_created_on&gt;&lt;sys_id&gt;936c06652f4230103c5d9facf699b671&lt;/sys_id&gt;&lt;sys_mod_count&gt;1&lt;/sys_mod_count&gt;&lt;sys_scope/&gt;&lt;sys_updated_by&gt;admin&lt;/sys_updated_by&gt;&lt;sys_updated_on&gt;2021-08-18 11:41:55&lt;/sys_updated_on&gt;&lt;trigger_definition display_value="Created"&gt;798916a0c31322002841b63b12d3ae7c&lt;/trigger_definition&gt;&lt;trigger_inputs/&gt;&lt;trigger_outputs/&gt;&lt;trigger_type&gt;record_create&lt;/trigger_type&gt;&lt;/sys_hub_trigger_instance&gt;&lt;sys_variable_value action="delete_multiple" query="document_key=936c06652f4230103c5d9facf699b671"/&gt;&lt;sys_variable_value action="INSERT_OR_UPDATE"&gt;&lt;document&gt;sys_hub_trigger_instance&lt;/document&gt;&lt;document_key&gt;936c06652f4230103c5d9facf699b671&lt;/document_key&gt;&lt;order&gt;100&lt;/order&gt;&lt;sys_class_name&gt;sys_variable_value&lt;/sys_class_name&gt;&lt;sys_created_by&gt;admin&lt;/sys_created_by&gt;&lt;sys_created_on&gt;2021-08-18 11:41:55&lt;/sys_created_on&gt;&lt;sys_id&gt;576c06652f4230103c5d9facf699b672&lt;/sys_id&gt;&lt;sys_mod_count&gt;0&lt;/sys_mod_count&gt;&lt;sys_updated_by&gt;admin&lt;/sys_updated_by&gt;&lt;sys_updated_on&gt;2021-08-18 11:41:55&lt;/sys_updated_on&gt;&lt;value&gt;^EQ&lt;/value&gt;&lt;variable display_value="Condition"&gt;66aadea0c31322002841b63b12d3aebf&lt;/variable&gt;&lt;/sys_variable_value&gt;&lt;sys_variable_value action="INSERT_OR_UPDATE"&gt;&lt;document&gt;sys_hub_trigger_instance&lt;/document&gt;&lt;document_key&gt;936c06652f4230103c5d9facf699b671&lt;/document_key&gt;&lt;order&gt;1&lt;/order&gt;&lt;sys_class_name&gt;sys_variable_value&lt;/sys_class_name&gt;&lt;sys_created_by&gt;admin&lt;/sys_created_by&gt;&lt;sys_created_on&gt;2021-08-18 11:41:55&lt;/sys_created_on&gt;&lt;sys_id&gt;df6c06652f4230103c5d9facf699b672&lt;/sys_id&gt;&lt;sys_mod_count&gt;0&lt;/sys_mod_count&gt;&lt;sys_updated_by&gt;admin&lt;/sys_updated_by&gt;&lt;sys_updated_on&gt;2021-08-18 11:41:55&lt;/sys_updated_on&gt;&lt;value&gt;x_661207_proacti_0_vm_deployment&lt;/value&gt;&lt;variable display_value="Table"&gt;cfca92e0c31322002841b63b12d3ae00&lt;/variable&gt;&lt;/sys_variable_value&gt;&lt;sys_flow_cat_variable_model action="delete_multiple" query="id=4640c9412fc630103c5d9facf699b67b^sys_idNOT IN8a40c9412fc630103c5d9facf699b67d"/&gt;&lt;sys_flow_cat_variable_model action="INSERT_OR_UPDATE"&gt;&lt;id&gt;4640c9412fc630103c5d9facf699b67b&lt;/id&gt;&lt;name&gt;TestFlow&lt;/name&gt;&lt;sys_created_by&gt;admin&lt;/sys_created_by&gt;&lt;sys_created_on&gt;2021-08-16 16:52:16&lt;/sys_created_on&gt;&lt;sys_id&gt;8a40c9412fc630103c5d9facf699b67d&lt;/sys_id&gt;&lt;sys_mod_count&gt;0&lt;/sys_mod_count&gt;&lt;sys_scope/&gt;&lt;sys_updated_by&gt;admin&lt;/sys_updated_by&gt;&lt;sys_updated_on&gt;2021-08-16 16:52:16&lt;/sys_updated_on&gt;&lt;/sys_flow_cat_variable_model&gt;&lt;sys_hub_flow_input action="delete_multiple" query="model=4640c9412fc630103c5d9facf699b67b^sys_idNOT IN176c06652f4230103c5d9facf699b66b,436c06652f4230103c5d9facf699b662"/&gt;&lt;sys_hub_flow_input action="INSERT_OR_UPDATE"&gt;&lt;active&gt;true&lt;/active&gt;&lt;array&gt;false&lt;/array&gt;&lt;array_denormalized&gt;false&lt;/array_denormalized&gt;&lt;attributes&gt;element_mapping_provider=com.glide.flow_design.action.data.FlowDesignVariableMapper,test_input_hidden=true,uiType=table_name,uiTypeLabel=Table Name&lt;/attributes&gt;&lt;audit&gt;false&lt;/audit&gt;&lt;calculation&gt;&lt;![CDATA[(function calculatedFieldValue(current) {

	// Add your code here
	return '';  // return the calculated value

})(current);]]&gt;&lt;/calculation&gt;&lt;choice/&gt;&lt;choice_field/&gt;&lt;choice_table/&gt;&lt;column_label/&gt;&lt;comments/&gt;&lt;create_roles/&gt;&lt;default_value/&gt;&lt;defaultsort/&gt;&lt;delete_roles/&gt;&lt;dependent/&gt;&lt;dependent_on_field/&gt;&lt;display&gt;false&lt;/display&gt;&lt;dynamic_creation&gt;false&lt;/dynamic_creation&gt;&lt;dynamic_creation_script/&gt;&lt;dynamic_default_value/&gt;&lt;dynamic_ref_qual/&gt;&lt;element&gt;table_name&lt;/element&gt;&lt;element_reference&gt;false&lt;/element_reference&gt;&lt;foreign_database/&gt;&lt;function_definition/&gt;&lt;function_field&gt;false&lt;/function_field&gt;&lt;help/&gt;&lt;hint/&gt;&lt;internal_type display_value=""&gt;table_name&lt;/internal_type&gt;&lt;label&gt;Table Name&lt;/label&gt;&lt;mandatory&gt;false&lt;/mandatory&gt;&lt;max_length&gt;200&lt;/max_length&gt;&lt;model display_value="TestFlow"&gt;4640c9412fc630103c5d9facf699b67b&lt;/model&gt;&lt;model_id&gt;4640c9412fc630103c5d9facf699b67b&lt;/model_id&gt;&lt;model_table&gt;sys_hub_flow&lt;/model_table&gt;&lt;name&gt;var__m_sys_hub_flow_input_4640c9412fc630103c5d9facf699b67b&lt;/name&gt;&lt;next_element/&gt;&lt;order&gt;101&lt;/order&gt;&lt;primary&gt;false&lt;/primary&gt;&lt;read_only&gt;false&lt;/read_only&gt;&lt;read_roles/&gt;&lt;reference/&gt;&lt;reference_cascade_rule/&gt;&lt;reference_floats&gt;false&lt;/reference_floats&gt;&lt;reference_key/&gt;&lt;reference_qual/&gt;&lt;reference_qual_condition/&gt;&lt;reference_type/&gt;&lt;sizeclass/&gt;&lt;spell_check&gt;false&lt;/spell_check&gt;&lt;staged&gt;false&lt;/staged&gt;&lt;sys_class_name&gt;sys_hub_flow_input&lt;/sys_class_name&gt;&lt;sys_created_by&gt;admin&lt;/sys_created_by&gt;&lt;sys_created_on&gt;2021-08-18 11:41:55&lt;/sys_created_on&gt;&lt;sys_id&gt;176c06652f4230103c5d9facf699b66b&lt;/sys_id&gt;&lt;sys_mod_count&gt;0&lt;/sys_mod_count&gt;&lt;sys_name/&gt;&lt;sys_package/&gt;&lt;sys_policy/&gt;&lt;sys_scope display_value="ProActive Workflows &amp;amp; Scheduling"&gt;073851e22fe130103c5d9facf699b6d9&lt;/sys_scope&gt;&lt;sys_update_name/&gt;&lt;sys_updated_by&gt;admin&lt;/sys_updated_by&gt;&lt;sys_updated_on&gt;2021-08-18 11:41:55&lt;/sys_updated_on&gt;&lt;table_reference&gt;false&lt;/table_reference&gt;&lt;text_index&gt;false&lt;/text_index&gt;&lt;unique&gt;false&lt;/unique&gt;&lt;use_dependent_field&gt;false&lt;/use_dependent_field&gt;&lt;use_dynamic_default&gt;false&lt;/use_dynamic_default&gt;&lt;use_reference_qualifier&gt;simple&lt;/use_reference_qualifier&gt;&lt;virtual&gt;false&lt;/virtual&gt;&lt;widget/&gt;&lt;write_roles/&gt;&lt;xml_view&gt;false&lt;/xml_view&gt;&lt;/sys_hub_flow_input&gt;&lt;sys_hub_flow_input action="INSERT_OR_UPDATE"&gt;&lt;active&gt;true&lt;/active&gt;&lt;array&gt;false&lt;/array&gt;&lt;array_denormalized&gt;false&lt;/array_denormalized&gt;&lt;attributes&gt;element_mapping_provider=com.glide.flow_design.action.data.FlowDesignVariableMapper,uiType=document_id,uiTypeLabel=Document ID&lt;/attributes&gt;&lt;audit&gt;false&lt;/audit&gt;&lt;calculation&gt;&lt;![CDATA[(function calculatedFieldValue(current) {

	// Add your code here
	return '';  // return the calculated value

})(current);]]&gt;&lt;/calculation&gt;&lt;choice/&gt;&lt;choice_field/&gt;&lt;choice_table/&gt;&lt;column_label/&gt;&lt;comments/&gt;&lt;create_roles/&gt;&lt;default_value/&gt;&lt;defaultsort/&gt;&lt;delete_roles/&gt;&lt;dependent/&gt;&lt;dependent_on_field/&gt;&lt;display&gt;false&lt;/display&gt;&lt;dynamic_creation&gt;false&lt;/dynamic_creation&gt;&lt;dynamic_creation_script/&gt;&lt;dynamic_default_value/&gt;&lt;dynamic_ref_qual/&gt;&lt;element&gt;current&lt;/element&gt;&lt;element_reference&gt;false&lt;/element_reference&gt;&lt;foreign_database/&gt;&lt;function_definition/&gt;&lt;function_field&gt;false&lt;/function_field&gt;&lt;help/&gt;&lt;hint/&gt;&lt;internal_type display_value=""&gt;document_id&lt;/internal_type&gt;&lt;label&gt;Record&lt;/label&gt;&lt;mandatory&gt;true&lt;/mandatory&gt;&lt;max_length&gt;200&lt;/max_length&gt;&lt;model display_value="TestFlow"&gt;4640c9412fc630103c5d9facf699b67b&lt;/model&gt;&lt;model_id&gt;4640c9412fc630103c5d9facf699b67b&lt;/model_id&gt;&lt;model_table&gt;sys_hub_flow&lt;/model_table&gt;&lt;name&gt;var__m_sys_hub_flow_input_4640c9412fc630103c5d9facf699b67b&lt;/name&gt;&lt;next_element/&gt;&lt;order&gt;100&lt;/order&gt;&lt;primary&gt;false&lt;/primary&gt;&lt;read_only&gt;false&lt;/read_only&gt;&lt;read_roles/&gt;&lt;reference/&gt;&lt;reference_cascade_rule/&gt;&lt;reference_floats&gt;false&lt;/reference_floats&gt;&lt;reference_key/&gt;&lt;reference_qual/&gt;&lt;reference_qual_condition/&gt;&lt;reference_type/&gt;&lt;sizeclass/&gt;&lt;spell_check&gt;false&lt;/spell_check&gt;&lt;staged&gt;false&lt;/staged&gt;&lt;sys_class_name&gt;sys_hub_flow_input&lt;/sys_class_name&gt;&lt;sys_created_by&gt;admin&lt;/sys_created_by&gt;&lt;sys_created_on&gt;2021-08-18 11:41:54&lt;/sys_created_on&gt;&lt;sys_id&gt;436c06652f4230103c5d9facf699b662&lt;/sys_id&gt;&lt;sys_mod_count&gt;0&lt;/sys_mod_count&gt;&lt;sys_name/&gt;&lt;sys_package/&gt;&lt;sys_policy/&gt;&lt;sys_scope display_value="ProActive Workflows &amp;amp; Scheduling"&gt;073851e22fe130103c5d9facf699b6d9&lt;/sys_scope&gt;&lt;sys_update_name/&gt;&lt;sys_updated_by&gt;admin&lt;/sys_updated_by&gt;&lt;sys_updated_on&gt;2021-08-18 11:41:54&lt;/sys_updated_on&gt;&lt;table_reference&gt;false&lt;/table_reference&gt;&lt;text_index&gt;false&lt;/text_index&gt;&lt;unique&gt;false&lt;/unique&gt;&lt;use_dependent_field&gt;false&lt;/use_dependent_field&gt;&lt;use_dynamic_default&gt;false&lt;/use_dynamic_default&gt;&lt;use_reference_qualifier&gt;simple&lt;/use_reference_qualifier&gt;&lt;virtual&gt;false&lt;/virtual&gt;&lt;widget/&gt;&lt;write_roles/&gt;&lt;xml_view&gt;false&lt;/xml_view&gt;&lt;/sys_hub_flow_input&gt;&lt;sys_hub_action_instance action="delete_multiple" query="flow=4640c9412fc630103c5d9facf699b67b^sys_idNOT IN576c06652f4230103c5d9facf699b677"/&gt;&lt;sys_hub_action_instance action="INSERT_OR_UPDATE"&gt;&lt;action_inputs/&gt;&lt;action_type display_value="Create Request"&gt;d97d7480737303001038234ffff6a7c2&lt;/action_type&gt;&lt;action_type_parent/&gt;&lt;comment/&gt;&lt;compiled_snapshot/&gt;&lt;display_text/&gt;&lt;flow display_value="TestFlow"&gt;4640c9412fc630103c5d9facf699b67b&lt;/flow&gt;&lt;order&gt;1&lt;/order&gt;&lt;parent_ui_id/&gt;&lt;sys_class_name&gt;sys_hub_action_instance&lt;/sys_class_name&gt;&lt;sys_created_by&gt;admin&lt;/sys_created_by&gt;&lt;sys_created_on&gt;2021-08-18 11:41:55&lt;/sys_created_on&gt;&lt;sys_id&gt;576c06652f4230103c5d9facf699b677&lt;/sys_id&gt;&lt;sys_mod_count&gt;2&lt;/sys_mod_count&gt;&lt;sys_scope display_value="ProActive Workflows &amp;amp; Scheduling"&gt;073851e22fe130103c5d9facf699b6d9&lt;/sys_scope&gt;&lt;sys_updated_by&gt;admin&lt;/sys_updated_by&gt;&lt;sys_updated_on&gt;2021-08-18 11:41:55&lt;/sys_updated_on&gt;&lt;ui_id&gt;3d1e045d-2729-483c-b5f8-78ec46af1aef&lt;/ui_id&gt;&lt;/sys_hub_action_instance&gt;&lt;sys_variable_value action="delete_multiple" query="document_key=576c06652f4230103c5d9facf699b677"/&gt;&lt;sys_documentation action="delete_multiple" query="name=var__m_sys_hub_flow_input_4640c9412fc630103c5d9facf699b67b^sys_idNOT IN1b6c06652f4230103c5d9facf699b669,db6c06652f4230103c5d9facf699b66e"/&gt;&lt;sys_documentation action="INSERT_OR_UPDATE"&gt;&lt;element&gt;current&lt;/element&gt;&lt;help/&gt;&lt;hint/&gt;&lt;label&gt;Record&lt;/label&gt;&lt;language&gt;en&lt;/language&gt;&lt;name&gt;var__m_sys_hub_flow_input_4640c9412fc630103c5d9facf699b67b&lt;/name&gt;&lt;plural/&gt;&lt;sys_class_name&gt;sys_documentation&lt;/sys_class_name&gt;&lt;sys_created_by&gt;admin&lt;/sys_created_by&gt;&lt;sys_created_on&gt;2021-08-18 11:41:55&lt;/sys_created_on&gt;&lt;sys_id&gt;1b6c06652f4230103c5d9facf699b669&lt;/sys_id&gt;&lt;sys_mod_count&gt;0&lt;/sys_mod_count&gt;&lt;sys_name/&gt;&lt;sys_package display_value="ProActive Workflows &amp;amp; Scheduling" source="x_661207_proacti_0"&gt;073851e22fe130103c5d9facf699b6d9&lt;/sys_package&gt;&lt;sys_policy/&gt;&lt;sys_scope display_value="ProActive Workflows &amp;amp; Scheduling"&gt;073851e22fe130103c5d9facf699b6d9&lt;/sys_scope&gt;&lt;sys_update_name/&gt;&lt;sys_updated_by&gt;admin&lt;/sys_updated_by&gt;&lt;sys_updated_on&gt;2021-08-18 11:41:55&lt;/sys_updated_on&gt;&lt;url/&gt;&lt;url_target/&gt;&lt;/sys_documentation&gt;&lt;sys_documentation action="INSERT_OR_UPDATE"&gt;&lt;element&gt;table_name&lt;/element&gt;&lt;help/&gt;&lt;hint/&gt;&lt;label&gt;Table Name&lt;/label&gt;&lt;language&gt;en&lt;/language&gt;&lt;name&gt;var__m_sys_hub_flow_input_4640c9412fc630103c5d9facf699b67b&lt;/name&gt;&lt;plural/&gt;&lt;sys_class_name&gt;sys_documentation&lt;/sys_class_name&gt;&lt;sys_created_by&gt;admin&lt;/sys_created_by&gt;&lt;sys_created_on&gt;2021-08-18 11:41:55&lt;/sys_created_on&gt;&lt;sys_id&gt;db6c06652f4230103c5d9facf699b66e&lt;/sys_id&gt;&lt;sys_mod_count&gt;0&lt;/sys_mod_count&gt;&lt;sys_name/&gt;&lt;sys_package display_value="ProActive Workflows &amp;amp; Scheduling" source="x_661207_proacti_0"&gt;073851e22fe130103c5d9facf699b6d9&lt;/sys_package&gt;&lt;sys_policy/&gt;&lt;sys_scope display_value="ProActive Workflows &amp;amp; Scheduling"&gt;073851e22fe130103c5d9facf699b6d9&lt;/sys_scope&gt;&lt;sys_update_name/&gt;&lt;sys_updated_by&gt;admin&lt;/sys_updated_by&gt;&lt;sys_updated_on&gt;2021-08-18 11:41:55&lt;/sys_updated_on&gt;&lt;url/&gt;&lt;url_target/&gt;&lt;/sys_documentation&gt;&lt;/record_update&gt;</payload>
        <payload_hash>-1890594849</payload_hash>
        <record_name>TestFlow</record_name>
        <reverted_from/>
        <source>0b3851e22fe130103c5d9facf699b6db</source>
        <source_table>sys_update_set</source_table>
        <state>previous</state>
        <sys_created_by>admin</sys_created_by>
        <sys_created_on>2021-08-18 11:41:56</sys_created_on>
        <sys_id>ef6c06652f4230103c5d9facf699b68a</sys_id>
        <sys_mod_count>0</sys_mod_count>
        <sys_recorded_at>17b591160f60000001</sys_recorded_at>
        <sys_updated_by>admin</sys_updated_by>
        <sys_updated_on>2021-08-18 11:41:56</sys_updated_on>
        <type>Flow</type>
        <update_guid>e76c06650e42301081e695f8e600978a</update_guid>
        <update_guid_history>e76c06650e42301081e695f8e600978a:-1890594849,0240c941b1c630101e822058b9d72e82:385043686</update_guid_history>
    </sys_update_version>
    <sys_metadata_delete action="INSERT_OR_UPDATE">
        <sys_audit_delete/>
        <sys_class_name>sys_metadata_delete</sys_class_name>
        <sys_created_by>admin</sys_created_by>
        <sys_created_on>2021-08-19 14:41:27</sys_created_on>
        <sys_db_object display_value="" name="sys_hub_flow">sys_hub_flow</sys_db_object>
        <sys_id>0fac3c6a2bf34e649a5c27ec55fb54a9</sys_id>
        <sys_metadata>4640c9412fc630103c5d9facf699b67b</sys_metadata>
        <sys_mod_count>0</sys_mod_count>
        <sys_name>TestFlow</sys_name>
        <sys_package display_value="ProActive Workflows &amp; Scheduling" source="x_661207_proacti_0">073851e22fe130103c5d9facf699b6d9</sys_package>
        <sys_parent/>
        <sys_policy/>
        <sys_scope display_value="ProActive Workflows &amp; Scheduling">073851e22fe130103c5d9facf699b6d9</sys_scope>
        <sys_scope_delete display_value="">027723d347444b5d893c74fa450d5261</sys_scope_delete>
        <sys_update_name>sys_hub_flow_4640c9412fc630103c5d9facf699b67b</sys_update_name>
        <sys_update_version display_value="sys_hub_flow_4640c9412fc630103c5d9facf699b67b">ef6c06652f4230103c5d9facf699b68a</sys_update_version>
        <sys_updated_by>admin</sys_updated_by>
        <sys_updated_on>2021-08-19 14:41:27</sys_updated_on>
    </sys_metadata_delete>
</record_update>
