<?xml version="1.0" encoding="UTF-8"?><record_update table="sys_rest_message_fn_param_defs">
    <sys_rest_message_fn_param_defs action="DELETE">
        <name>password</name>
        <order>200</order>
        <rest_message_function display_value="Default GET">2fba19262fe130103c5d9facf699b661</rest_message_function>
        <sys_class_name>sys_rest_message_fn_param_defs</sys_class_name>
        <sys_created_by>admin</sys_created_by>
        <sys_created_on>2021-07-27 14:20:08</sys_created_on>
        <sys_id>b26c59ee2fa130103c5d9facf699b604</sys_id>
        <sys_mod_count>1</sys_mod_count>
        <sys_name>password</sys_name>
        <sys_package display_value="ProActive Workflows &amp; Scheduling" source="x_661207_proacti_0">073851e22fe130103c5d9facf699b6d9</sys_package>
        <sys_policy/>
        <sys_scope display_value="ProActive Workflows &amp; Scheduling">073851e22fe130103c5d9facf699b6d9</sys_scope>
        <sys_update_name>sys_rest_message_fn_param_defs_b26c59ee2fa130103c5d9facf699b604</sys_update_name>
        <sys_updated_by>admin</sys_updated_by>
        <sys_updated_on>2021-07-27 15:14:44</sys_updated_on>
        <value>${password}</value>
    </sys_rest_message_fn_param_defs>
    <sys_update_version action="INSERT_OR_UPDATE">
        <action>DELETE</action>
        <application display_value="ProActive Workflows &amp; Scheduling">073851e22fe130103c5d9facf699b6d9</application>
        <file_path/>
        <instance_id>4aa0f5fbdba0770049eac5970596191a</instance_id>
        <instance_name>dev79618</instance_name>
        <name>sys_rest_message_fn_param_defs_b26c59ee2fa130103c5d9facf699b604</name>
        <payload><![CDATA[<?xml version="1.0" encoding="UTF-8"?><record_update table="sys_rest_message_fn_param_defs"><sys_rest_message_fn_param_defs action="INSERT_OR_UPDATE"><name>password</name><order>200</order><rest_message_function display_value="Default GET">2fba19262fe130103c5d9facf699b661</rest_message_function><sys_class_name>sys_rest_message_fn_param_defs</sys_class_name><sys_created_by>admin</sys_created_by><sys_created_on>2021-07-27 14:20:08</sys_created_on><sys_id>b26c59ee2fa130103c5d9facf699b604</sys_id><sys_mod_count>1</sys_mod_count><sys_name>password</sys_name><sys_package display_value="ProActive Workflows &amp; Scheduling" source="x_661207_proacti_0">073851e22fe130103c5d9facf699b6d9</sys_package><sys_policy/><sys_scope display_value="ProActive Workflows &amp; Scheduling">073851e22fe130103c5d9facf699b6d9</sys_scope><sys_update_name>sys_rest_message_fn_param_defs_b26c59ee2fa130103c5d9facf699b604</sys_update_name><sys_updated_by>admin</sys_updated_by><sys_updated_on>2021-07-27 15:14:44</sys_updated_on><value>${password}</value></sys_rest_message_fn_param_defs></record_update>]]></payload>
        <payload_hash>1778454516</payload_hash>
        <record_name>password</record_name>
        <reverted_from/>
        <source>0b3851e22fe130103c5d9facf699b6db</source>
        <source_table>sys_update_set</source_table>
        <state>previous</state>
        <sys_created_by>admin</sys_created_by>
        <sys_created_on>2021-07-27 15:14:44</sys_created_on>
        <sys_id>6e2a61262f2130103c5d9facf699b651</sys_id>
        <sys_mod_count>0</sys_mod_count>
        <sys_recorded_at>17ae8884e1b0000001</sys_recorded_at>
        <sys_updated_by>admin</sys_updated_by>
        <sys_updated_on>2021-07-27 15:14:44</sys_updated_on>
        <type>HTTP Query Parameters</type>
        <update_guid>e62a6126fc213010702ca4a82565d751</update_guid>
        <update_guid_history>e62a6126fc213010702ca4a82565d751:1778454516,e6ad5da698e13010f082fa5a306a33f9:654235504</update_guid_history>
    </sys_update_version>
    <sys_metadata_delete action="INSERT_OR_UPDATE">
        <sys_audit_delete/>
        <sys_class_name>sys_metadata_delete</sys_class_name>
        <sys_created_by>admin</sys_created_by>
        <sys_created_on>2021-07-27 15:39:49</sys_created_on>
        <sys_db_object display_value="" name="sys_rest_message_fn_param_defs">sys_rest_message_fn_param_defs</sys_db_object>
        <sys_id>3412732a3fa1452cb7d8e823ebfff751</sys_id>
        <sys_metadata>b26c59ee2fa130103c5d9facf699b604</sys_metadata>
        <sys_mod_count>0</sys_mod_count>
        <sys_name>password</sys_name>
        <sys_package display_value="ProActive Workflows &amp; Scheduling" source="x_661207_proacti_0">073851e22fe130103c5d9facf699b6d9</sys_package>
        <sys_parent display_value="Login">2fba19262fe130103c5d9facf699b661</sys_parent>
        <sys_policy/>
        <sys_scope display_value="ProActive Workflows &amp; Scheduling">073851e22fe130103c5d9facf699b6d9</sys_scope>
        <sys_scope_delete display_value="">027723d347444b5d893c74fa450d5261</sys_scope_delete>
        <sys_update_name>sys_rest_message_fn_param_defs_b26c59ee2fa130103c5d9facf699b604</sys_update_name>
        <sys_update_version display_value="sys_rest_message_fn_param_defs_b26c59ee2fa130103c5d9facf699b604">6e2a61262f2130103c5d9facf699b651</sys_update_version>
        <sys_updated_by>admin</sys_updated_by>
        <sys_updated_on>2021-07-27 15:39:49</sys_updated_on>
    </sys_metadata_delete>
</record_update>
