<?xml version="1.0" encoding="UTF-8"?><record_update table="sys_rest_message_fn_headers">
    <sys_rest_message_fn_headers action="DELETE">
        <name>sessionid</name>
        <rest_message_function display_value="">c4cc441f2fa530103c5d9facf699b6f5</rest_message_function>
        <sys_class_name>sys_rest_message_fn_headers</sys_class_name>
        <sys_created_by>admin</sys_created_by>
        <sys_created_on>2021-07-29 16:25:58</sys_created_on>
        <sys_id>c8cccc1f2fa530103c5d9facf699b63e</sys_id>
        <sys_mod_count>0</sys_mod_count>
        <sys_name>sessionid</sys_name>
        <sys_package display_value="ProActive Workflows &amp; Scheduling" source="x_661207_proacti_0">073851e22fe130103c5d9facf699b6d9</sys_package>
        <sys_policy/>
        <sys_scope display_value="ProActive Workflows &amp; Scheduling">073851e22fe130103c5d9facf699b6d9</sys_scope>
        <sys_update_name>sys_rest_message_fn_headers_c8cccc1f2fa530103c5d9facf699b63e</sys_update_name>
        <sys_updated_by>admin</sys_updated_by>
        <sys_updated_on>2021-07-29 16:25:58</sys_updated_on>
        <value>${sessionid}</value>
    </sys_rest_message_fn_headers>
    <sys_update_version action="INSERT_OR_UPDATE">
        <action>DELETE</action>
        <application display_value="ProActive Workflows &amp; Scheduling">073851e22fe130103c5d9facf699b6d9</application>
        <file_path/>
        <instance_id>4aa0f5fbdba0770049eac5970596191a</instance_id>
        <instance_name>dev79618</instance_name>
        <name>sys_rest_message_fn_headers_c8cccc1f2fa530103c5d9facf699b63e</name>
        <payload><![CDATA[<?xml version="1.0" encoding="UTF-8"?><record_update table="sys_rest_message_fn_headers"><sys_rest_message_fn_headers action="INSERT_OR_UPDATE"><name>sessionid</name><rest_message_function display_value="">c4cc441f2fa530103c5d9facf699b6f5</rest_message_function><sys_class_name>sys_rest_message_fn_headers</sys_class_name><sys_created_by>admin</sys_created_by><sys_created_on>2021-07-29 16:25:58</sys_created_on><sys_id>c8cccc1f2fa530103c5d9facf699b63e</sys_id><sys_mod_count>0</sys_mod_count><sys_name>sessionid</sys_name><sys_package display_value="ProActive Workflows &amp; Scheduling" source="x_661207_proacti_0">073851e22fe130103c5d9facf699b6d9</sys_package><sys_policy/><sys_scope display_value="ProActive Workflows &amp; Scheduling">073851e22fe130103c5d9facf699b6d9</sys_scope><sys_update_name>sys_rest_message_fn_headers_c8cccc1f2fa530103c5d9facf699b63e</sys_update_name><sys_updated_by>admin</sys_updated_by><sys_updated_on>2021-07-29 16:25:58</sys_updated_on><value>${sessionid}</value></sys_rest_message_fn_headers></record_update>]]></payload>
        <payload_hash>-102762845</payload_hash>
        <record_name>sessionid</record_name>
        <reverted_from/>
        <source>0b3851e22fe130103c5d9facf699b6db</source>
        <source_table>sys_update_set</source_table>
        <state>previous</state>
        <sys_created_by>admin</sys_created_by>
        <sys_created_on>2021-07-29 16:25:58</sys_created_on>
        <sys_id>55ad0c1f2fa530103c5d9facf699b677</sys_id>
        <sys_mod_count>0</sys_mod_count>
        <sys_recorded_at>17af3163ae40000001</sys_recorded_at>
        <sys_updated_by>admin</sys_updated_by>
        <sys_updated_on>2021-07-29 16:25:58</sys_updated_on>
        <type>HTTP Headers</type>
        <update_guid>9dad0c1f97a5301088725864cd0cf676</update_guid>
        <update_guid_history>9dad0c1f97a5301088725864cd0cf676:-102762845</update_guid_history>
    </sys_update_version>
    <sys_metadata_delete action="INSERT_OR_UPDATE">
        <sys_audit_delete/>
        <sys_class_name>sys_metadata_delete</sys_class_name>
        <sys_created_by>admin</sys_created_by>
        <sys_created_on>2021-07-29 17:11:07</sys_created_on>
        <sys_db_object display_value="" name="sys_rest_message_fn_headers">sys_rest_message_fn_headers</sys_db_object>
        <sys_id>7bfbb7b3abb94bf5b647bdb6eec5c101</sys_id>
        <sys_metadata>c8cccc1f2fa530103c5d9facf699b63e</sys_metadata>
        <sys_mod_count>0</sys_mod_count>
        <sys_name>sessionid</sys_name>
        <sys_package display_value="ProActive Workflows &amp; Scheduling" source="x_661207_proacti_0">073851e22fe130103c5d9facf699b6d9</sys_package>
        <sys_parent display_value="Deploy Linux VM with parameters">c4cc441f2fa530103c5d9facf699b6f5</sys_parent>
        <sys_policy/>
        <sys_scope display_value="ProActive Workflows &amp; Scheduling">073851e22fe130103c5d9facf699b6d9</sys_scope>
        <sys_scope_delete display_value="">027723d347444b5d893c74fa450d5261</sys_scope_delete>
        <sys_update_name>sys_rest_message_fn_headers_c8cccc1f2fa530103c5d9facf699b63e</sys_update_name>
        <sys_update_version display_value="sys_rest_message_fn_headers_c8cccc1f2fa530103c5d9facf699b63e">55ad0c1f2fa530103c5d9facf699b677</sys_update_version>
        <sys_updated_by>admin</sys_updated_by>
        <sys_updated_on>2021-07-29 17:11:07</sys_updated_on>
    </sys_metadata_delete>
</record_update>
