<?xml version="1.0" encoding="UTF-8"?><record_update sys_domain="global" table="sys_ui_application">
    <sys_ui_application action="DELETE">
        <active>true</active>
        <hint/>
        <name>ddd</name>
        <order/>
        <roles>x_661207_proacti_0.proactive_server_user</roles>
        <sys_class_name>sys_ui_application</sys_class_name>
        <sys_created_by>admin</sys_created_by>
        <sys_created_on>2021-08-25 10:01:25</sys_created_on>
        <sys_domain>global</sys_domain>
        <sys_domain_path>/</sys_domain_path>
        <sys_id>e38831b72f4230103c5d9facf699b640</sys_id>
        <sys_mod_count>0</sys_mod_count>
        <sys_name>ddd</sys_name>
        <sys_overrides/>
        <sys_package display_value="ProActive Workflows &amp; Scheduling" source="x_661207_proacti_0">073851e22fe130103c5d9facf699b6d9</sys_package>
        <sys_policy/>
        <sys_scope display_value="ProActive Workflows &amp; Scheduling">073851e22fe130103c5d9facf699b6d9</sys_scope>
        <sys_update_name>sys_ui_application_e38831b72f4230103c5d9facf699b640</sys_update_name>
        <sys_updated_by>admin</sys_updated_by>
        <sys_updated_on>2021-08-25 10:01:25</sys_updated_on>
    </sys_ui_application>
    <sys_update_version action="INSERT_OR_UPDATE">
        <action>DELETE</action>
        <application display_value="ProActive Workflows &amp; Scheduling">073851e22fe130103c5d9facf699b6d9</application>
        <file_path/>
        <instance_id>4aa0f5fbdba0770049eac5970596191a</instance_id>
        <instance_name>dev79618</instance_name>
        <name>sys_ui_application_e38831b72f4230103c5d9facf699b640</name>
        <payload><![CDATA[<?xml version="1.0" encoding="UTF-8"?><record_update sys_domain="global" table="sys_ui_application"><sys_ui_application action="INSERT_OR_UPDATE"><active>true</active><hint/><name>ddd</name><order/><roles>x_661207_proacti_0.proactive_server_user</roles><sys_class_name>sys_ui_application</sys_class_name><sys_created_by>admin</sys_created_by><sys_created_on>2021-08-25 10:01:25</sys_created_on><sys_domain>global</sys_domain><sys_domain_path>/</sys_domain_path><sys_id>e38831b72f4230103c5d9facf699b640</sys_id><sys_mod_count>0</sys_mod_count><sys_name>ddd</sys_name><sys_overrides/><sys_package display_value="ProActive Workflows &amp; Scheduling" source="x_661207_proacti_0">073851e22fe130103c5d9facf699b6d9</sys_package><sys_policy/><sys_scope display_value="ProActive Workflows &amp; Scheduling">073851e22fe130103c5d9facf699b6d9</sys_scope><sys_update_name>sys_ui_application_e38831b72f4230103c5d9facf699b640</sys_update_name><sys_updated_by>admin</sys_updated_by><sys_updated_on>2021-08-25 10:01:25</sys_updated_on></sys_ui_application></record_update>]]></payload>
        <payload_hash>504990503</payload_hash>
        <record_name>ddd</record_name>
        <reverted_from/>
        <source>0b3851e22fe130103c5d9facf699b6db</source>
        <source_table>sys_update_set</source_table>
        <state>previous</state>
        <sys_created_by>admin</sys_created_by>
        <sys_created_on>2021-08-25 10:01:26</sys_created_on>
        <sys_id>2f8831b72f4230103c5d9facf699b642</sys_id>
        <sys_mod_count>0</sys_mod_count>
        <sys_recorded_at>17b7cc1e1230000001</sys_recorded_at>
        <sys_updated_by>admin</sys_updated_by>
        <sys_updated_on>2021-08-25 10:01:26</sys_updated_on>
        <type>Application Menu</type>
        <update_guid>678831b74a423010f500677df055d842</update_guid>
        <update_guid_history>678831b74a423010f500677df055d842:504990503</update_guid_history>
    </sys_update_version>
    <sys_metadata_delete action="INSERT_OR_UPDATE">
        <sys_audit_delete/>
        <sys_class_name>sys_metadata_delete</sys_class_name>
        <sys_created_by>admin</sys_created_by>
        <sys_created_on>2021-09-07 17:31:06</sys_created_on>
        <sys_db_object display_value="" name="sys_ui_application">sys_ui_application</sys_db_object>
        <sys_id>c2204992bbdf471f9c7c90b6e2970d09</sys_id>
        <sys_metadata>e38831b72f4230103c5d9facf699b640</sys_metadata>
        <sys_mod_count>0</sys_mod_count>
        <sys_name>ddd</sys_name>
        <sys_package display_value="ProActive Workflows &amp; Scheduling" source="x_661207_proacti_0">073851e22fe130103c5d9facf699b6d9</sys_package>
        <sys_parent/>
        <sys_policy/>
        <sys_scope display_value="ProActive Workflows &amp; Scheduling">073851e22fe130103c5d9facf699b6d9</sys_scope>
        <sys_scope_delete display_value="">027723d347444b5d893c74fa450d5261</sys_scope_delete>
        <sys_update_name>sys_ui_application_e38831b72f4230103c5d9facf699b640</sys_update_name>
        <sys_update_version display_value="sys_ui_application_e38831b72f4230103c5d9facf699b640">2f8831b72f4230103c5d9facf699b642</sys_update_version>
        <sys_updated_by>admin</sys_updated_by>
        <sys_updated_on>2021-09-07 17:31:06</sys_updated_on>
    </sys_metadata_delete>
</record_update>
