<?xml version="1.0" encoding="UTF-8"?><record_update table="sys_rest_message_fn_headers">
    <sys_rest_message_fn_headers action="DELETE">
        <name>content-type</name>
        <rest_message_function display_value="Submit job from file">4585dc612fd230103c5d9facf699b671</rest_message_function>
        <sys_class_name>sys_rest_message_fn_headers</sys_class_name>
        <sys_created_by>admin</sys_created_by>
        <sys_created_on>2021-09-01 15:23:42</sys_created_on>
        <sys_id>7ee40b8e2fde70103c5d9facf699b65a</sys_id>
        <sys_mod_count>2</sys_mod_count>
        <sys_name>content-type</sys_name>
        <sys_package display_value="ProActive Workflows &amp; Scheduling" source="x_661207_proacti_0">073851e22fe130103c5d9facf699b6d9</sys_package>
        <sys_policy/>
        <sys_scope display_value="ProActive Workflows &amp; Scheduling">073851e22fe130103c5d9facf699b6d9</sys_scope>
        <sys_update_name>sys_rest_message_fn_headers_7ee40b8e2fde70103c5d9facf699b65a</sys_update_name>
        <sys_updated_by>admin</sys_updated_by>
        <sys_updated_on>2021-09-01 16:08:00</sys_updated_on>
        <value>multipart/form-data; boundary=------WebKitFormBoundary7MA4YWxkTrZu0gW</value>
    </sys_rest_message_fn_headers>
    <sys_update_version action="INSERT_OR_UPDATE">
        <action>DELETE</action>
        <application display_value="ProActive Workflows &amp; Scheduling">073851e22fe130103c5d9facf699b6d9</application>
        <file_path/>
        <instance_id>4aa0f5fbdba0770049eac5970596191a</instance_id>
        <instance_name>dev79618</instance_name>
        <name>sys_rest_message_fn_headers_7ee40b8e2fde70103c5d9facf699b65a</name>
        <payload><![CDATA[<?xml version="1.0" encoding="UTF-8"?><record_update table="sys_rest_message_fn_headers"><sys_rest_message_fn_headers action="INSERT_OR_UPDATE"><name>content-type</name><rest_message_function display_value="Submit job from file">4585dc612fd230103c5d9facf699b671</rest_message_function><sys_class_name>sys_rest_message_fn_headers</sys_class_name><sys_created_by>admin</sys_created_by><sys_created_on>2021-09-01 15:23:42</sys_created_on><sys_id>7ee40b8e2fde70103c5d9facf699b65a</sys_id><sys_mod_count>2</sys_mod_count><sys_name>content-type</sys_name><sys_package display_value="ProActive Workflows &amp; Scheduling" source="x_661207_proacti_0">073851e22fe130103c5d9facf699b6d9</sys_package><sys_policy/><sys_scope display_value="ProActive Workflows &amp; Scheduling">073851e22fe130103c5d9facf699b6d9</sys_scope><sys_update_name>sys_rest_message_fn_headers_7ee40b8e2fde70103c5d9facf699b65a</sys_update_name><sys_updated_by>admin</sys_updated_by><sys_updated_on>2021-09-01 16:08:00</sys_updated_on><value>multipart/form-data; boundary=------WebKitFormBoundary7MA4YWxkTrZu0gW</value></sys_rest_message_fn_headers></record_update>]]></payload>
        <payload_hash>1853109295</payload_hash>
        <record_name>content-type</record_name>
        <reverted_from/>
        <source>0b3851e22fe130103c5d9facf699b6db</source>
        <source_table>sys_update_set</source_table>
        <state>previous</state>
        <sys_created_by>admin</sys_created_by>
        <sys_created_on>2021-09-01 16:08:01</sys_created_on>
        <sys_id>f99f07822f12b0103c5d9facf699b6a9</sys_id>
        <sys_mod_count>0</sys_mod_count>
        <sys_recorded_at>17ba21e03640000001</sys_recorded_at>
        <sys_updated_by>admin</sys_updated_by>
        <sys_updated_on>2021-09-01 16:08:01</sys_updated_on>
        <type>HTTP Headers</type>
        <update_guid>759f07823c12b0109327635ec49318a9</update_guid>
        <update_guid_history>759f07823c12b0109327635ec49318a9:1853109295,c8f783ce41de70104149120dd570864f:-2114439960,7c7543ce30de7010c305553fe8916012:1234951456</update_guid_history>
    </sys_update_version>
    <sys_metadata_delete action="INSERT_OR_UPDATE">
        <sys_audit_delete/>
        <sys_class_name>sys_metadata_delete</sys_class_name>
        <sys_created_by>admin</sys_created_by>
        <sys_created_on>2021-09-01 16:14:40</sys_created_on>
        <sys_db_object display_value="" name="sys_rest_message_fn_headers">sys_rest_message_fn_headers</sys_db_object>
        <sys_id>8efd1475850448ea99e11507384b3ba4</sys_id>
        <sys_metadata>7ee40b8e2fde70103c5d9facf699b65a</sys_metadata>
        <sys_mod_count>0</sys_mod_count>
        <sys_name>content-type</sys_name>
        <sys_package display_value="ProActive Workflows &amp; Scheduling" source="x_661207_proacti_0">073851e22fe130103c5d9facf699b6d9</sys_package>
        <sys_parent display_value="Submit job from file">4585dc612fd230103c5d9facf699b671</sys_parent>
        <sys_policy/>
        <sys_scope display_value="ProActive Workflows &amp; Scheduling">073851e22fe130103c5d9facf699b6d9</sys_scope>
        <sys_scope_delete display_value="">027723d347444b5d893c74fa450d5261</sys_scope_delete>
        <sys_update_name>sys_rest_message_fn_headers_7ee40b8e2fde70103c5d9facf699b65a</sys_update_name>
        <sys_update_version display_value="sys_rest_message_fn_headers_7ee40b8e2fde70103c5d9facf699b65a">f99f07822f12b0103c5d9facf699b6a9</sys_update_version>
        <sys_updated_by>admin</sys_updated_by>
        <sys_updated_on>2021-09-01 16:14:40</sys_updated_on>
    </sys_metadata_delete>
</record_update>
