<?xml version="1.0" encoding="UTF-8"?><record_update table="sys_rest_message_fn_parameters">
    <sys_rest_message_fn_parameters action="DELETE">
        <name>IMAGE_ID</name>
        <rest_message_function display_value="Submit job from catalog">c4cc441f2fa530103c5d9facf699b6f5</rest_message_function>
        <sys_class_name>sys_rest_message_fn_parameters</sys_class_name>
        <sys_created_by>admin</sys_created_by>
        <sys_created_on>2021-08-02 10:09:36</sys_created_on>
        <sys_id>45dd53142ff130103c5d9facf699b6bf</sys_id>
        <sys_mod_count>1</sys_mod_count>
        <sys_name>IMAGE_ID</sys_name>
        <sys_package display_value="ProActive Workflows &amp; Scheduling" source="x_661207_proacti_0">073851e22fe130103c5d9facf699b6d9</sys_package>
        <sys_policy/>
        <sys_scope display_value="ProActive Workflows &amp; Scheduling">073851e22fe130103c5d9facf699b6d9</sys_scope>
        <sys_update_name>sys_rest_message_fn_parameters_45dd53142ff130103c5d9facf699b6bf</sys_update_name>
        <sys_updated_by>admin</sys_updated_by>
        <sys_updated_on>2021-08-03 13:59:35</sys_updated_on>
        <type>string</type>
        <value>ami-08c757228751c5335</value>
    </sys_rest_message_fn_parameters>
    <sys_update_version action="INSERT_OR_UPDATE">
        <action>DELETE</action>
        <application display_value="ProActive Workflows &amp; Scheduling">073851e22fe130103c5d9facf699b6d9</application>
        <file_path/>
        <instance_id>4aa0f5fbdba0770049eac5970596191a</instance_id>
        <instance_name>dev79618</instance_name>
        <name>sys_rest_message_fn_parameters_45dd53142ff130103c5d9facf699b6bf</name>
        <payload><![CDATA[<?xml version="1.0" encoding="UTF-8"?><record_update table="sys_rest_message_fn_parameters"><sys_rest_message_fn_parameters action="INSERT_OR_UPDATE"><name>IMAGE_ID</name><rest_message_function display_value="Submit job from catalog">c4cc441f2fa530103c5d9facf699b6f5</rest_message_function><sys_class_name>sys_rest_message_fn_parameters</sys_class_name><sys_created_by>admin</sys_created_by><sys_created_on>2021-08-02 10:09:36</sys_created_on><sys_id>45dd53142ff130103c5d9facf699b6bf</sys_id><sys_mod_count>1</sys_mod_count><sys_name>IMAGE_ID</sys_name><sys_package display_value="ProActive Workflows &amp; Scheduling" source="x_661207_proacti_0">073851e22fe130103c5d9facf699b6d9</sys_package><sys_policy/><sys_scope display_value="ProActive Workflows &amp; Scheduling">073851e22fe130103c5d9facf699b6d9</sys_scope><sys_update_name>sys_rest_message_fn_parameters_45dd53142ff130103c5d9facf699b6bf</sys_update_name><sys_updated_by>admin</sys_updated_by><sys_updated_on>2021-08-03 13:59:35</sys_updated_on><type>string</type><value>ami-08c757228751c5335</value></sys_rest_message_fn_parameters></record_update>]]></payload>
        <payload_hash>2121629736</payload_hash>
        <record_name>IMAGE_ID</record_name>
        <reverted_from/>
        <source>0b3851e22fe130103c5d9facf699b6db</source>
        <source_table>sys_update_set</source_table>
        <state>previous</state>
        <sys_created_by>admin</sys_created_by>
        <sys_created_on>2021-08-03 13:59:36</sys_created_on>
        <sys_id>821c51f42f7130103c5d9facf699b621</sys_id>
        <sys_mod_count>0</sys_mod_count>
        <sys_recorded_at>17b0c5006040000001</sys_recorded_at>
        <sys_updated_by>admin</sys_updated_by>
        <sys_updated_on>2021-08-03 13:59:36</sys_updated_on>
        <type>Variable Substitutions</type>
        <update_guid>ca1c51f4da7130104e5bd664342f1120</update_guid>
        <update_guid_history>ca1c51f4da7130104e5bd664342f1120:2121629736,17dd9bd0ddf13010078160023ac579de:-1767752627</update_guid_history>
    </sys_update_version>
    <sys_metadata_delete action="INSERT_OR_UPDATE">
        <sys_audit_delete/>
        <sys_class_name>sys_metadata_delete</sys_class_name>
        <sys_created_by>admin</sys_created_by>
        <sys_created_on>2021-08-04 13:39:34</sys_created_on>
        <sys_db_object display_value="" name="sys_rest_message_fn_parameters">sys_rest_message_fn_parameters</sys_db_object>
        <sys_id>16f669a640b143fa830d2b21ca2c2644</sys_id>
        <sys_metadata>45dd53142ff130103c5d9facf699b6bf</sys_metadata>
        <sys_mod_count>0</sys_mod_count>
        <sys_name>IMAGE_ID</sys_name>
        <sys_package display_value="ProActive Workflows &amp; Scheduling" source="x_661207_proacti_0">073851e22fe130103c5d9facf699b6d9</sys_package>
        <sys_parent display_value="Deploy Linux VM with parameters">c4cc441f2fa530103c5d9facf699b6f5</sys_parent>
        <sys_policy/>
        <sys_scope display_value="ProActive Workflows &amp; Scheduling">073851e22fe130103c5d9facf699b6d9</sys_scope>
        <sys_scope_delete display_value="">027723d347444b5d893c74fa450d5261</sys_scope_delete>
        <sys_update_name>sys_rest_message_fn_parameters_45dd53142ff130103c5d9facf699b6bf</sys_update_name>
        <sys_update_version display_value="sys_rest_message_fn_parameters_45dd53142ff130103c5d9facf699b6bf">821c51f42f7130103c5d9facf699b621</sys_update_version>
        <sys_updated_by>admin</sys_updated_by>
        <sys_updated_on>2021-08-04 13:39:34</sys_updated_on>
    </sys_metadata_delete>
</record_update>
